Rank,Player,FG,FGA,PCT,LG,1-19,20-29,30-39,40-49,50+,XPT,XPA,G,FPTS,FPTS/G,ROST,Score,week
67.0,Chris Boswell,6.0,6.0,100.0,57,0.0,1.0,0.0,2.0,3.0,0,0,1,26.0,26.0,72.5%,42.5,1
67.0,Jake Moody,6.0,6.0,100.0,53,0.0,1.0,1.0,2.0,2.0,2,2,1,26.0,26.0,12.5%,42.5,1
66.0,Blake Grupe,4.0,4.0,100.0,57,0.0,0.0,1.0,1.0,2.0,5,5,1,22.0,22.0,3.8%,38.2,1
65.0,Brandon Aubrey,4.0,4.0,100.0,57,0.0,0.0,0.0,2.0,2.0,3,3,1,21.0,21.0,96.6%,37.49999999999999,1
64.0,Ka'imi Fairbairn,3.0,3.0,100.0,51,0.0,0.0,0.0,0.0,3.0,2,2,1,17.0,17.0,64.5%,34.0,1
63.0,Chase McLaughlin,3.0,3.0,100.0,56,0.0,1.0,1.0,0.0,1.0,4,4,1,15.0,15.0,70.4%,32.7,1
62.0,Cairo Santos,3.0,3.0,100.0,50,0.0,1.0,0.0,1.0,1.0,1,1,1,13.0,13.0,16.2%,31.3,1
61.0,Cameron Dicker,3.0,3.0,100.0,53,0.0,2.0,0.0,0.0,1.0,1,1,1,12.0,12.0,91.7%,30.700000000000003,1
60.0,Wil Lutz,3.0,3.0,100.0,45,0.0,0.0,2.0,1.0,0.0,1,1,1,11.0,11.0,35.8%,29.8,1
59.0,Joey Slye,3.0,3.0,100.0,37,0.0,0.0,3.0,0.0,0.0,1,1,1,10.0,10.0,2.7%,29.1,1
57.0,Jake Elliott,2.0,2.0,100.0,38,0.0,1.0,1.0,0.0,0.0,4,4,1,10.0,10.0,60.6%,28.5,1
57.0,Jason Myers,2.0,2.0,100.0,50,0.0,1.0,0.0,0.0,1.0,2,2,1,10.0,10.0,9.6%,28.5,1
56.0,Tyler Bass,2.0,2.0,100.0,39,0.0,0.0,2.0,0.0,0.0,4,4,1,10.0,10.0,60.3%,28.4,1
55.0,Joshua Karty,2.0,2.0,100.0,41,0.0,1.0,0.0,1.0,0.0,2,2,1,9.0,9.0,12.1%,27.8,1
54.0,Harrison Butker,2.0,2.0,100.0,32,0.0,0.0,2.0,0.0,0.0,3,3,1,9.0,9.0,69.9%,27.7,1
51.0,Graham Gano,2.0,2.0,100.0,50,0.0,1.0,0.0,0.0,1.0,0,0,1,8.0,8.0,3.3%,27.099999999999998,1
51.0,Jake Bates,2.0,2.0,100.0,32,0.0,1.0,1.0,0.0,0.0,2,2,1,8.0,8.0,92.2%,27.099999999999998,1
51.0,Matt Prater,2.0,2.0,100.0,31,0.0,1.0,1.0,0.0,0.0,2,2,1,8.0,8.0,0.9%,27.099999999999998,1
49.0,Cam Little,1.0,1.0,100.0,53,0.0,0.0,0.0,0.0,1.0,2,2,1,7.0,7.0,5.2%,25.600000000000005,1
49.0,Dustin Hopkins,1.0,1.0,100.0,51,0.0,0.0,0.0,0.0,1.0,2,2,1,7.0,7.0,2.7%,25.600000000000005,1
48.0,Brayden Narveson,3.0,4.0,75.0,31,0.0,2.0,1.0,0.0,0.0,2,2,1,11.0,11.0,0.7%,25.2,1
46.0,Evan McPherson,1.0,1.0,100.0,51,0.0,0.0,0.0,0.0,1.0,1,1,1,6.0,6.0,45.5%,24.900000000000002,1
46.0,Nick Folk,1.0,1.0,100.0,40,0.0,0.0,0.0,1.0,0.0,2,2,1,6.0,6.0,1.0%,24.900000000000002,1
45.0,Eddy Pineiro,1.0,1.0,100.0,43,0.0,0.0,0.0,1.0,0.0,1,1,1,5.0,5.0,1.4%,24.200000000000003,1
44.0,Younghoe Koo,1.0,1.0,100.0,24,0.0,1.0,0.0,0.0,0.0,1,1,1,4.0,4.0,21.6%,23.6,1
43.0,Jason Sanders,2.0,3.0,66.7,52,0.0,0.0,1.0,0.0,1.0,2,2,1,10.0,10.0,46.1%,21.94,1
42.0,Justin Tucker,2.0,3.0,66.7,32,0.0,1.0,1.0,0.0,0.0,2,2,1,8.0,8.0,14.6%,20.64,1
41.0,Daniel Carlson,1.0,2.0,50.0,32,0.0,0.0,1.0,0.0,0.0,1,1,1,4.0,4.0,15.2%,13.7,1
40.0,Will Reichard,0.0,0.0,0.0,0,0.0,0.0,0.0,0.0,0.0,4,4,1,4.0,4.0,13.4%,2.8,1
39.0,Spencer Shrader,0.0,0.0,0.0,0,0.0,0.0,0.0,0.0,0.0,3,3,1,3.0,3.0,1.9%,2.1,1
38.0,Cade York,0.0,2.0,0.0,0,0.0,0.0,0.0,0.0,0.0,2,2,1,2.0,2.0,2.9%,1.8000000000000003,1
37.0,Greg Zuerlein,0.0,0.0,0.0,0,0.0,0.0,0.0,0.0,0.0,1,1,1,1.0,1.0,1.6%,0.7,1
68.0,Austin Seibert,7.0,7.0,100.0,45,0.0,4.0,2.0,1.0,0.0,0,0,1,22.0,22.0,0.7%,40.7,2
67.0,Ka'imi Fairbairn,4.0,4.0,100.0,59,0.0,0.0,0.0,1.0,3.0,1,1,1,20.0,20.0,64.5%,36.8,2
66.0,Daniel Carlson,4.0,4.0,100.0,53,0.0,1.0,1.0,0.0,2.0,2,2,1,18.0,18.0,15.2%,35.5,2
65.0,Brandon Aubrey,4.0,4.0,100.0,52,0.0,0.0,1.0,2.0,1.0,1,1,1,17.0,17.0,96.6%,34.7,2
64.0,Evan McPherson,4.0,4.0,100.0,53,0.0,1.0,1.0,1.0,1.0,1,2,1,16.0,16.0,45.5%,34.1,2
62.0,Matt Prater,2.0,2.0,100.0,57,0.0,0.0,0.0,1.0,1.0,5,5,1,14.0,14.0,0.9%,31.200000000000003,2
62.0,Dustin Hopkins,3.0,3.0,100.0,53,0.0,0.0,1.0,1.0,1.0,1,1,1,13.0,13.0,2.7%,31.200000000000003,2
61.0,Jason Myers,3.0,3.0,100.0,44,0.0,0.0,2.0,1.0,0.0,2,2,1,12.0,12.0,9.6%,30.5,2
60.0,Will Reichard,3.0,3.0,100.0,39,0.0,2.0,1.0,0.0,0.0,2,2,1,11.0,11.0,13.4%,30.000000000000004,2
58.0,Younghoe Koo,3.0,3.0,100.0,39,0.0,1.0,2.0,0.0,0.0,1,1,1,10.0,10.0,21.6%,29.2,2
58.0,Jake Bates,3.0,3.0,100.0,35,0.0,1.0,2.0,0.0,0.0,1,1,1,10.0,10.0,92.2%,29.2,2
57.0,Cairo Santos,2.0,2.0,100.0,54,0.0,0.0,0.0,0.0,2.0,1,1,1,11.0,11.0,16.2%,29.099999999999998,2
55.0,Harrison Butker,2.0,2.0,100.0,51,1.0,0.0,0.0,0.0,1.0,2,2,1,10.0,10.0,69.9%,28.400000000000002,2
55.0,Chase McLaughlin,2.0,2.0,100.0,55,0.0,0.0,1.0,0.0,1.0,2,2,1,10.0,10.0,70.4%,28.400000000000002,2
54.0,Cameron Dicker,2.0,2.0,100.0,46,0.0,0.0,0.0,2.0,0.0,2,3,1,10.0,10.0,91.7%,28.4,2
53.0,Chris Boswell,2.0,2.0,100.0,53,0.0,1.0,0.0,0.0,1.0,1,1,1,9.0,9.0,72.5%,27.8,2
52.0,Jake Elliott,2.0,2.0,100.0,29,0.0,2.0,0.0,0.0,0.0,1,1,1,7.0,7.0,60.6%,26.5,2
50.0,Justin Tucker,3.0,4.0,75.0,48,0.0,0.0,1.0,2.0,0.0,2,2,1,13.0,13.0,14.6%,26.4,2
50.0,Blake Grupe,1.0,1.0,100.0,26,0.0,1.0,0.0,0.0,0.0,5,6,1,8.0,8.0,3.8%,26.4,2
49.0,Brayden Narveson,3.0,4.0,75.0,46,0.0,0.0,1.0,2.0,0.0,1,1,1,12.0,12.0,0.7%,25.700000000000003,2
48.0,Wil Lutz,2.0,2.0,100.0,35,0.0,1.0,1.0,0.0,0.0,0,0,1,6.0,6.0,35.8%,25.7,2
46.0,Nick Folk,1.0,1.0,100.0,41,0.0,0.0,0.0,1.0,0.0,2,2,1,6.0,6.0,1.0%,24.900000000000002,2
46.0,Greg Zuerlein,1.0,1.0,100.0,33,0.0,0.0,1.0,0.0,0.0,3,3,1,6.0,6.0,1.6%,24.900000000000002,2
45.0,Jake Moody,1.0,1.0,100.0,31,0.0,0.0,1.0,0.0,0.0,2,2,1,5.0,5.0,12.5%,24.200000000000003,2
44.0,Joshua Karty,1.0,1.0,100.0,29,0.0,1.0,0.0,0.0,0.0,1,1,1,4.0,4.0,12.1%,23.6,2
43.0,Jason Sanders,1.0,1.0,100.0,34,0.0,0.0,1.0,0.0,0.0,1,1,1,4.0,4.0,46.1%,23.500000000000004,2
42.0,Eddy Pineiro,1.0,1.0,100.0,38,0.0,0.0,1.0,0.0,0.0,0,0,1,3.0,3.0,1.4%,22.8,2
41.0,Joey Slye,2.0,3.0,66.7,29,0.0,2.0,0.0,0.0,0.0,2,2,1,8.0,8.0,2.7%,20.740000000000002,2
40.0,Cam Little,2.0,3.0,66.7,25,0.0,2.0,0.0,0.0,0.0,1,1,1,7.0,7.0,5.2%,20.040000000000003,2
39.0,Tyler Bass,1.0,2.0,50.0,43,0.0,0.0,0.0,1.0,0.0,4,4,1,8.0,8.0,60.3%,16.5,2
38.0,Matt Gay,1.0,2.0,50.0,34,0.0,0.0,1.0,0.0,0.0,1,1,1,4.0,4.0,16.6%,13.7,2
1.0,Matthew Wright,0.0,0.0,0.0,0,0.0,0.0,0.0,0.0,0.0,0,0,0,0.0,0.0,2.3%,0.0,2
68.0,Wil Lutz,4.0,4.0,100.0,43,0.0,0.0,2.0,2.0,0.0,2,2,1,16.0,16.0,35.8%,33.99999999999999,3
67.0,Brayden Narveson,3.0,3.0,100.0,47,0.0,2.0,0.0,1.0,0.0,3,3,1,13.0,13.0,0.7%,31.4,3
65.0,Eddy Pineiro,3.0,3.0,100.0,43,0.0,1.0,1.0,1.0,0.0,3,3,1,13.0,13.0,1.4%,31.3,3
65.0,Harrison Butker,3.0,3.0,100.0,53,0.0,1.0,0.0,1.0,1.0,1,2,1,13.0,13.0,69.9%,31.3,3
64.0,Tyler Bass,2.0,2.0,100.0,43,0.0,1.0,0.0,1.0,0.0,5,6,1,12.0,12.0,60.3%,29.9,3
63.0,Will Reichard,2.0,2.0,100.0,58,0.0,0.0,1.0,0.0,1.0,4,4,1,12.0,12.0,13.4%,29.800000000000004,3
62.0,Brandon Aubrey,2.0,2.0,100.0,65,0.0,0.0,0.0,0.0,2.0,1,1,1,11.0,11.0,96.6%,29.099999999999998,3
60.0,Matt Prater,2.0,2.0,100.0,45,0.0,0.0,0.0,2.0,0.0,1,1,1,9.0,9.0,0.9%,27.7,3
60.0,Joshua Karty,2.0,2.0,100.0,37,0.0,0.0,2.0,0.0,0.0,3,3,1,9.0,9.0,12.1%,27.7,3
59.0,Austin Seibert,1.0,1.0,100.0,42,0.0,0.0,0.0,1.0,0.0,5,5,1,9.0,9.0,0.7%,27.000000000000004,3
58.0,Younghoe Koo,1.0,1.0,100.0,54,0.0,0.0,0.0,0.0,1.0,2,2,1,7.0,7.0,21.6%,25.600000000000005,3
57.0,Blake Grupe,2.0,2.0,100.0,38,0.0,0.0,2.0,0.0,0.0,0,0,1,6.0,6.0,3.8%,25.599999999999998,3
56.0,Cam Little,1.0,1.0,100.0,41,0.0,0.0,0.0,1.0,0.0,1,1,1,5.0,5.0,5.2%,24.200000000000003,3
55.0,Cameron Dicker,1.0,1.0,100.0,28,0.0,1.0,0.0,0.0,0.0,1,1,1,4.0,4.0,91.7%,23.6,3
54.0,Joey Slye,1.0,1.0,100.0,44,0.0,0.0,0.0,1.0,0.0,0,0,1,4.0,4.0,2.7%,23.500000000000004,3
53.0,Evan McPherson,2.0,3.0,66.7,31,0.0,1.0,1.0,0.0,0.0,3,3,1,9.0,9.0,45.5%,21.34,3
52.0,Chris Boswell,2.0,3.0,66.7,38,0.0,0.0,2.0,0.0,0.0,2,2,1,8.0,8.0,72.5%,20.54,3
51.0,Jason Myers,1.0,2.0,50.0,56,0.0,0.0,0.0,0.0,1.0,3,3,1,8.0,8.0,9.6%,16.5,3
49.0,Greg Zuerlein,1.0,2.0,50.0,28,0.0,1.0,0.0,0.0,0.0,3,3,1,6.0,6.0,1.6%,15.2,3
49.0,Jake Moody,1.0,2.0,50.0,26,0.0,1.0,0.0,0.0,0.0,3,3,1,6.0,6.0,12.5%,15.2,3
48.0,Cairo Santos,1.0,2.0,50.0,53,0.0,0.0,0.0,0.0,1.0,1,1,1,6.0,6.0,16.2%,15.100000000000001,3
47.0,Jason Sanders,1.0,2.0,50.0,23,0.0,1.0,0.0,0.0,0.0,0,0,1,3.0,3.0,46.1%,13.1,3
46.0,Justin Tucker,0.0,1.0,0.0,0,0.0,0.0,0.0,0.0,0.0,4,4,1,4.0,4.0,14.6%,3.0,3
45.0,Greg Joseph,0.0,1.0,0.0,0,0.0,0.0,0.0,0.0,0.0,3,3,1,3.0,3.0,0.7%,2.3,3
44.0,Matt Gay,0.0,0.0,0.0,0,0.0,0.0,0.0,0.0,0.0,3,3,1,3.0,3.0,16.6%,2.1,3
43.0,Daniel Carlson,0.0,1.0,0.0,0,0.0,0.0,0.0,0.0,0.0,2,2,1,2.0,2.0,15.2%,1.6,3
41.0,Jake Bates,0.0,0.0,0.0,0,0.0,0.0,0.0,0.0,0.0,2,3,1,2.0,2.0,92.2%,1.4,3
41.0,Nick Folk,0.0,0.0,0.0,0,0.0,0.0,0.0,0.0,0.0,2,2,1,2.0,2.0,1.0%,1.4,3
38.0,Dustin Hopkins,0.0,1.0,0.0,0,0.0,0.0,0.0,0.0,0.0,1,1,1,1.0,1.0,2.7%,0.9000000000000001,3
38.0,Jake Elliott,0.0,1.0,0.0,0,0.0,0.0,0.0,0.0,0.0,1,1,1,1.0,1.0,60.6%,0.9000000000000001,3
38.0,Ka'imi Fairbairn,0.0,1.0,0.0,0,0.0,0.0,0.0,0.0,0.0,1,1,1,1.0,1.0,64.5%,0.9000000000000001,3
37.0,Chase McLaughlin,0.0,0.0,0.0,0,0.0,0.0,0.0,0.0,0.0,1,1,1,1.0,1.0,70.4%,0.7,3
68.0,Nick Folk,5.0,5.0,100.0,53,0.0,1.0,0.0,1.0,3.0,2,2,1,24.0,24.0,1.0%,40.400000000000006,4
67.0,Greg Joseph,5.0,5.0,100.0,52,0.0,1.0,1.0,2.0,1.0,0,0,1,19.0,19.0,0.7%,36.900000000000006,4
66.0,Younghoe Koo,4.0,4.0,100.0,58,0.0,0.0,0.0,2.0,2.0,2,2,1,20.0,20.0,21.6%,36.8,4
65.0,Jake Moody,3.0,3.0,100.0,41,0.0,2.0,0.0,1.0,0.0,3,3,1,13.0,13.0,12.5%,31.4,4
64.0,Evan McPherson,2.0,2.0,100.0,56,0.0,0.0,0.0,1.0,1.0,4,4,1,13.0,13.0,45.5%,30.5,4
63.0,Joshua Karty,4.0,5.0,80.0,52,0.0,1.0,1.0,1.0,1.0,0,0,1,15.0,15.0,12.1%,29.600000000000005,4
62.0,Chase McLaughlin,2.0,2.0,100.0,52,0.0,1.0,0.0,0.0,1.0,3,4,1,11.0,11.0,70.4%,29.2,4
60.0,Cam Little,2.0,2.0,100.0,52,0.0,0.0,0.0,1.0,1.0,2,2,1,11.0,11.0,5.2%,29.100000000000005,4
60.0,Austin Seibert,2.0,2.0,100.0,45,0.0,0.0,1.0,1.0,0.0,4,4,1,11.0,11.0,0.7%,29.100000000000005,4
59.0,Joey Slye,2.0,2.0,100.0,63,0.0,0.0,0.0,0.0,2.0,1,1,1,11.0,11.0,2.7%,29.099999999999998,4
58.0,Daniel Carlson,2.0,2.0,100.0,52,0.0,0.0,1.0,0.0,1.0,2,2,1,10.0,10.0,15.2%,28.400000000000002,4
57.0,Jason Sanders,2.0,2.0,100.0,56,0.0,0.0,0.0,1.0,1.0,0,0,1,9.0,9.0,46.1%,27.700000000000003,4
56.0,Chris Boswell,1.0,1.0,100.0,50,0.0,0.0,0.0,0.0,1.0,3,3,1,8.0,8.0,72.5%,26.3,4
52.0,Will Reichard,1.0,1.0,100.0,33,0.0,0.0,1.0,0.0,0.0,4,4,1,7.0,7.0,13.4%,25.600000000000005,4
52.0,Cairo Santos,1.0,1.0,100.0,40,0.0,0.0,0.0,1.0,0.0,3,3,1,7.0,7.0,16.2%,25.600000000000005,4
52.0,Blake Grupe,1.0,1.0,100.0,43,0.0,0.0,0.0,1.0,0.0,3,3,1,7.0,7.0,3.8%,25.600000000000005,4
52.0,Eddy Pineiro,1.0,1.0,100.0,48,0.0,0.0,0.0,1.0,0.0,3,3,1,7.0,7.0,1.4%,25.600000000000005,4
50.0,Dustin Hopkins,1.0,1.0,100.0,56,0.0,0.0,0.0,0.0,1.0,1,2,1,6.0,6.0,2.7%,24.900000000000002,4
50.0,Ka'imi Fairbairn,1.0,1.0,100.0,30,0.0,0.0,1.0,0.0,0.0,3,3,1,6.0,6.0,64.5%,24.900000000000002,4
49.0,Greg Zuerlein,3.0,4.0,75.0,40,0.0,1.0,1.0,1.0,0.0,0,0,1,10.0,10.0,1.6%,24.400000000000002,4
48.0,Brandon Aubrey,2.0,3.0,66.7,60,0.0,0.0,0.0,1.0,1.0,2,2,1,11.0,11.0,96.6%,22.640000000000004,4
47.0,Matt Gay,2.0,3.0,66.7,35,0.0,0.0,2.0,0.0,0.0,3,3,1,9.0,9.0,16.6%,21.240000000000002,4
45.0,Tyler Bass,1.0,2.0,50.0,50,0.0,0.0,0.0,0.0,1.0,1,1,1,6.0,6.0,60.3%,15.100000000000001,4
45.0,Cameron Dicker,1.0,2.0,50.0,50,0.0,0.0,0.0,0.0,1.0,1,1,1,6.0,6.0,91.7%,15.100000000000001,4
43.0,Wil Lutz,1.0,2.0,50.0,47,0.0,0.0,0.0,1.0,0.0,1,1,1,5.0,5.0,35.8%,14.4,4
43.0,Harrison Butker,1.0,2.0,50.0,37,0.0,0.0,1.0,0.0,0.0,2,2,1,5.0,5.0,69.9%,14.4,4
42.0,Jake Bates,0.0,0.0,0.0,0,0.0,0.0,0.0,0.0,0.0,6,6,1,6.0,6.0,92.2%,4.2,4
41.0,Justin Tucker,0.0,0.0,0.0,0,0.0,0.0,0.0,0.0,0.0,5,5,1,5.0,5.0,14.6%,3.5,4
40.0,Brayden Narveson,0.0,2.0,0.0,0,0.0,0.0,0.0,0.0,0.0,3,3,1,3.0,3.0,0.7%,2.5,4
39.0,Jason Myers,0.0,1.0,0.0,0,0.0,0.0,0.0,0.0,0.0,3,3,1,3.0,3.0,9.6%,2.3,4
37.0,Matt Prater,0.0,0.0,0.0,0,0.0,0.0,0.0,0.0,0.0,2,2,1,2.0,2.0,0.9%,1.4,4
37.0,Jake Elliott,0.0,0.0,0.0,0,0.0,0.0,0.0,0.0,0.0,2,2,1,2.0,2.0,60.6%,1.4,4
64.0,Chase McLaughlin,3.0,3.0,100.0,53,0.0,0.0,1.0,0.0,2.0,3,3,1,16.0,16.0,70.4%,33.3,5
64.0,Will Reichard,3.0,3.0,100.0,54,0.0,0.0,0.0,1.0,2.0,2,2,1,16.0,16.0,13.4%,33.3,5
64.0,Ka'imi Fairbairn,3.0,3.0,100.0,59,0.0,0.0,0.0,1.0,2.0,2,2,1,16.0,16.0,64.5%,33.3,5
63.0,Cam Little,3.0,3.0,100.0,49,0.0,1.0,1.0,1.0,0.0,4,4,1,14.0,14.0,5.2%,32.00000000000001,5
62.0,Justin Tucker,2.0,2.0,100.0,56,0.0,1.0,0.0,0.0,1.0,5,5,1,13.0,13.0,14.6%,30.599999999999998,5
61.0,Wil Lutz,2.0,2.0,100.0,51,0.0,0.0,0.0,1.0,1.0,4,4,1,13.0,13.0,35.8%,30.5,5
60.0,Greg Joseph,3.0,3.0,100.0,38,0.0,1.0,2.0,0.0,0.0,2,2,1,11.0,11.0,0.7%,29.900000000000002,5
59.0,Harrison Butker,4.0,5.0,80.0,38,0.0,2.0,2.0,0.0,0.0,2,2,1,14.0,14.0,69.9%,29.0,5
58.0,Austin Seibert,2.0,2.0,100.0,30,0.0,1.0,1.0,0.0,0.0,4,4,1,10.0,10.0,0.7%,28.5,5
57.0,Matt Gay,2.0,2.0,100.0,37,0.0,0.0,2.0,0.0,0.0,4,4,1,10.0,10.0,16.6%,28.4,5
56.0,Dustin Hopkins,2.0,2.0,100.0,51,0.0,0.0,1.0,0.0,1.0,1,1,1,9.0,9.0,2.7%,27.700000000000003,5
55.0,Jake Moody,2.0,2.0,100.0,28,0.0,2.0,0.0,0.0,0.0,2,2,1,8.0,8.0,12.5%,27.199999999999996,5
54.0,Tyler Bass,2.0,2.0,100.0,38,0.0,0.0,2.0,0.0,0.0,2,2,1,8.0,8.0,60.3%,26.999999999999996,5
53.0,Younghoe Koo,3.0,5.0,60.0,54,0.0,0.0,0.0,1.0,2.0,3,3,1,17.0,17.0,21.6%,26.4,5
52.0,Jason Sanders,3.0,4.0,75.0,54,0.0,0.0,1.0,1.0,1.0,0,0,1,12.0,12.0,46.1%,25.700000000000003,5
51.0,Brayden Narveson,1.0,1.0,100.0,46,0.0,0.0,0.0,1.0,0.0,3,3,1,7.0,7.0,0.7%,25.600000000000005,5
50.0,Chad Ryland,3.0,4.0,75.0,42,0.0,0.0,2.0,1.0,0.0,1,1,1,11.0,11.0,3.7%,25.000000000000004,5
48.0,Cairo Santos,1.0,1.0,100.0,33,0.0,0.0,1.0,0.0,0.0,3,4,1,6.0,6.0,16.2%,24.900000000000002,5
48.0,Chris Boswell,1.0,1.0,100.0,41,0.0,0.0,0.0,1.0,0.0,2,2,1,6.0,6.0,72.5%,24.900000000000002,5
46.0,Greg Zuerlein,1.0,1.0,100.0,32,0.0,0.0,1.0,0.0,0.0,2,2,1,5.0,5.0,1.6%,24.200000000000003,5
46.0,Daniel Carlson,1.0,1.0,100.0,40,0.0,0.0,0.0,1.0,0.0,1,1,1,5.0,5.0,15.2%,24.200000000000003,5
44.0,Brandon Aubrey,2.0,3.0,66.7,55,0.0,0.0,1.0,0.0,1.0,2,2,1,10.0,10.0,96.6%,21.94,5
44.0,Jason Myers,2.0,3.0,66.7,48,0.0,0.0,0.0,2.0,0.0,2,2,1,10.0,10.0,9.6%,21.94,5
43.0,Eddy Pineiro,1.0,2.0,50.0,27,0.0,1.0,0.0,0.0,0.0,1,1,1,4.0,4.0,1.4%,13.799999999999999,5
42.0,Joey Slye,1.0,2.0,50.0,38,0.0,0.0,1.0,0.0,0.0,1,1,1,4.0,4.0,2.7%,13.7,5
41.0,Evan McPherson,0.0,1.0,0.0,0,0.0,0.0,0.0,0.0,0.0,4,4,1,4.0,4.0,45.5%,3.0,5
39.0,Blake Grupe,0.0,0.0,0.0,0,0.0,0.0,0.0,0.0,0.0,1,2,1,1.0,1.0,3.8%,0.7,5
39.0,Joshua Karty,0.0,0.0,0.0,0,0.0,0.0,0.0,0.0,0.0,1,2,1,1.0,1.0,12.1%,0.7,5
1.0,Jake Elliott,0.0,0.0,0.0,0,0.0,0.0,0.0,0.0,0.0,0,0,0,0.0,0.0,60.6%,0.0,5
1.0,Matthew Wright,0.0,0.0,0.0,0,0.0,0.0,0.0,0.0,0.0,0,0,0,0.0,0.0,2.3%,0.0,5
1.0,Harrison Mevis,0.0,0.0,0.0,0,0.0,0.0,0.0,0.0,0.0,0,0,0,0.0,0.0,1.4%,0.0,5
1.0,Charlie Smyth,0.0,0.0,0.0,0,0.0,0.0,0.0,0.0,0.0,0,0,0,0.0,0.0,1.0%,0.0,5
67.0,Jake Bates,4.0,4.0,100.0,48,0.0,0.0,2.0,2.0,0.0,5,5,1,19.0,19.0,92.2%,36.1,6
66.0,Chris Boswell,4.0,4.0,100.0,52,0.0,0.0,2.0,1.0,1.0,2,2,1,17.0,17.0,72.5%,34.7,6
65.0,Matthew Wright,3.0,3.0,100.0,41,0.0,1.0,1.0,1.0,0.0,3,3,1,13.0,13.0,2.3%,31.3,6
64.0,Justin Tucker,3.0,3.0,100.0,45,0.0,0.0,2.0,1.0,0.0,3,3,1,13.0,13.0,14.6%,31.2,6
62.0,Cameron Dicker,3.0,3.0,100.0,46,0.0,1.0,1.0,1.0,0.0,2,2,1,12.0,12.0,91.7%,30.6,6
62.0,Younghoe Koo,3.0,3.0,100.0,35,0.0,1.0,2.0,0.0,0.0,3,3,1,12.0,12.0,21.6%,30.6,6
61.0,Brandon Aubrey,3.0,3.0,100.0,50,0.0,0.0,1.0,1.0,1.0,0,0,1,12.0,12.0,96.6%,30.500000000000007,6
60.0,Blake Grupe,2.0,2.0,100.0,42,0.0,1.0,0.0,1.0,0.0,3,3,1,10.0,10.0,3.8%,28.5,6
58.0,Austin Seibert,3.0,4.0,75.0,55,0.0,0.0,0.0,2.0,1.0,2,2,1,15.0,15.0,0.7%,27.8,6
58.0,Eddy Pineiro,2.0,2.0,100.0,40,0.0,1.0,0.0,1.0,0.0,2,2,1,9.0,9.0,1.4%,27.8,6
57.0,Matt Gay,2.0,2.0,100.0,26,0.0,2.0,0.0,0.0,0.0,2,2,1,8.0,8.0,16.6%,27.199999999999996,6
56.0,Chase McLaughlin,1.0,1.0,100.0,26,0.0,1.0,0.0,0.0,0.0,6,6,1,9.0,9.0,70.4%,27.1,6
55.0,Chad Ryland,2.0,2.0,100.0,40,0.0,0.0,1.0,1.0,0.0,1,1,1,8.0,8.0,3.7%,27.0,6
54.0,Dustin Hopkins,3.0,4.0,75.0,49,0.0,0.0,1.0,2.0,0.0,1,1,1,12.0,12.0,2.7%,25.700000000000003,6
53.0,Jason Myers,1.0,1.0,100.0,20,0.0,1.0,0.0,0.0,0.0,3,3,1,6.0,6.0,9.6%,25.000000000000004,6
52.0,Nick Folk,1.0,1.0,100.0,44,0.0,0.0,0.0,1.0,0.0,2,2,1,6.0,6.0,1.0%,24.900000000000002,6
50.0,Wil Lutz,1.0,1.0,100.0,40,0.0,0.0,0.0,1.0,0.0,1,1,1,5.0,5.0,35.8%,24.200000000000003,6
50.0,Evan McPherson,1.0,1.0,100.0,37,0.0,0.0,1.0,0.0,0.0,2,2,1,5.0,5.0,45.5%,24.200000000000003,6
49.0,Cam Little,1.0,1.0,100.0,30,0.0,0.0,1.0,0.0,0.0,1,1,1,4.0,4.0,5.2%,23.500000000000004,6
48.0,Ka'imi Fairbairn,2.0,3.0,66.7,46,0.0,0.0,1.0,1.0,0.0,5,5,1,12.0,12.0,64.5%,23.340000000000003,6
47.0,Brayden Narveson,2.0,3.0,66.7,41,0.0,0.0,1.0,1.0,0.0,4,4,1,11.0,11.0,0.7%,22.640000000000004,6
46.0,Jake Elliott,2.0,3.0,66.7,49,0.0,0.0,0.0,2.0,0.0,2,2,1,10.0,10.0,60.6%,21.94,6
45.0,Greg Zuerlein,2.0,4.0,50.0,34,0.0,1.0,1.0,0.0,0.0,2,2,1,8.0,8.0,1.6%,17.499999999999996,6
44.0,Tyler Bass,1.0,2.0,50.0,22,0.0,1.0,0.0,0.0,0.0,2,3,1,5.0,5.0,60.3%,14.5,6
43.0,Cairo Santos,0.0,1.0,0.0,0,0.0,0.0,0.0,0.0,0.0,5,5,1,5.0,5.0,16.2%,3.7,6
42.0,Joey Slye,0.0,0.0,0.0,0,0.0,0.0,0.0,0.0,0.0,3,3,1,3.0,3.0,2.7%,2.1,6
41.0,Greg Joseph,0.0,2.0,0.0,0,0.0,0.0,0.0,0.0,0.0,1,1,1,1.0,1.0,0.7%,1.1,6
40.0,Daniel Carlson,0.0,0.0,0.0,0,0.0,0.0,0.0,0.0,0.0,1,1,1,1.0,1.0,15.2%,0.7,6
1.0,Harrison Butker,0.0,0.0,0.0,0,0.0,0.0,0.0,0.0,0.0,0,0,0,0.0,0.0,69.9%,0.0,6
1.0,Jason Sanders,0.0,0.0,0.0,0,0.0,0.0,0.0,0.0,0.0,0,0,0,0.0,0.0,46.1%,0.0,6
1.0,Harrison Mevis,0.0,0.0,0.0,0,0.0,0.0,0.0,0.0,0.0,0,0,0,0.0,0.0,1.4%,0.0,6
1.0,Joshua Karty,0.0,0.0,0.0,0,0.0,0.0,0.0,0.0,0.0,0,0,0,0.0,0.0,12.1%,0.0,6
67.0,Cameron Dicker,5.0,5.0,100.0,59,0.0,1.0,0.0,2.0,2.0,0,0,1,21.0,21.0,91.7%,38.3,7
66.0,Wil Lutz,4.0,4.0,100.0,52,0.0,0.0,2.0,1.0,1.0,3,3,1,18.0,18.0,35.8%,35.4,7
64.0,Austin Seibert,4.0,4.0,100.0,49,0.0,2.0,1.0,1.0,0.0,4,4,1,17.0,17.0,0.7%,34.9,7
64.0,Daniel Carlson,5.0,5.0,100.0,47,0.0,2.0,2.0,1.0,0.0,0,0,1,16.0,16.0,15.2%,34.9,7
63.0,Will Reichard,3.0,3.0,100.0,57,0.0,0.0,0.0,2.0,1.0,2,2,1,15.0,15.0,13.4%,32.6,7
62.0,Chris Boswell,3.0,3.0,100.0,46,0.0,2.0,0.0,1.0,0.0,4,4,1,14.0,14.0,72.5%,32.1,7
60.0,Matt Gay,3.0,3.0,100.0,52,0.0,1.0,1.0,0.0,1.0,1,1,1,12.0,12.0,16.6%,30.6,7
60.0,Ka'imi Fairbairn,3.0,3.0,100.0,52,0.0,1.0,1.0,0.0,1.0,1,1,1,12.0,12.0,64.5%,30.6,7
59.0,Justin Tucker,2.0,2.0,100.0,52,0.0,1.0,0.0,0.0,1.0,5,5,1,13.0,13.0,14.6%,30.599999999999998,7
58.0,Jason Myers,2.0,2.0,100.0,59,0.0,0.0,1.0,0.0,1.0,4,4,1,12.0,12.0,9.6%,29.800000000000004,7
57.0,Tyler Bass,2.0,2.0,100.0,30,0.0,1.0,1.0,0.0,0.0,4,4,1,10.0,10.0,60.3%,28.5,7
56.0,Anders Carlson,2.0,2.0,100.0,55,0.0,1.0,0.0,0.0,1.0,0,1,1,8.0,8.0,1.4%,27.099999999999998,7
55.0,Jake Bates,1.0,1.0,100.0,44,0.0,0.0,0.0,1.0,0.0,4,4,1,8.0,8.0,92.2%,26.3,7
54.0,Brandon McManus,1.0,1.0,100.0,45,0.0,0.0,0.0,1.0,0.0,3,3,1,7.0,7.0,8.4%,25.600000000000005,7
53.0,Cam Little,1.0,1.0,100.0,21,0.0,1.0,0.0,0.0,0.0,3,3,1,6.0,6.0,5.2%,25.000000000000004,7
51.0,Chad Ryland,1.0,1.0,100.0,32,0.0,0.0,1.0,0.0,0.0,2,2,1,5.0,5.0,3.7%,24.200000000000003,7
51.0,Joey Slye,1.0,1.0,100.0,41,0.0,0.0,0.0,1.0,0.0,1,1,1,5.0,5.0,2.7%,24.200000000000003,7
50.0,Nick Folk,1.0,1.0,100.0,25,0.0,1.0,0.0,0.0,0.0,1,1,1,4.0,4.0,1.0%,23.6,7
49.0,Blake Grupe,1.0,1.0,100.0,35,0.0,0.0,1.0,0.0,0.0,1,1,1,4.0,4.0,3.8%,23.500000000000004,7
48.0,Greg Joseph,1.0,1.0,100.0,38,0.0,0.0,1.0,0.0,0.0,0,0,1,3.0,3.0,0.7%,22.8,7
47.0,Chase McLaughlin,1.0,2.0,50.0,23,0.0,1.0,0.0,0.0,0.0,2,2,1,5.0,5.0,70.4%,14.5,7
46.0,Jason Sanders,1.0,2.0,50.0,33,0.0,0.0,1.0,0.0,0.0,1,1,1,4.0,4.0,46.1%,13.7,7
44.0,Harrison Butker,0.0,0.0,0.0,0,0.0,0.0,0.0,0.0,0.0,4,4,1,4.0,4.0,69.9%,2.8,7
44.0,Jake Elliott,0.0,0.0,0.0,0,0.0,0.0,0.0,0.0,0.0,4,4,1,4.0,4.0,60.6%,2.8,7
43.0,Evan McPherson,0.0,1.0,0.0,0,0.0,0.0,0.0,0.0,0.0,3,3,1,3.0,3.0,45.5%,2.3,7
41.0,Joshua Karty,0.0,1.0,0.0,0,0.0,0.0,0.0,0.0,0.0,2,3,1,2.0,2.0,12.1%,1.6,7
41.0,Younghoe Koo,0.0,1.0,0.0,0,0.0,0.0,0.0,0.0,0.0,2,2,1,2.0,2.0,21.6%,1.6,7
40.0,Greg Zuerlein,0.0,1.0,0.0,0,0.0,0.0,0.0,0.0,0.0,1,1,1,1.0,1.0,1.6%,0.9000000000000001,7
39.0,Eddy Pineiro,0.0,0.0,0.0,0,0.0,0.0,0.0,0.0,0.0,1,1,1,1.0,1.0,1.4%,0.7,7
38.0,Dustin Hopkins,0.0,1.0,0.0,0,0.0,0.0,0.0,0.0,0.0,0,1,1,0.0,0.0,2.7%,0.2,7
1.0,Matthew Wright,0.0,0.0,0.0,0,0.0,0.0,0.0,0.0,0.0,0,0,0,0.0,0.0,2.3%,0.0,7
1.0,Harrison Mevis,0.0,0.0,0.0,0,0.0,0.0,0.0,0.0,0.0,0,0,0,0.0,0.0,1.4%,0.0,7
67.0,Anders Carlson,3.0,3.0,100.0,50,0.0,0.0,0.0,2.0,1.0,3,3,1,16.0,16.0,1.4%,33.3,8
66.0,Chris Boswell,4.0,4.0,100.0,31,0.0,3.0,1.0,0.0,0.0,2,2,1,14.0,14.0,72.5%,32.900000000000006,8
65.0,Greg Joseph,4.0,4.0,100.0,48,0.0,1.0,1.0,2.0,0.0,0,0,1,14.0,14.0,0.7%,32.7,8
64.0,Jake Elliott,3.0,3.0,100.0,49,0.0,0.0,1.0,2.0,0.0,4,4,1,15.0,15.0,60.6%,32.6,8
62.0,Dustin Hopkins,3.0,3.0,100.0,48,0.0,1.0,1.0,1.0,0.0,2,2,1,12.0,12.0,2.7%,30.6,8
62.0,Brandon McManus,3.0,3.0,100.0,38,0.0,1.0,2.0,0.0,0.0,3,3,1,12.0,12.0,8.4%,30.6,8
61.0,Ka'imi Fairbairn,3.0,3.0,100.0,35,0.0,0.0,3.0,0.0,0.0,2,2,1,11.0,11.0,64.5%,29.8,8
60.0,Jason Sanders,2.0,2.0,100.0,53,0.0,1.0,0.0,0.0,1.0,3,3,1,11.0,11.0,46.1%,29.2,8
59.0,Jake Bates,1.0,1.0,100.0,51,0.0,0.0,0.0,0.0,1.0,7,7,1,12.0,12.0,92.2%,29.1,8
58.0,Harrison Butker,2.0,2.0,100.0,42,0.0,1.0,0.0,1.0,0.0,3,3,1,10.0,10.0,69.9%,28.5,8
55.0,Chad Ryland,2.0,2.0,100.0,57,0.0,0.0,1.0,0.0,1.0,2,2,1,10.0,10.0,3.7%,28.400000000000002,8
55.0,Daniel Carlson,2.0,2.0,100.0,54,0.0,0.0,1.0,0.0,1.0,2,2,1,10.0,10.0,15.2%,28.400000000000002,8
55.0,Cam Little,2.0,2.0,100.0,47,0.0,0.0,1.0,1.0,0.0,3,3,1,10.0,10.0,5.2%,28.400000000000002,8
54.0,Austin Seibert,4.0,5.0,80.0,47,0.0,2.0,1.0,1.0,0.0,0,0,1,13.0,13.0,0.7%,28.3,8
53.0,Cameron Dicker,2.0,2.0,100.0,46,0.0,1.0,0.0,1.0,0.0,2,3,1,9.0,9.0,91.7%,27.8,8
52.0,Matt Gay,2.0,2.0,100.0,46,0.0,0.0,1.0,1.0,0.0,2,2,1,9.0,9.0,16.6%,27.700000000000003,8
51.0,Will Reichard,2.0,2.0,100.0,35,0.0,1.0,1.0,0.0,0.0,2,2,1,8.0,8.0,13.4%,27.099999999999998,8
50.0,Chase McLaughlin,1.0,1.0,100.0,52,0.0,0.0,0.0,0.0,1.0,3,3,1,8.0,8.0,70.4%,26.3,8
49.0,Tyler Bass,1.0,1.0,100.0,27,0.0,1.0,0.0,0.0,0.0,4,4,1,7.0,7.0,60.3%,25.700000000000003,8
48.0,Brandon Aubrey,1.0,1.0,100.0,29,0.0,1.0,0.0,0.0,0.0,3,3,1,6.0,6.0,96.6%,25.000000000000004,8
47.0,Joey Slye,1.0,1.0,100.0,23,0.0,1.0,0.0,0.0,0.0,2,2,1,5.0,5.0,2.7%,24.3,8
46.0,Jason Myers,1.0,1.0,100.0,38,0.0,0.0,1.0,0.0,0.0,1,1,1,4.0,4.0,9.6%,23.500000000000004,8
45.0,Blake Grupe,2.0,3.0,66.7,43,0.0,0.0,0.0,2.0,0.0,0,0,1,8.0,8.0,3.8%,20.54,8
43.0,Justin Tucker,1.0,2.0,50.0,49,0.0,0.0,0.0,1.0,0.0,3,3,1,7.0,7.0,14.6%,15.8,8
43.0,Younghoe Koo,1.0,2.0,50.0,39,0.0,0.0,1.0,0.0,0.0,4,4,1,7.0,7.0,21.6%,15.8,8
42.0,Evan McPherson,1.0,2.0,50.0,27,0.0,1.0,0.0,0.0,0.0,2,2,1,5.0,5.0,45.5%,14.5,8
41.0,Greg Zuerlein,1.0,2.0,50.0,29,0.0,1.0,0.0,0.0,0.0,1,2,1,4.0,4.0,1.6%,13.799999999999999,8
39.0,Joshua Karty,0.0,0.0,0.0,0,0.0,0.0,0.0,0.0,0.0,4,4,1,4.0,4.0,12.1%,2.8,8
39.0,Wil Lutz,0.0,0.0,0.0,0,0.0,0.0,0.0,0.0,0.0,4,4,1,4.0,4.0,35.8%,2.8,8
37.0,Nick Folk,0.0,0.0,0.0,0,0.0,0.0,0.0,0.0,0.0,2,2,1,2.0,2.0,1.0%,1.4,8
37.0,Eddy Pineiro,0.0,0.0,0.0,0,0.0,0.0,0.0,0.0,0.0,2,2,1,2.0,2.0,1.4%,1.4,8
36.0,Cairo Santos,0.0,0.0,0.0,0,0.0,0.0,0.0,0.0,0.0,1,1,1,1.0,1.0,16.2%,0.7,8
66.0,Tyler Bass,3.0,3.0,100.0,61,0.0,0.0,0.0,2.0,1.0,1,2,1,14.0,14.0,60.3%,31.900000000000002,9
65.0,Cairo Santos,3.0,3.0,100.0,53,0.0,1.0,0.0,0.0,2.0,0,0,1,13.0,13.0,16.2%,31.299999999999997,9
64.0,Blake Grupe,3.0,3.0,100.0,51,0.0,1.0,1.0,0.0,1.0,1,1,1,12.0,12.0,3.8%,30.6,9
63.0,Evan McPherson,2.0,2.0,100.0,44,0.0,1.0,0.0,1.0,0.0,5,5,1,12.0,12.0,45.5%,29.9,9
62.0,Chad Ryland,2.0,2.0,100.0,55,0.0,1.0,0.0,0.0,1.0,3,3,1,11.0,11.0,3.7%,29.2,9
61.0,Justin Tucker,2.0,2.0,100.0,37,0.0,0.0,2.0,0.0,0.0,5,5,1,11.0,11.0,14.6%,29.099999999999998,9
59.0,Austin Seibert,2.0,2.0,100.0,31,0.0,1.0,1.0,0.0,0.0,3,3,1,9.0,9.0,0.7%,27.8,9
59.0,Jason Sanders,2.0,2.0,100.0,39,0.0,1.0,1.0,0.0,0.0,3,3,1,9.0,9.0,46.1%,27.8,9
58.0,Brandon Aubrey,2.0,2.0,100.0,57,0.0,0.0,1.0,0.0,1.0,1,1,1,9.0,9.0,96.6%,27.700000000000003,9
57.0,Nick Folk,2.0,2.0,100.0,25,0.0,2.0,0.0,0.0,0.0,2,2,1,8.0,8.0,1.0%,27.199999999999996,9
56.0,Joshua Karty,2.0,2.0,100.0,38,0.0,1.0,1.0,0.0,0.0,2,2,1,8.0,8.0,12.1%,27.099999999999998,9
53.0,Harrison Butker,1.0,1.0,100.0,40,0.0,0.0,0.0,1.0,0.0,3,3,1,7.0,7.0,69.9%,25.600000000000005,9
53.0,Daniel Carlson,1.0,1.0,100.0,46,0.0,0.0,0.0,1.0,0.0,3,3,1,7.0,7.0,15.2%,25.600000000000005,9
53.0,Chase McLaughlin,1.0,1.0,100.0,47,0.0,0.0,0.0,1.0,0.0,3,3,1,7.0,7.0,70.4%,25.600000000000005,9
52.0,Jake Bates,1.0,1.0,100.0,27,0.0,1.0,0.0,0.0,0.0,3,3,1,6.0,6.0,92.2%,25.000000000000004,9
51.0,Eddy Pineiro,1.0,1.0,100.0,48,0.0,0.0,0.0,1.0,0.0,2,2,1,6.0,6.0,1.4%,24.900000000000002,9
49.0,Wil Lutz,1.0,1.0,100.0,37,0.0,0.0,1.0,0.0,0.0,1,1,1,4.0,4.0,35.8%,23.500000000000004,9
49.0,Jude McAtamney,1.0,1.0,100.0,31,0.0,0.0,1.0,0.0,0.0,1,1,1,4.0,4.0,0.7%,23.500000000000004,9
48.0,Matt Gay,2.0,3.0,66.7,54,0.0,0.0,0.0,1.0,1.0,1,1,1,10.0,10.0,16.6%,21.94,9
47.0,Brandon McManus,2.0,3.0,66.7,38,0.0,0.0,2.0,0.0,0.0,0,0,1,6.0,6.0,8.4%,19.140000000000004,9
46.0,Ka'imi Fairbairn,2.0,4.0,50.0,54,0.0,1.0,0.0,0.0,1.0,1,1,1,9.0,9.0,64.5%,18.2,9
45.0,Joey Slye,1.0,2.0,50.0,52,0.0,0.0,0.0,0.0,1.0,2,2,1,7.0,7.0,2.7%,15.8,9
44.0,Jake Elliott,1.0,2.0,50.0,43,0.0,0.0,0.0,1.0,0.0,1,1,1,5.0,5.0,60.6%,14.4,9
43.0,Dustin Hopkins,1.0,2.0,50.0,38,0.0,0.0,1.0,0.0,0.0,1,1,1,4.0,4.0,2.7%,13.7,9
42.0,Will Reichard,0.0,2.0,0.0,0,0.0,0.0,0.0,0.0,0.0,3,3,1,3.0,3.0,13.4%,2.5,9
41.0,Cameron Dicker,0.0,1.0,0.0,0,0.0,0.0,0.0,0.0,0.0,3,4,1,3.0,3.0,91.7%,2.3,9
39.0,Riley Patterson,0.0,0.0,0.0,0,0.0,0.0,0.0,0.0,0.0,3,3,1,3.0,3.0,1.0%,2.1,9
39.0,Younghoe Koo,0.0,0.0,0.0,0,0.0,0.0,0.0,0.0,0.0,3,3,1,3.0,3.0,21.6%,2.1,9
38.0,Jason Myers,0.0,0.0,0.0,0,0.0,0.0,0.0,0.0,0.0,2,3,1,2.0,2.0,9.6%,1.4,9
37.0,Cam Little,0.0,0.0,0.0,0,0.0,0.0,0.0,0.0,0.0,1,1,1,1.0,1.0,5.2%,0.7,9
1.0,Greg Joseph,0.0,0.0,0.0,0,0.0,0.0,0.0,0.0,0.0,0,0,0,0.0,0.0,0.7%,0.0,9
1.0,Matthew Wright,0.0,0.0,0.0,0,0.0,0.0,0.0,0.0,0.0,0,0,0,0.0,0.0,2.3%,0.0,9
65.0,Joshua Karty,5.0,6.0,83.3,55,0.0,1.0,2.0,0.0,2.0,0,0,1,19.0,19.0,12.1%,33.76,10
64.0,Jason Sanders,3.0,3.0,100.0,50,0.0,0.0,1.0,0.0,2.0,2,2,1,15.0,15.0,46.1%,32.6,10
62.0,Joey Slye,4.0,4.0,100.0,37,0.0,1.0,3.0,0.0,0.0,1,1,1,13.0,13.0,2.7%,31.999999999999996,10
62.0,Parker Romo,4.0,4.0,100.0,45,0.0,1.0,2.0,1.0,0.0,0,0,1,13.0,13.0,1.1%,31.999999999999996,10
61.0,Tyler Bass,3.0,3.0,100.0,47,0.0,2.0,0.0,1.0,0.0,3,3,1,13.0,13.0,60.3%,31.4,10
60.0,Jake Bates,2.0,2.0,100.0,58,0.0,0.0,0.0,0.0,2.0,2,2,1,12.0,12.0,92.2%,29.799999999999997,10
59.0,Harrison Butker,3.0,3.0,100.0,36,0.0,2.0,1.0,0.0,0.0,1,1,1,10.0,10.0,69.9%,29.3,10
58.0,Zane Gonzalez,2.0,2.0,100.0,48,0.0,0.0,0.0,2.0,0.0,3,3,1,11.0,11.0,7.4%,29.099999999999998,10
57.0,Eddy Pineiro,2.0,2.0,100.0,53,0.0,0.0,1.0,0.0,1.0,2,2,1,10.0,10.0,1.4%,28.400000000000002,10
56.0,Jake Elliott,2.0,2.0,100.0,39,0.0,0.0,2.0,0.0,0.0,4,4,1,10.0,10.0,60.6%,28.4,10
55.0,Cameron Dicker,2.0,2.0,100.0,37,0.0,1.0,1.0,0.0,0.0,3,3,1,9.0,9.0,91.7%,27.8,10
54.0,Matt Gay,2.0,2.0,100.0,27,0.0,2.0,0.0,0.0,0.0,2,2,1,8.0,8.0,16.6%,27.199999999999996,10
52.0,Blake Grupe,2.0,2.0,100.0,38,0.0,1.0,1.0,0.0,0.0,2,2,1,8.0,8.0,3.8%,27.099999999999998,10
52.0,Chase McLaughlin,2.0,2.0,100.0,30,0.0,1.0,1.0,0.0,0.0,2,2,1,8.0,8.0,70.4%,27.099999999999998,10
51.0,Ka'imi Fairbairn,3.0,4.0,75.0,56,0.0,1.0,1.0,0.0,1.0,2,2,1,13.0,13.0,64.5%,26.5,10
49.0,Brandon Aubrey,2.0,2.0,100.0,46,0.0,1.0,0.0,1.0,0.0,0,0,1,7.0,7.0,96.6%,26.400000000000002,10
49.0,Spencer Shrader,2.0,2.0,100.0,45,0.0,1.0,0.0,1.0,0.0,0,0,1,7.0,7.0,1.9%,26.400000000000002,10
48.0,Chad Ryland,1.0,1.0,100.0,37,0.0,0.0,1.0,0.0,0.0,4,4,1,7.0,7.0,3.7%,25.600000000000005,10
47.0,Cairo Santos,1.0,1.0,100.0,33,0.0,0.0,1.0,0.0,0.0,0,0,1,3.0,3.0,16.2%,22.8,10
46.0,Jake Moody,3.0,6.0,50.0,44,0.0,1.0,1.0,1.0,0.0,2,2,1,12.0,12.0,12.5%,21.200000000000003,10
45.0,Graham Gano,1.0,2.0,50.0,42,0.0,0.0,0.0,1.0,0.0,2,2,1,6.0,6.0,3.3%,15.100000000000001,10
44.0,Nick Folk,1.0,2.0,50.0,27,0.0,1.0,0.0,0.0,0.0,2,2,1,5.0,5.0,1.0%,14.5,10
43.0,Younghoe Koo,1.0,4.0,25.0,27,0.0,1.0,0.0,0.0,0.0,2,2,1,5.0,5.0,21.6%,9.9,10
41.0,Chris Boswell,0.0,0.0,0.0,0,0.0,0.0,0.0,0.0,0.0,4,4,1,4.0,4.0,72.5%,2.8,10
41.0,Evan McPherson,0.0,0.0,0.0,0,0.0,0.0,0.0,0.0,0.0,4,4,1,4.0,4.0,45.5%,2.8,10
40.0,Justin Tucker,0.0,0.0,0.0,0,0.0,0.0,0.0,0.0,0.0,3,4,1,3.0,3.0,14.6%,2.1,10
39.0,Wil Lutz,0.0,2.0,0.0,0,0.0,0.0,0.0,0.0,0.0,2,2,1,2.0,2.0,35.8%,1.8000000000000003,10
38.0,Cam Little,0.0,0.0,0.0,0,0.0,0.0,0.0,0.0,0.0,1,1,1,1.0,1.0,5.2%,0.7,10
1.0,Daniel Carlson,0.0,0.0,0.0,0,0.0,0.0,0.0,0.0,0.0,0,0,0,0.0,0.0,15.2%,0.0,10
1.0,Greg Joseph,0.0,0.0,0.0,0,0.0,0.0,0.0,0.0,0.0,0,0,0,0.0,0.0,0.7%,0.0,10
1.0,Matthew Wright,0.0,0.0,0.0,0,0.0,0.0,0.0,0.0,0.0,0,0,0,0.0,0.0,2.3%,0.0,10
1.0,Charlie Smyth,0.0,0.0,0.0,0,0.0,0.0,0.0,0.0,0.0,0,0,0,0.0,0.0,1.0%,0.0,10
65.0,Chris Boswell,6.0,6.0,100.0,57,0.0,1.0,2.0,0.0,3.0,0,0,1,24.0,24.0,72.5%,41.10000000000001,11
64.0,Matt Gay,3.0,3.0,100.0,56,0.0,0.0,0.0,2.0,1.0,1,1,1,14.0,14.0,16.6%,31.900000000000002,11
63.0,Joey Slye,3.0,3.0,100.0,42,0.0,1.0,1.0,1.0,0.0,1,2,1,11.0,11.0,2.7%,29.900000000000002,11
62.0,Cameron Dicker,2.0,2.0,100.0,53,1.0,0.0,0.0,0.0,1.0,4,4,1,12.0,12.0,91.7%,29.800000000000004,11
61.0,Jason Myers,2.0,2.0,100.0,57,0.0,0.0,0.0,0.0,2.0,2,2,1,12.0,12.0,9.6%,29.799999999999997,11
59.0,Anders Carlson,2.0,2.0,100.0,58,0.0,0.0,1.0,0.0,1.0,3,3,1,11.0,11.0,1.4%,29.100000000000005,11
59.0,Jason Sanders,2.0,2.0,100.0,46,0.0,0.0,1.0,1.0,0.0,4,4,1,11.0,11.0,46.1%,29.100000000000005,11
58.0,Jake Bates,1.0,1.0,100.0,54,0.0,0.0,0.0,0.0,1.0,7,7,1,12.0,12.0,92.2%,29.1,11
57.0,Ka'imi Fairbairn,2.0,2.0,100.0,33,0.0,1.0,1.0,0.0,0.0,4,4,1,10.0,10.0,64.5%,28.5,11
56.0,Younghoe Koo,2.0,2.0,100.0,51,0.0,0.0,0.0,1.0,1.0,0,0,1,9.0,9.0,21.6%,27.700000000000003,11
55.0,Wil Lutz,1.0,1.0,100.0,45,0.0,0.0,0.0,1.0,0.0,5,5,1,9.0,9.0,35.8%,27.000000000000004,11
53.0,Nick Folk,2.0,2.0,100.0,43,0.0,0.0,1.0,1.0,0.0,1,1,1,8.0,8.0,1.0%,27.0,11
53.0,Cam Little,2.0,2.0,100.0,59,0.0,0.0,1.0,0.0,1.0,0,0,1,8.0,8.0,5.2%,27.0,11
52.0,Daniel Carlson,2.0,2.0,100.0,27,0.0,2.0,0.0,0.0,0.0,1,1,1,7.0,7.0,15.2%,26.5,11
50.0,Tyler Bass,1.0,1.0,100.0,33,0.0,0.0,1.0,0.0,0.0,3,4,1,6.0,6.0,60.3%,24.900000000000002,11
50.0,Parker Romo,1.0,1.0,100.0,40,0.0,0.0,0.0,1.0,0.0,2,3,1,6.0,6.0,1.1%,24.900000000000002,11
48.0,Jake Moody,1.0,1.0,100.0,33,0.0,0.0,1.0,0.0,0.0,2,2,1,5.0,5.0,12.5%,24.200000000000003,11
48.0,Zane Gonzalez,1.0,1.0,100.0,45,0.0,0.0,0.0,1.0,0.0,1,1,1,5.0,5.0,7.4%,24.200000000000003,11
47.0,Cairo Santos,2.0,3.0,66.7,53,0.0,1.0,0.0,0.0,1.0,1,1,1,9.0,9.0,16.2%,21.34,11
46.0,Evan McPherson,2.0,4.0,50.0,27,0.0,2.0,0.0,0.0,0.0,3,3,1,9.0,9.0,45.5%,18.3,11
45.0,Jake Elliott,2.0,4.0,50.0,31,0.0,1.0,1.0,0.0,0.0,2,3,1,8.0,8.0,60.6%,17.499999999999996,11
44.0,Brandon Aubrey,1.0,2.0,50.0,64,0.0,0.0,0.0,0.0,1.0,1,1,1,6.0,6.0,96.6%,15.100000000000001,11
43.0,Justin Tucker,1.0,3.0,33.3,54,0.0,0.0,0.0,0.0,1.0,1,1,1,6.0,6.0,14.6%,11.96,11
42.0,Blake Grupe,0.0,0.0,0.0,0,0.0,0.0,0.0,0.0,0.0,5,5,1,5.0,5.0,3.8%,3.5,11
41.0,Joshua Karty,0.0,1.0,0.0,0,0.0,0.0,0.0,0.0,0.0,4,4,1,4.0,4.0,12.1%,3.0,11
40.0,Spencer Shrader,0.0,0.0,0.0,0,0.0,0.0,0.0,0.0,0.0,3,3,1,3.0,3.0,1.9%,2.1,11
39.0,Brandon McManus,0.0,0.0,0.0,0,0.0,0.0,0.0,0.0,0.0,2,2,1,2.0,2.0,8.4%,1.4,11
38.0,Dustin Hopkins,0.0,2.0,0.0,0,0.0,0.0,0.0,0.0,0.0,0,0,1,0.0,0.0,2.7%,0.4,11
1.0,Harrison Butker,0.0,0.0,0.0,0,0.0,0.0,0.0,0.0,0.0,0,0,0,0.0,0.0,69.9%,0.0,11
1.0,Greg Joseph,0.0,0.0,0.0,0,0.0,0.0,0.0,0.0,0.0,0,0,0,0.0,0.0,0.7%,0.0,11
1.0,Chase McLaughlin,0.0,0.0,0.0,0,0.0,0.0,0.0,0.0,0.0,0,0,0,0.0,0.0,70.4%,0.0,11
1.0,Matthew Wright,0.0,0.0,0.0,0,0.0,0.0,0.0,0.0,0.0,0,0,0,0.0,0.0,2.3%,0.0,11
65.0,Wil Lutz,5.0,5.0,100.0,54,0.0,0.0,2.0,1.0,2.0,2,2,1,22.0,22.0,35.8%,38.9,12
64.0,Nick Folk,3.0,3.0,100.0,56,0.0,0.0,0.0,0.0,3.0,3,3,1,18.0,18.0,1.0%,34.7,12
63.0,Daniel Carlson,4.0,4.0,100.0,53,0.0,1.0,2.0,0.0,1.0,1,1,1,15.0,15.0,15.2%,33.4,12
62.0,Cameron Dicker,3.0,3.0,100.0,52,0.0,0.0,0.0,1.0,2.0,2,2,1,16.0,16.0,91.7%,33.3,12
61.0,Eddy Pineiro,4.0,4.0,100.0,33,0.0,1.0,3.0,0.0,0.0,1,1,1,13.0,13.0,1.4%,31.999999999999996,12
59.0,Jake Elliott,3.0,3.0,100.0,31,0.0,2.0,1.0,0.0,0.0,4,4,1,13.0,13.0,60.6%,31.4,12
59.0,Parker Romo,3.0,3.0,100.0,40,0.0,2.0,0.0,1.0,0.0,3,3,1,13.0,13.0,1.1%,31.4,12
58.0,Spencer Shrader,3.0,3.0,100.0,41,0.0,1.0,1.0,1.0,0.0,3,3,1,13.0,13.0,1.9%,31.3,12
57.0,Jason Sanders,2.0,2.0,100.0,51,0.0,1.0,0.0,0.0,1.0,4,4,1,12.0,12.0,46.1%,29.9,12
56.0,Brandon McManus,1.0,1.0,100.0,51,0.0,0.0,0.0,0.0,1.0,5,5,1,10.0,10.0,8.4%,27.700000000000003,12
55.0,Jake Bates,1.0,1.0,100.0,56,0.0,0.0,0.0,0.0,1.0,3,3,1,8.0,8.0,92.2%,26.3,12
54.0,Matt Gay,2.0,2.0,100.0,29,0.0,2.0,0.0,0.0,0.0,0,0,1,6.0,6.0,16.6%,25.8,12
53.0,Justin Tucker,1.0,1.0,100.0,45,0.0,0.0,0.0,1.0,0.0,3,3,1,7.0,7.0,14.6%,25.600000000000005,12
52.0,Chase McLaughlin,1.0,1.0,100.0,23,0.0,1.0,0.0,0.0,0.0,3,4,1,6.0,6.0,70.4%,25.000000000000004,12
51.0,Jason Myers,1.0,1.0,100.0,50,0.0,0.0,0.0,0.0,1.0,1,2,1,6.0,6.0,9.6%,24.900000000000002,12
50.0,Jake Moody,1.0,1.0,100.0,48,0.0,0.0,0.0,1.0,0.0,1,1,1,5.0,5.0,12.5%,24.200000000000003,12
49.0,Dustin Hopkins,1.0,1.0,100.0,34,0.0,0.0,1.0,0.0,0.0,1,1,1,4.0,4.0,2.7%,23.500000000000004,12
48.0,Ka'imi Fairbairn,2.0,3.0,66.7,54,0.0,1.0,0.0,0.0,1.0,3,3,1,11.0,11.0,64.5%,22.740000000000002,12
46.0,Cairo Santos,2.0,3.0,66.7,49,0.0,0.0,0.0,2.0,0.0,1,1,1,9.0,9.0,16.2%,21.240000000000002,12
46.0,Austin Seibert,2.0,3.0,66.7,51,0.0,0.0,0.0,1.0,1.0,0,2,1,9.0,9.0,0.7%,21.240000000000002,12
45.0,Chris Boswell,2.0,3.0,66.7,48,0.0,1.0,0.0,1.0,0.0,1,1,1,8.0,8.0,72.5%,20.64,12
44.0,Brandon Aubrey,2.0,4.0,50.0,48,0.0,0.0,0.0,2.0,0.0,4,4,1,12.0,12.0,96.6%,20.200000000000003,12
43.0,Chad Ryland,2.0,3.0,66.7,35,0.0,1.0,1.0,0.0,0.0,0,0,1,6.0,6.0,3.7%,19.240000000000002,12
42.0,Joshua Karty,0.0,1.0,0.0,0,0.0,0.0,0.0,0.0,0.0,2,2,1,2.0,2.0,12.1%,1.6,12
41.0,Joey Slye,0.0,1.0,0.0,0,0.0,0.0,0.0,0.0,0.0,1,1,1,1.0,1.0,2.7%,0.9000000000000001,12
40.0,Graham Gano,0.0,0.0,0.0,0,0.0,0.0,0.0,0.0,0.0,1,1,1,1.0,1.0,3.3%,0.7,12
1.0,Tyler Bass,0.0,0.0,0.0,0,0.0,0.0,0.0,0.0,0.0,0,0,0,0.0,0.0,60.3%,0.0,12
1.0,Greg Joseph,0.0,0.0,0.0,0,0.0,0.0,0.0,0.0,0.0,0,0,0,0.0,0.0,0.7%,0.0,12
1.0,Matthew Wright,0.0,0.0,0.0,0,0.0,0.0,0.0,0.0,0.0,0,0,0,0.0,0.0,2.3%,0.0,12
1.0,Harrison Butker,0.0,0.0,0.0,0,0.0,0.0,0.0,0.0,0.0,0,0,0,0.0,0.0,69.9%,0.0,12
1.0,Younghoe Koo,0.0,0.0,0.0,0,0.0,0.0,0.0,0.0,0.0,0,0,0,0.0,0.0,21.6%,0.0,12
1.0,Cam Little,0.0,0.0,0.0,0,0.0,0.0,0.0,0.0,0.0,0,0,0,0.0,0.0,5.2%,0.0,12
66.0,Chad Ryland,5.0,6.0,83.3,40,0.0,2.0,2.0,1.0,0.0,1,1,1,17.0,17.0,3.7%,32.46,13
64.0,Ka'imi Fairbairn,3.0,3.0,100.0,53,0.0,1.0,1.0,0.0,1.0,2,2,1,13.0,13.0,64.5%,31.3,13
64.0,Brandon McManus,3.0,3.0,100.0,46,0.0,1.0,1.0,1.0,0.0,3,3,1,13.0,13.0,8.4%,31.3,13
63.0,Cameron Dicker,3.0,3.0,100.0,51,0.0,0.0,1.0,1.0,1.0,0,0,1,12.0,12.0,91.7%,30.500000000000007,13
62.0,Chase McLaughlin,4.0,5.0,80.0,51,0.0,2.0,1.0,0.0,1.0,2,2,1,16.0,16.0,70.4%,30.400000000000002,13
61.0,Wil Lutz,2.0,2.0,100.0,36,0.0,1.0,1.0,0.0,0.0,5,5,1,11.0,11.0,35.8%,29.2,13
60.0,Jason Myers,2.0,2.0,100.0,54,0.0,0.0,0.0,1.0,1.0,2,3,1,11.0,11.0,9.6%,29.100000000000005,13
59.0,Matthew Wright,4.0,5.0,80.0,42,0.0,1.0,2.0,1.0,0.0,1,1,1,14.0,14.0,2.3%,28.900000000000002,13
58.0,Chris Boswell,3.0,4.0,75.0,50,0.0,0.0,2.0,0.0,1.0,5,5,1,16.0,16.0,72.5%,28.500000000000004,13
57.0,Graham Gano,2.0,2.0,100.0,47,0.0,0.0,0.0,2.0,0.0,2,2,1,10.0,10.0,3.3%,28.4,13
56.0,Brandon Aubrey,2.0,2.0,100.0,33,0.0,1.0,1.0,0.0,0.0,3,3,1,9.0,9.0,96.6%,27.8,13
55.0,Nick Folk,2.0,2.0,100.0,44,0.0,0.0,0.0,2.0,0.0,1,1,1,9.0,9.0,1.0%,27.7,13
54.0,Parker Romo,3.0,4.0,75.0,55,0.0,0.0,1.0,1.0,1.0,2,2,1,14.0,14.0,1.1%,27.100000000000005,13
53.0,Evan McPherson,1.0,1.0,100.0,38,0.0,0.0,1.0,0.0,0.0,5,5,1,8.0,8.0,45.5%,26.3,13
52.0,Jake Bates,3.0,4.0,75.0,48,0.0,0.0,2.0,1.0,0.0,2,2,1,12.0,12.0,92.2%,25.700000000000003,13
51.0,Jake Elliott,1.0,1.0,100.0,35,0.0,0.0,1.0,0.0,0.0,3,3,1,6.0,6.0,60.6%,24.900000000000002,13
50.0,Matt Gay,1.0,1.0,100.0,25,0.0,1.0,0.0,0.0,0.0,2,2,1,5.0,5.0,16.6%,24.3,13
49.0,Eddy Pineiro,3.0,5.0,60.0,47,0.0,2.0,0.0,1.0,0.0,2,2,1,12.0,12.0,1.4%,23.1,13
48.0,Joey Slye,3.0,5.0,60.0,54,0.0,0.0,2.0,0.0,1.0,1,1,1,12.0,12.0,2.7%,22.9,13
47.0,Jason Sanders,1.0,1.0,100.0,33,0.0,0.0,1.0,0.0,0.0,0,0,1,3.0,3.0,46.1%,22.8,13
46.0,Blake Grupe,2.0,3.0,66.7,54,0.0,0.0,0.0,0.0,2.0,0,0,1,10.0,10.0,3.8%,21.94,13
45.0,Younghoe Koo,2.0,3.0,66.7,41,0.0,1.0,0.0,1.0,0.0,1,1,1,8.0,8.0,21.6%,20.64,13
44.0,Cam Little,2.0,3.0,66.7,33,0.0,0.0,2.0,0.0,0.0,0,0,1,6.0,6.0,5.2%,19.140000000000004,13
43.0,Justin Tucker,2.0,4.0,50.0,50,0.0,0.0,1.0,0.0,1.0,1,2,1,9.0,9.0,14.6%,18.099999999999998,13
42.0,Dustin Hopkins,1.0,2.0,50.0,45,0.0,0.0,0.0,1.0,0.0,3,3,1,7.0,7.0,2.7%,15.8,13
41.0,Jake Moody,1.0,3.0,33.3,33,0.0,0.0,1.0,0.0,0.0,1,1,1,4.0,4.0,12.5%,10.559999999999999,13
40.0,Daniel Carlson,1.0,4.0,25.0,27,0.0,1.0,0.0,0.0,0.0,2,2,1,5.0,5.0,15.2%,9.9,13
39.0,Zane Gonzalez,0.0,2.0,0.0,0,0.0,0.0,0.0,0.0,0.0,6,6,1,6.0,6.0,7.4%,4.6,13
38.0,Tyler Bass,0.0,1.0,0.0,0,0.0,0.0,0.0,0.0,0.0,5,5,1,5.0,5.0,60.3%,3.7,13
37.0,Joshua Karty,0.0,0.0,0.0,0,0.0,0.0,0.0,0.0,0.0,3,3,1,3.0,3.0,12.1%,2.1,13
36.0,Cairo Santos,0.0,0.0,0.0,0,0.0,0.0,0.0,0.0,0.0,2,2,1,2.0,2.0,16.2%,1.4,13
35.0,Anders Carlson,0.0,0.0,0.0,0,0.0,0.0,0.0,0.0,0.0,1,2,1,1.0,1.0,1.4%,0.7,13
65.0,Anders Carlson,4.0,4.0,100.0,42,0.0,1.0,1.0,2.0,0.0,2,2,1,16.0,16.0,1.4%,34.099999999999994,14
65.0,Jason Sanders,4.0,4.0,100.0,57,0.0,1.0,1.0,0.0,2.0,0,1,1,16.0,16.0,46.1%,34.099999999999994,14
64.0,Matthew Wright,4.0,4.0,100.0,50,0.0,0.0,2.0,1.0,1.0,1,1,1,16.0,16.0,2.3%,34.0,14
63.0,Jason Myers,3.0,3.0,100.0,36,0.0,1.0,2.0,0.0,0.0,3,3,1,12.0,12.0,9.6%,30.6,14
61.0,Jake Bates,2.0,2.0,100.0,43,0.0,0.0,1.0,1.0,0.0,4,4,1,11.0,11.0,92.2%,29.100000000000005,14
61.0,Chris Boswell,2.0,2.0,100.0,54,0.0,0.0,1.0,0.0,1.0,3,3,1,11.0,11.0,72.5%,29.100000000000005,14
60.0,Cade York,2.0,2.0,100.0,37,0.0,1.0,1.0,0.0,0.0,3,3,1,9.0,9.0,2.9%,27.8,14
59.0,Brandon Aubrey,2.0,2.0,100.0,47,0.0,0.0,1.0,1.0,0.0,2,2,1,9.0,9.0,96.6%,27.700000000000003,14
57.0,Daniel Carlson,2.0,2.0,100.0,27,0.0,2.0,0.0,0.0,0.0,1,1,1,7.0,7.0,15.2%,26.5,14
57.0,Younghoe Koo,2.0,2.0,100.0,29,0.0,2.0,0.0,0.0,0.0,1,1,1,7.0,7.0,21.6%,26.5,14
55.0,Joshua Karty,1.0,1.0,100.0,22,0.0,1.0,0.0,0.0,0.0,5,6,1,8.0,8.0,12.1%,26.4,14
55.0,Jake Moody,1.0,1.0,100.0,23,0.0,1.0,0.0,0.0,0.0,5,5,1,8.0,8.0,12.5%,26.4,14
54.0,Nick Folk,2.0,2.0,100.0,46,0.0,0.0,1.0,1.0,0.0,0,0,1,7.0,7.0,1.0%,26.300000000000004,14
53.0,Brandon McManus,1.0,1.0,100.0,32,0.0,0.0,1.0,0.0,0.0,4,4,1,7.0,7.0,8.4%,25.600000000000005,14
52.0,Cameron Dicker,1.0,1.0,100.0,37,0.0,0.0,1.0,0.0,0.0,2,2,1,5.0,5.0,91.7%,24.200000000000003,14
51.0,Cam Little,1.0,1.0,100.0,23,0.0,1.0,0.0,0.0,0.0,1,1,1,4.0,4.0,5.2%,23.6,14
50.0,Eddy Pineiro,1.0,1.0,100.0,38,0.0,0.0,1.0,0.0,0.0,1,2,1,4.0,4.0,1.4%,23.500000000000004,14
49.0,Chad Ryland,1.0,2.0,50.0,28,0.0,1.0,0.0,0.0,0.0,1,1,1,4.0,4.0,3.7%,13.799999999999999,14
48.0,Graham Gano,1.0,2.0,50.0,48,0.0,0.0,0.0,1.0,0.0,0,0,1,4.0,4.0,3.3%,13.7,14
47.0,Will Reichard,0.0,1.0,0.0,39,0.0,0.0,0.0,0.0,0.0,6,6,1,6.0,6.0,13.4%,4.4,14
46.0,Tyler Bass,0.0,0.0,0.0,0,0.0,0.0,0.0,0.0,0.0,6,6,1,6.0,6.0,60.3%,4.2,14
45.0,Chase McLaughlin,0.0,0.0,0.0,0,0.0,0.0,0.0,0.0,0.0,4,4,1,4.0,4.0,70.4%,2.8,14
43.0,Dustin Hopkins,0.0,2.0,0.0,0,0.0,0.0,0.0,0.0,0.0,2,2,1,2.0,2.0,2.7%,1.8000000000000003,14
43.0,Blake Grupe,0.0,2.0,0.0,0,0.0,0.0,0.0,0.0,0.0,2,2,1,2.0,2.0,3.8%,1.8000000000000003,14
42.0,Jake Elliott,0.0,1.0,0.0,0,0.0,0.0,0.0,0.0,0.0,2,2,1,2.0,2.0,60.6%,1.6,14
41.0,Cairo Santos,0.0,0.0,0.0,0,0.0,0.0,0.0,0.0,0.0,1,1,1,1.0,1.0,16.2%,0.7,14
1.0,Harrison Butker,0.0,0.0,0.0,0,0.0,0.0,0.0,0.0,0.0,0,0,0,0.0,0.0,69.9%,0.0,14
1.0,Greg Joseph,0.0,0.0,0.0,0,0.0,0.0,0.0,0.0,0.0,0,0,0,0.0,0.0,0.7%,0.0,14
1.0,Matt Gay,0.0,0.0,0.0,0,0.0,0.0,0.0,0.0,0.0,0,0,0,0.0,0.0,16.6%,0.0,14
1.0,Joey Slye,0.0,0.0,0.0,0,0.0,0.0,0.0,0.0,0.0,0,0,0,0.0,0.0,2.7%,0.0,14
1.0,Harrison Mevis,0.0,0.0,0.0,0,0.0,0.0,0.0,0.0,0.0,0,0,0,0.0,0.0,1.4%,0.0,14
1.0,Jack Browning,0.0,0.0,0.0,0,0.0,0.0,0.0,0.0,0.0,0,0,1,0.0,0.0,0.0%,0.0,14
68.0,Chase McLaughlin,4.0,4.0,100.0,43,0.0,1.0,1.0,2.0,0.0,4,4,1,18.0,18.0,70.4%,35.5,15
67.0,Cam Little,4.0,4.0,100.0,43,0.0,2.0,0.0,2.0,0.0,1,1,1,15.0,15.0,5.2%,33.5,15
66.0,Will Reichard,3.0,3.0,100.0,52,0.0,0.0,1.0,1.0,1.0,3,3,1,15.0,15.0,13.4%,32.60000000000001,15
65.0,Joshua Karty,4.0,4.0,100.0,48,0.0,3.0,0.0,1.0,0.0,0,0,1,13.0,13.0,12.1%,32.2,15
64.0,Chad Ryland,3.0,3.0,100.0,49,0.0,0.0,1.0,2.0,0.0,3,3,1,14.0,14.0,3.7%,31.900000000000002,15
63.0,Brandon McManus,3.0,3.0,100.0,39,0.0,2.0,1.0,0.0,0.0,3,3,1,12.0,12.0,8.4%,30.700000000000003,15
62.0,Brandon Aubrey,3.0,4.0,75.0,52,0.0,0.0,0.0,2.0,1.0,3,3,1,16.0,16.0,96.6%,28.500000000000004,15
60.0,Blake Grupe,2.0,2.0,100.0,51,0.0,0.0,0.0,1.0,1.0,1,1,1,10.0,10.0,3.8%,28.400000000000002,15
60.0,Jake Elliott,2.0,2.0,100.0,41,0.0,0.0,1.0,1.0,0.0,3,3,1,10.0,10.0,60.6%,28.400000000000002,15
59.0,Ka'imi Fairbairn,2.0,2.0,100.0,44,0.0,1.0,0.0,1.0,0.0,2,2,1,9.0,9.0,64.5%,27.8,15
58.0,Jake Moody,2.0,2.0,100.0,53,0.0,0.0,0.0,1.0,1.0,0,0,1,9.0,9.0,12.5%,27.700000000000003,15
57.0,Jason Myers,2.0,2.0,100.0,48,0.0,0.0,0.0,2.0,0.0,1,1,1,9.0,9.0,9.6%,27.7,15
54.0,Matt Gay,2.0,2.0,100.0,49,0.0,0.0,1.0,1.0,0.0,1,1,1,8.0,8.0,16.6%,27.0,15
54.0,Jason Sanders,2.0,2.0,100.0,55,0.0,0.0,1.0,0.0,1.0,0,1,1,8.0,8.0,46.1%,27.0,15
54.0,Chris Boswell,2.0,2.0,100.0,49,0.0,0.0,1.0,1.0,0.0,1,1,1,8.0,8.0,72.5%,27.0,15
53.0,Wil Lutz,1.0,1.0,100.0,44,0.0,0.0,0.0,1.0,0.0,4,4,1,8.0,8.0,35.8%,26.3,15
52.0,Cade York,1.0,1.0,100.0,21,0.0,1.0,0.0,0.0,0.0,4,5,1,7.0,7.0,2.9%,25.700000000000003,15
51.0,Cairo Santos,2.0,2.0,100.0,39,0.0,1.0,1.0,0.0,0.0,0,0,1,6.0,6.0,16.2%,25.7,15
50.0,Tyler Bass,2.0,3.0,66.7,50,0.0,0.0,0.0,1.0,1.0,6,6,1,15.0,15.0,60.3%,25.44,15
49.0,Cameron Dicker,1.0,1.0,100.0,41,0.0,0.0,0.0,1.0,0.0,2,2,1,6.0,6.0,91.7%,24.900000000000002,15
48.0,Daniel Carlson,1.0,1.0,100.0,52,0.0,0.0,0.0,0.0,1.0,0,1,1,5.0,5.0,15.2%,24.200000000000003,15
47.0,Greg Joseph,2.0,3.0,66.7,41,0.0,1.0,0.0,1.0,0.0,2,2,1,9.0,9.0,0.7%,21.34,15
46.0,Younghoe Koo,2.0,3.0,66.7,48,0.0,0.0,0.0,2.0,0.0,1,1,1,9.0,9.0,21.6%,21.240000000000002,15
44.0,Anders Carlson,1.0,2.0,50.0,43,0.0,0.0,0.0,1.0,0.0,3,3,1,7.0,7.0,1.4%,15.8,15
44.0,Joey Slye,1.0,2.0,50.0,50,0.0,0.0,0.0,0.0,1.0,2,2,1,7.0,7.0,2.7%,15.8,15
43.0,Jake Bates,0.0,1.0,0.0,0,0.0,0.0,0.0,0.0,0.0,6,6,1,6.0,6.0,92.2%,4.4,15
42.0,Justin Tucker,0.0,0.0,0.0,0,0.0,0.0,0.0,0.0,0.0,5,5,1,5.0,5.0,14.6%,3.5,15
41.0,Harrison Butker,0.0,1.0,0.0,0,0.0,0.0,0.0,0.0,0.0,3,3,1,3.0,3.0,69.9%,2.3,15
40.0,Nick Folk,0.0,0.0,0.0,0,0.0,0.0,0.0,0.0,0.0,3,3,1,3.0,3.0,1.0%,2.1,15
38.0,Graham Gano,0.0,0.0,0.0,0,0.0,0.0,0.0,0.0,0.0,2,2,1,2.0,2.0,3.3%,1.4,15
38.0,Eddy Pineiro,0.0,0.0,0.0,0,0.0,0.0,0.0,0.0,0.0,2,2,1,2.0,2.0,1.4%,1.4,15
37.0,Riley Patterson,0.0,0.0,0.0,0,0.0,0.0,0.0,0.0,0.0,1,1,1,1.0,1.0,1.0%,0.7,15
69.0,Jason Sanders,5.0,5.0,100.0,54,0.0,0.0,2.0,2.0,1.0,2,2,1,21.0,21.0,46.1%,38.199999999999996,16
68.0,Brandon Aubrey,4.0,4.0,100.0,58,0.0,0.0,0.0,1.0,3.0,2,2,1,21.0,21.0,96.6%,37.5,16
67.0,Chad Ryland,3.0,3.0,100.0,58,0.0,0.0,1.0,1.0,1.0,3,3,1,15.0,15.0,3.7%,32.60000000000001,16
66.0,Jake Elliott,4.0,5.0,80.0,50,0.0,1.0,0.0,2.0,1.0,3,3,1,19.0,19.0,60.6%,32.400000000000006,16
65.0,Brandon McManus,2.0,2.0,100.0,55,0.0,0.0,0.0,1.0,1.0,4,4,1,13.0,13.0,8.4%,30.5,16
64.0,Justin Tucker,2.0,2.0,100.0,51,0.0,1.0,0.0,0.0,1.0,4,4,1,12.0,12.0,14.6%,29.9,16
62.0,Wil Lutz,2.0,2.0,100.0,55,0.0,0.0,0.0,1.0,1.0,3,3,1,12.0,12.0,35.8%,29.800000000000004,16
62.0,Will Reichard,2.0,2.0,100.0,52,0.0,0.0,0.0,1.0,1.0,3,3,1,12.0,12.0,13.4%,29.800000000000004,16
61.0,Harrison Butker,2.0,2.0,100.0,44,0.0,1.0,0.0,1.0,0.0,3,3,1,10.0,10.0,69.9%,28.5,16
60.0,Cameron Dicker,2.0,2.0,100.0,57,0.0,0.0,1.0,0.0,1.0,2,2,1,10.0,10.0,91.7%,28.400000000000002,16
59.0,Joshua Karty,2.0,2.0,100.0,45,0.0,0.0,1.0,1.0,0.0,1,2,1,8.0,8.0,12.1%,27.0,16
57.0,Tyler Bass,1.0,1.0,100.0,50,0.0,0.0,0.0,0.0,1.0,3,3,1,8.0,8.0,60.3%,26.3,16
57.0,Ka'imi Fairbairn,2.0,2.0,100.0,38,0.0,0.0,2.0,0.0,0.0,1,2,1,7.0,7.0,64.5%,26.3,16
55.0,Chris Boswell,1.0,1.0,100.0,51,0.0,0.0,0.0,0.0,1.0,2,2,1,7.0,7.0,72.5%,25.600000000000005,16
55.0,Chase McLaughlin,1.0,1.0,100.0,45,0.0,0.0,0.0,1.0,0.0,3,3,1,7.0,7.0,70.4%,25.600000000000005,16
54.0,Eddy Pineiro,1.0,1.0,100.0,29,0.0,1.0,0.0,0.0,0.0,3,4,1,6.0,6.0,1.4%,25.000000000000004,16
53.0,Cairo Santos,1.0,1.0,100.0,30,0.0,0.0,1.0,0.0,0.0,2,2,1,5.0,5.0,16.2%,24.200000000000003,16
52.0,Riley Patterson,2.0,3.0,66.7,52,0.0,0.0,1.0,0.0,1.0,4,4,1,12.0,12.0,1.0%,23.340000000000003,16
51.0,Jake Bates,2.0,3.0,66.7,34,0.0,0.0,2.0,0.0,0.0,4,4,1,10.0,10.0,92.2%,21.94,16
50.0,Daniel Carlson,2.0,3.0,66.7,49,0.0,0.0,1.0,1.0,0.0,1,1,1,8.0,8.0,15.2%,20.54,16
48.0,Matt Gay,1.0,2.0,50.0,31,0.0,0.0,1.0,0.0,0.0,5,5,1,8.0,8.0,16.6%,16.5,16
48.0,Cade York,1.0,2.0,50.0,59,0.0,0.0,0.0,0.0,1.0,3,3,1,8.0,8.0,2.9%,16.5,16
47.0,Jason Myers,1.0,2.0,50.0,43,0.0,0.0,0.0,1.0,0.0,3,3,1,7.0,7.0,9.6%,15.8,16
46.0,Jake Moody,1.0,2.0,50.0,21,0.0,1.0,0.0,0.0,0.0,2,2,1,5.0,5.0,12.5%,14.5,16
45.0,Anders Carlson,1.0,2.0,50.0,21,0.0,1.0,0.0,0.0,0.0,0,1,1,3.0,3.0,1.4%,13.1,16
44.0,Zane Gonzalez,0.0,0.0,0.0,0,0.0,0.0,0.0,0.0,0.0,4,4,1,4.0,4.0,7.4%,2.8,16
43.0,Joey Slye,0.0,0.0,0.0,0,0.0,0.0,0.0,0.0,0.0,3,3,1,3.0,3.0,2.7%,2.1,16
42.0,Brayden Narveson,0.0,1.0,0.0,0,0.0,0.0,0.0,0.0,0.0,2,2,1,2.0,2.0,0.7%,1.6,16
41.0,Cam Little,0.0,0.0,0.0,0,0.0,0.0,0.0,0.0,0.0,2,2,1,2.0,2.0,5.2%,1.4,16
40.0,Graham Gano,0.0,0.0,0.0,0,0.0,0.0,0.0,0.0,0.0,1,1,1,1.0,1.0,3.3%,0.7,16
1.0,Younghoe Koo,0.0,0.0,0.0,0,0.0,0.0,0.0,0.0,0.0,0,0,0,0.0,0.0,21.6%,0.0,16
1.0,Greg Joseph,0.0,0.0,0.0,0,0.0,0.0,0.0,0.0,0.0,0,0,0,0.0,0.0,0.7%,0.0,16
67.0,Cameron Dicker,4.0,4.0,100.0,41,0.0,1.0,2.0,1.0,0.0,4,4,1,17.0,17.0,91.7%,34.8,17
66.0,Daniel Carlson,4.0,4.0,100.0,54,0.0,1.0,2.0,0.0,1.0,1,2,1,15.0,15.0,15.2%,33.4,17
65.0,Chase McLaughlin,2.0,2.0,100.0,34,0.0,1.0,1.0,0.0,0.0,6,6,1,12.0,12.0,70.4%,29.9,17
64.0,Jake Elliott,2.0,2.0,100.0,31,0.0,1.0,1.0,0.0,0.0,5,5,1,11.0,11.0,60.6%,29.2,17
63.0,Jake Bates,2.0,2.0,100.0,57,0.0,0.0,0.0,1.0,1.0,2,4,1,11.0,11.0,92.2%,29.100000000000005,17
62.0,Jason Sanders,2.0,2.0,100.0,54,0.0,0.0,1.0,0.0,1.0,2,2,1,10.0,10.0,46.1%,28.400000000000002,17
61.0,Cam Little,2.0,2.0,100.0,48,0.0,0.0,0.0,2.0,0.0,2,2,1,10.0,10.0,5.2%,28.4,17
60.0,Joshua Karty,2.0,2.0,100.0,53,0.0,1.0,0.0,0.0,1.0,1,1,1,9.0,9.0,12.1%,27.8,17
59.0,Jason Myers,2.0,2.0,100.0,50,0.0,1.0,0.0,0.0,1.0,0,0,1,8.0,8.0,9.6%,27.099999999999998,17
57.0,Justin Tucker,1.0,1.0,100.0,52,0.0,0.0,0.0,0.0,1.0,4,4,1,9.0,9.0,14.6%,27.000000000000004,17
57.0,Graham Gano,1.0,1.0,100.0,30,0.0,0.0,1.0,0.0,0.0,6,6,1,9.0,9.0,3.3%,27.000000000000004,17
56.0,Matthew Wright,2.0,2.0,100.0,39,0.0,1.0,1.0,0.0,0.0,1,1,1,7.0,7.0,2.3%,26.400000000000002,17
55.0,Tyler Bass,1.0,1.0,100.0,39,0.0,0.0,1.0,0.0,0.0,5,5,1,8.0,8.0,60.3%,26.3,17
53.0,Zane Gonzalez,1.0,1.0,100.0,31,0.0,0.0,1.0,0.0,0.0,3,3,1,6.0,6.0,7.4%,24.900000000000002,17
53.0,Wil Lutz,1.0,1.0,100.0,30,0.0,0.0,1.0,0.0,0.0,3,3,1,6.0,6.0,35.8%,24.900000000000002,17
52.0,Brandon McManus,1.0,1.0,100.0,22,0.0,1.0,0.0,0.0,0.0,2,2,1,5.0,5.0,8.4%,24.3,17
51.0,Harrison Butker,1.0,1.0,100.0,32,0.0,0.0,1.0,0.0,0.0,2,3,1,5.0,5.0,69.9%,24.200000000000003,17
48.0,Chris Boswell,1.0,1.0,100.0,36,0.0,0.0,1.0,0.0,0.0,1,1,1,4.0,4.0,72.5%,23.500000000000004,17
48.0,Cairo Santos,1.0,1.0,100.0,42,0.0,0.0,0.0,1.0,0.0,0,0,1,4.0,4.0,16.2%,23.500000000000004,17
48.0,Blake Grupe,1.0,1.0,100.0,34,0.0,0.0,1.0,0.0,0.0,1,1,1,4.0,4.0,3.8%,23.500000000000004,17
46.0,Dustin Hopkins,1.0,1.0,100.0,25,0.0,1.0,0.0,0.0,0.0,0,0,1,3.0,3.0,2.7%,22.9,17
46.0,Chad Ryland,1.0,1.0,100.0,28,0.0,1.0,0.0,0.0,0.0,0,1,1,3.0,3.0,3.7%,22.9,17
45.0,Matt Gay,2.0,3.0,66.7,32,0.0,1.0,1.0,0.0,0.0,3,3,1,9.0,9.0,16.6%,21.34,17
44.0,Will Reichard,2.0,4.0,50.0,50,0.0,1.0,0.0,0.0,1.0,3,3,1,11.0,11.0,13.4%,19.599999999999998,17
43.0,Cade York,1.0,2.0,50.0,22,0.0,1.0,0.0,0.0,0.0,3,3,1,6.0,6.0,2.9%,15.2,17
42.0,Riley Patterson,1.0,2.0,50.0,39,0.0,0.0,1.0,0.0,0.0,3,3,1,6.0,6.0,1.0%,15.100000000000001,17
41.0,Jake Moody,0.0,2.0,0.0,0,0.0,0.0,0.0,0.0,0.0,4,5,1,4.0,4.0,12.5%,3.2,17
40.0,Eddy Pineiro,0.0,1.0,0.0,0,0.0,0.0,0.0,0.0,0.0,2,2,1,2.0,2.0,1.4%,1.6,17
39.0,Brandon Aubrey,0.0,1.0,0.0,0,0.0,0.0,0.0,0.0,0.0,1,1,1,1.0,1.0,96.6%,0.9000000000000001,17
38.0,Joey Slye,0.0,0.0,0.0,0,0.0,0.0,0.0,0.0,0.0,1,1,1,1.0,1.0,2.7%,0.7,17
1.0,Younghoe Koo,0.0,0.0,0.0,0,0.0,0.0,0.0,0.0,0.0,0,0,0,0.0,0.0,21.6%,0.0,17
1.0,Greg Joseph,0.0,0.0,0.0,0,0.0,0.0,0.0,0.0,0.0,0,0,0,0.0,0.0,0.7%,0.0,17
