Rank,Player,ATT,YDS,Y/A,LG,20+,TD,REC,TGT,R_YDS,Y/R,R_TD,FL,G,FPTS,FPTS/G,ROST,Score,week
242.0,De'Von Achane,10.0,24.0,2.4,9,0,1.0,7.0,7,76.0,10.9,0.0,0.0,1,23.0,23.0,97.9%,50.260000000000005,1
241.0,Rachaad White,15.0,31.0,2.1,15,0,0.0,6.0,6,75.0,12.5,0.0,0.0,1,16.6,16.6,73.8%,47.565000000000005,1
240.0,Joe Mixon,30.0,159.0,5.3,13,0,1.0,3.0,3,19.0,6.3,0.0,0.0,1,26.8,26.8,96.9%,42.045,1
239.0,Saquon Barkley,24.0,109.0,4.5,34,1,2.0,2.0,2,23.0,11.5,1.0,0.0,1,33.2,33.2,99.0%,41.72500000000001,1
238.0,Brian Robinson Jr.,12.0,40.0,3.3,7,0,1.0,3.0,4,49.0,16.3,0.0,0.0,1,17.9,17.9,86.6%,37.095,1
237.0,Bijan Robinson,18.0,68.0,3.8,13,0,0.0,5.0,5,43.0,8.6,0.0,0.0,1,16.1,16.1,98.7%,37.07,1
236.0,Breece Hall,16.0,54.0,3.4,16,0,1.0,5.0,6,39.0,7.8,0.0,1.0,1,18.3,18.3,96.7%,34.71000000000001,1
235.0,Alvin Kamara,15.0,83.0,5.5,17,0,1.0,5.0,5,27.0,5.4,0.0,0.0,1,22.0,22.0,94.9%,34.37500000000001,1
234.0,James Conner,16.0,50.0,3.1,20,1,1.0,3.0,4,33.0,11.0,0.0,0.0,1,19.3,19.3,92.8%,31.965000000000003,1
233.0,Jordan Mason,28.0,147.0,5.3,24,1,1.0,1.0,1,5.0,5.0,0.0,0.0,1,22.2,22.2,68.3%,31.845000000000006,1
232.0,Alexander Mattison,5.0,19.0,3.8,7,0,0.0,4.0,6,43.0,10.8,1.0,0.0,1,16.2,16.2,8.8%,31.22,1
231.0,James Cook,19.0,71.0,3.7,15,0,0.0,3.0,3,32.0,10.7,0.0,0.0,1,13.3,13.3,97.7%,30.905,1
230.0,Austin Ekeler,2.0,10.0,5.0,6,0,0.0,4.0,4,52.0,13.0,0.0,0.0,1,10.2,10.2,69.1%,30.849999999999998,1
229.0,Justice Hill,1.0,3.0,3.0,3,0,0.0,6.0,8,52.0,8.7,0.0,0.0,1,11.5,11.5,21.4%,30.600000000000005,1
228.0,J.K. Dobbins,10.0,135.0,13.5,61,2,1.0,3.0,3,4.0,1.3,0.0,0.0,1,22.9,22.9,58.0%,30.175,1
227.0,Jahmyr Gibbs,11.0,40.0,3.6,8,0,1.0,4.0,6,34.0,8.5,0.0,0.0,1,17.4,17.4,99.0%,30.14,1
226.0,Isiah Pacheco,15.0,45.0,3.0,5,0,1.0,2.0,3,33.0,16.5,0.0,0.0,1,15.8,15.8,90.6%,29.5,1
225.0,Rhamondre Stevenson,25.0,120.0,4.8,17,0,1.0,3.0,3,6.0,2.0,0.0,0.0,1,21.6,21.6,83.1%,29.12,1
224.0,Aaron Jones Sr.,14.0,94.0,6.7,19,0,1.0,2.0,2,15.0,7.5,0.0,0.0,1,18.9,18.9,90.1%,28.305,1
223.0,Jerome Ford,12.0,44.0,3.7,11,0,1.0,6.0,7,25.0,4.2,0.0,0.0,1,18.9,18.9,38.5%,27.555,1
222.0,Josh Jacobs,16.0,84.0,5.3,32,2,0.0,2.0,3,20.0,10.0,0.0,0.0,1,12.4,12.4,98.1%,26.195,1
221.0,Tony Pollard,16.0,82.0,5.1,26,1,1.0,3.0,4,12.0,4.0,0.0,0.0,1,18.4,18.4,88.3%,25.565000000000005,1
220.0,Kenneth Walker III,20.0,103.0,5.2,23,1,1.0,2.0,3,6.0,3.0,0.0,0.0,1,18.9,18.9,94.4%,25.53,1
219.0,Zach Charbonnet,8.0,12.0,1.5,6,0,0.0,2.0,3,29.0,14.5,1.0,0.0,1,12.1,12.1,79.8%,21.925,1
218.0,Kyle Juszczyk,0.0,0.0,0.0,0,0,0.0,2.0,3,40.0,20.0,0.0,0.0,1,6.0,6.0,1.4%,21.2,1
217.0,Zack Moss,9.0,44.0,4.9,16,0,1.0,2.0,4,17.0,8.5,0.0,0.0,1,14.1,14.1,16.9%,21.034999999999997,1
216.0,David Montgomery,17.0,91.0,5.4,21,1,1.0,1.0,1,2.0,2.0,0.0,0.0,1,16.3,16.3,93.9%,20.86,1
215.0,Bucky Irving,9.0,62.0,6.9,31,1,0.0,2.0,3,14.0,7.0,0.0,0.0,1,9.6,9.6,98.1%,19.435,1
214.0,Travis Etienne Jr.,12.0,44.0,3.7,11,0,1.0,2.0,3,15.0,7.5,0.0,1.0,1,11.9,11.9,83.3%,19.055000000000003,1
213.0,Najee Harris,20.0,70.0,3.5,20,1,0.0,1.0,2,9.0,9.0,0.0,0.0,1,8.9,8.9,83.2%,18.125,1
212.0,Ty Chandler,8.0,17.0,2.1,6,0,0.0,3.0,3,25.0,8.3,0.0,0.0,1,7.2,7.2,4.8%,17.965,1
211.0,Jamaal Williams,11.0,38.0,3.5,14,0,1.0,1.0,1,13.0,13.0,0.0,0.0,1,12.1,12.1,1.1%,17.525000000000002,1
241.0,Alvin Kamara,20.0,115.0,5.8,15,0,3.0,2.0,3,65.0,32.5,1.0,0.0,1,44.0,44.0,94.9%,66.52,2
240.0,De'Von Achane,22.0,96.0,4.4,17,0,0.0,7.0,7,69.0,9.9,1.0,0.0,1,29.5,29.5,97.9%,59.36000000000001,2
239.0,Breece Hall,14.0,62.0,4.4,30,1,0.0,7.0,8,52.0,7.4,1.0,0.0,1,24.4,24.4,96.7%,44.96000000000001,2
238.0,Jonathan Taylor,12.0,103.0,8.6,29,1,0.0,2.0,4,32.0,16.0,0.0,0.0,1,15.5,15.5,98.0%,35.14,2
237.0,Tony Pollard,17.0,62.0,3.6,15,0,0.0,5.0,6,40.0,8.0,0.0,0.0,1,15.2,15.2,88.3%,34.54,2
236.0,James Cook,11.0,78.0,7.1,49,1,2.0,1.0,1,17.0,17.0,1.0,0.0,1,28.5,28.5,97.7%,32.565000000000005,2
235.0,Austin Ekeler,8.0,38.0,4.8,13,0,0.0,3.0,3,47.0,15.7,0.0,0.0,1,11.5,11.5,69.1%,32.52,2
234.0,Bijan Robinson,14.0,97.0,6.9,19,0,0.0,4.0,5,25.0,6.3,0.0,0.0,1,16.2,16.2,98.7%,31.884999999999998,2
233.0,Saquon Barkley,22.0,95.0,4.3,11,0,0.0,4.0,5,21.0,5.3,0.0,0.0,1,17.6,17.6,99.0%,30.994999999999997,2
232.0,Javonte Williams,11.0,17.0,1.5,5,0,0.0,5.0,5,48.0,9.6,0.0,0.0,1,11.5,11.5,79.2%,30.875000000000004,2
231.0,Jahmyr Gibbs,13.0,84.0,6.5,24,2,0.0,7.0,7,22.0,3.1,0.0,0.0,1,17.6,17.6,99.0%,30.075000000000003,2
230.0,David Montgomery,11.0,35.0,3.2,9,0,1.0,4.0,4,35.0,8.8,0.0,0.0,1,17.0,17.0,93.9%,29.83,2
229.0,Isiah Pacheco,19.0,90.0,4.7,11,0,0.0,5.0,5,21.0,4.2,0.0,0.0,1,16.1,16.1,90.6%,29.605,2
228.0,Zach Charbonnet,14.0,38.0,2.7,9,0,1.0,5.0,5,31.0,6.2,0.0,0.0,1,17.9,17.9,79.8%,29.105,2
227.0,J.K. Dobbins,17.0,131.0,7.7,43,1,1.0,1.0,1,0.0,0.0,0.0,0.0,1,20.1,20.1,58.0%,26.205000000000005,2
226.0,Aaron Jones Sr.,9.0,32.0,3.6,9,0,0.0,5.0,6,36.0,7.2,0.0,1.0,1,9.8,9.8,90.1%,26.139999999999997,2
225.0,James Conner,21.0,122.0,5.8,22,1,1.0,1.0,1,2.0,2.0,0.0,0.0,1,19.4,19.4,92.8%,25.97,2
224.0,Braelon Allen,7.0,33.0,4.7,20,1,1.0,2.0,4,23.0,11.5,1.0,0.0,1,19.6,19.6,28.8%,25.555000000000003,2
223.0,Josh Jacobs,32.0,151.0,4.7,34,1,0.0,0.0,0,0.0,0,0.0,1.0,1,13.1,13.1,98.1%,25.455000000000002,2
222.0,Brian Robinson Jr.,17.0,133.0,7.8,40,2,0.0,1.0,3,3.0,3.0,0.0,0.0,1,14.6,14.6,86.6%,24.92,2
221.0,Derrick Henry,18.0,84.0,4.7,29,1,1.0,1.0,1,12.0,12.0,0.0,0.0,1,16.6,16.6,98.7%,24.805000000000007,2
220.0,Kyren Williams,12.0,25.0,2.1,9,0,1.0,4.0,5,27.0,6.8,0.0,0.0,1,15.2,15.2,97.7%,24.264999999999997,2
219.0,Rhamondre Stevenson,21.0,81.0,3.9,18,0,1.0,2.0,5,9.0,4.5,0.0,0.0,1,17.0,17.0,83.1%,23.634999999999998,2
218.0,Jordan Mason,20.0,100.0,5.0,22,1,1.0,1.0,1,4.0,4.0,0.0,0.0,1,17.4,17.4,68.3%,23.450000000000003,2
217.0,Rico Dowdle,7.0,30.0,4.3,7,0,0.0,4.0,5,29.0,7.3,0.0,0.0,1,9.9,9.9,41.4%,22.744999999999997,2
216.0,Antonio Gibson,11.0,96.0,8.7,45,1,0.0,1.0,1,7.0,7.0,0.0,0.0,1,11.3,11.3,13.5%,20.905,2
215.0,Chuba Hubbard,10.0,64.0,6.4,23,1,0.0,4.0,5,12.0,3.0,0.0,0.0,1,11.6,11.6,94.1%,19.96,2
214.0,Joe Mixon,9.0,25.0,2.8,16,0,0.0,3.0,5,25.0,8.3,0.0,0.0,1,8.0,8.0,96.9%,19.37,2
213.0,Devin Singletary,16.0,95.0,5.9,22,1,1.0,1.0,1,0.0,0.0,0.0,1.0,1,14.5,14.5,9.4%,19.335,2
212.0,D'Andre Swift,14.0,18.0,1.3,7,0,0.0,4.0,5,24.0,6.0,0.0,0.0,1,8.2,8.2,89.3%,18.695,2
211.0,Jaylen Warren,9.0,42.0,4.7,11,0,0.0,2.0,2,19.0,9.5,0.0,0.0,1,8.1,8.1,85.3%,18.605,2
210.0,Travis Etienne Jr.,13.0,52.0,4.0,20,1,1.0,3.0,4,6.0,2.0,0.0,0.0,1,14.8,14.8,83.3%,17.600000000000005,2
241.0,Chuba Hubbard,21.0,114.0,5.4,14,0,0.0,5.0,5,55.0,11.0,1.0,0.0,1,27.9,27.9,94.1%,53.91,3
240.0,Aaron Jones Sr.,19.0,102.0,5.4,39,1,0.0,5.0,6,46.0,9.2,1.0,0.0,1,25.8,25.8,90.1%,47.410000000000004,3
239.0,Derrick Henry,25.0,151.0,6.0,29,2,2.0,1.0,1,23.0,23.0,0.0,0.0,1,30.4,30.4,98.7%,44.35,3
238.0,Kyren Williams,24.0,89.0,3.7,13,0,2.0,2.0,2,27.0,13.5,1.0,0.0,1,31.6,31.6,97.7%,40.605000000000004,3
237.0,Saquon Barkley,17.0,147.0,8.6,65,2,2.0,4.0,4,9.0,2.3,0.0,0.0,1,33.6,33.6,99.0%,39.14,3
236.0,Jonathan Taylor,23.0,110.0,4.8,29,2,2.0,1.0,2,25.0,25.0,0.0,0.0,1,26.5,26.5,98.0%,38.82000000000001,3
235.0,Alvin Kamara,26.0,87.0,3.3,16,0,0.0,3.0,3,40.0,13.3,0.0,0.0,1,15.7,15.7,94.9%,37.94500000000001,3
234.0,Devin Singletary,16.0,65.0,4.1,43,1,1.0,4.0,4,43.0,10.8,0.0,1.0,1,18.8,18.8,9.4%,37.865,3
233.0,James Cook,11.0,39.0,3.5,13,0,1.0,4.0,5,48.0,12.0,0.0,0.0,1,18.7,18.7,97.7%,36.975,3
232.0,Zack Moss,12.0,58.0,4.8,15,0,1.0,5.0,6,39.0,7.8,0.0,0.0,1,20.7,20.7,16.9%,36.220000000000006,3
231.0,Zach Charbonnet,18.0,91.0,5.1,13,0,2.0,3.0,4,16.0,5.3,0.0,0.0,1,25.7,25.7,79.8%,32.215,3
230.0,David Montgomery,23.0,105.0,4.6,16,0,1.0,3.0,3,17.0,5.7,0.0,0.0,1,21.2,21.2,93.9%,32.14,3
229.0,Emanuel Wilson,12.0,50.0,4.2,10,0,0.0,2.0,2,35.0,17.5,1.0,0.0,1,16.5,16.5,3.5%,31.429999999999996,3
228.0,Tyjae Spears,2.0,7.0,3.5,6,0,0.0,4.0,4,54.0,13.5,0.0,0.0,1,10.1,10.1,69.2%,31.174999999999997,3
227.0,Breece Hall,16.0,54.0,3.4,10,0,1.0,4.0,5,29.0,7.3,0.0,0.0,1,18.3,18.3,96.7%,30.21,3
226.0,Jahmyr Gibbs,16.0,83.0,5.2,18,0,0.0,0.0,0,20.0,0,1.0,0.0,1,16.3,16.3,99.0%,28.230000000000004,3
225.0,Jerome Ford,10.0,37.0,3.7,12,0,0.0,3.0,4,33.0,11.0,0.0,0.0,1,10.0,10.0,38.5%,25.405,3
224.0,Alexander Mattison,3.0,7.0,2.3,3,0,1.0,3.0,3,37.0,12.3,0.0,0.0,1,13.4,13.4,8.8%,25.095000000000002,3
223.0,Roschon Johnson,8.0,30.0,3.8,9,0,0.0,4.0,5,32.0,8.0,0.0,0.0,1,10.2,10.2,27.1%,24.27,3
222.0,Najee Harris,18.0,70.0,3.9,21,1,0.0,5.0,5,16.0,3.2,0.0,0.0,1,13.6,13.6,83.2%,23.885,3
221.0,Travis Etienne Jr.,11.0,68.0,6.2,22,1,0.0,4.0,6,17.0,4.3,0.0,0.0,1,12.5,12.5,83.3%,23.13,3
220.0,Ty Johnson,3.0,18.0,6.0,18,0,0.0,3.0,3,28.0,9.3,1.0,0.0,1,13.6,13.6,5.4%,23.1,3
219.0,Austin Ekeler,3.0,35.0,11.7,24,1,1.0,2.0,2,22.0,11.0,0.0,0.0,1,13.7,13.7,69.1%,22.605000000000004,3
218.0,De'Von Achane,11.0,30.0,2.7,13,0,0.0,3.0,5,28.0,9.3,0.0,0.0,1,8.8,8.8,97.9%,21.805000000000003,3
217.0,Hunter Luepke,0.0,0.0,0.0,0,0,0.0,2.0,3,41.0,20.5,0.0,0.0,1,6.1,6.1,0.1%,21.699999999999996,3
216.0,Bucky Irving,9.0,70.0,7.8,32,1,0.0,3.0,3,14.0,4.7,0.0,0.0,1,11.4,11.4,98.1%,21.370000000000005,3
215.0,Bijan Robinson,16.0,31.0,1.9,7,0,1.0,2.0,2,21.0,10.5,0.0,0.0,1,13.2,13.2,98.7%,21.335000000000004,3
214.0,Jordan Mason,19.0,77.0,4.1,18,0,0.0,2.0,2,11.0,5.5,0.0,0.0,1,10.8,10.8,68.3%,20.765,3
213.0,Rico Dowdle,8.0,32.0,4.0,6,0,0.0,3.0,5,24.0,8.0,0.0,0.0,1,8.6,8.6,41.4%,20.0,3
212.0,Javonte Williams,5.0,12.0,2.4,5,0,0.0,4.0,4,29.0,7.3,0.0,1.0,1,6.1,6.1,79.2%,18.459999999999997,3
211.0,Braelon Allen,11.0,55.0,5.0,11,0,0.0,3.0,3,13.0,4.3,0.0,0.0,1,9.8,9.8,28.8%,18.400000000000002,3
210.0,Justice Hill,5.0,33.0,6.6,17,0,0.0,2.0,2,21.0,10.5,0.0,0.0,1,7.4,7.4,21.4%,18.14,3
242.0,D'Andre Swift,16.0,93.0,5.8,36,1,1.0,7.0,7,72.0,10.3,0.0,0.0,1,29.5,29.5,89.3%,59.720000000000006,4
241.0,Justice Hill,4.0,18.0,4.5,11,0,0.0,6.0,6,78.0,13.0,1.0,0.0,1,21.6,21.6,21.4%,49.775,4
240.0,Derrick Henry,24.0,199.0,8.3,87,3,1.0,3.0,3,10.0,3.3,1.0,0.0,1,35.9,35.9,98.7%,46.795,4
239.0,Jordan Mason,24.0,123.0,5.1,25,2,1.0,2.0,3,37.0,18.5,0.0,0.0,1,24.0,24.0,68.3%,44.41500000000001,4
238.0,Kenneth Walker III,12.0,80.0,6.7,28,3,3.0,4.0,5,36.0,9.0,0.0,0.0,1,33.6,33.6,94.4%,43.904999999999994,4
237.0,Alvin Kamara,19.0,77.0,4.1,15,0,1.0,7.0,9,42.0,6.0,0.0,0.0,1,24.9,24.9,94.9%,42.36500000000001,4
236.0,Aaron Jones Sr.,22.0,93.0,4.2,17,0,0.0,4.0,5,46.0,11.5,0.0,0.0,1,17.9,17.9,90.1%,42.17999999999999,4
235.0,Antonio Gibson,6.0,12.0,2.0,5,0,0.0,3.0,4,67.0,22.3,0.0,0.0,1,10.9,10.9,13.5%,38.00000000000001,4
234.0,Najee Harris,13.0,19.0,1.5,5,0,0.0,3.0,6,54.0,18.0,0.0,0.0,1,10.3,10.3,83.2%,33.175000000000004,4
233.0,Chuba Hubbard,18.0,104.0,5.8,38,1,1.0,4.0,4,17.0,4.3,0.0,0.0,1,22.1,22.1,94.1%,32.27,4
232.0,Saquon Barkley,10.0,84.0,8.4,59,1,0.0,2.0,4,32.0,16.0,0.0,0.0,1,13.6,13.6,99.0%,32.06,4
231.0,David Montgomery,12.0,40.0,3.3,13,0,1.0,1.0,1,40.0,40.0,0.0,0.0,1,15.0,15.0,93.9%,31.395000000000003,4
230.0,Dare Ogunbowale,2.0,7.0,3.5,6,0,0.0,4.0,4,47.0,11.8,1.0,0.0,1,15.4,15.4,1.5%,31.074999999999996,4
229.0,Bijan Robinson,7.0,28.0,4.0,9,0,0.0,4.0,4,46.0,11.5,0.0,0.0,1,11.4,11.4,98.7%,30.9,4
228.0,Jonathan Taylor,21.0,88.0,4.2,21,1,1.0,3.0,4,20.0,6.7,0.0,0.0,1,19.8,19.8,98.0%,30.830000000000005,4
227.0,Tony Pollard,22.0,88.0,4.0,41,1,1.0,2.0,2,20.0,10.0,0.0,0.0,1,18.8,18.8,88.3%,30.3,4
226.0,Zack Moss,15.0,51.0,3.4,13,0,0.0,4.0,4,27.0,6.8,1.0,0.0,1,17.8,17.8,16.9%,28.96,4
225.0,Brian Robinson Jr.,21.0,101.0,4.8,18,0,1.0,3.0,3,12.0,4.0,0.0,0.0,1,20.3,20.3,86.6%,28.870000000000008,4
224.0,Jerome Ford,10.0,58.0,5.8,35,1,0.0,7.0,7,27.0,3.9,0.0,0.0,1,15.5,15.5,38.5%,28.27,4
223.0,Rachaad White,10.0,49.0,4.9,17,0,0.0,2.0,3,35.0,17.5,0.0,0.0,1,10.4,10.4,73.8%,27.785000000000004,4
222.0,Chase Brown,15.0,80.0,5.3,20,1,2.0,2.0,3,12.0,6.0,0.0,0.0,1,23.2,23.2,95.0%,27.695,4
221.0,Kyren Williams,19.0,94.0,4.9,14,0,1.0,4.0,4,10.0,2.5,0.0,0.0,1,20.4,20.4,97.7%,27.235,4
220.0,James Conner,18.0,104.0,5.8,20,1,1.0,1.0,1,9.0,9.0,0.0,0.0,1,18.3,18.3,92.8%,26.470000000000002,4
219.0,Zach Charbonnet,2.0,15.0,7.5,12,0,0.0,5.0,5,39.0,7.8,0.0,0.0,1,10.4,10.4,79.8%,26.075,4
218.0,Josh Jacobs,9.0,51.0,5.7,13,0,0.0,4.0,6,27.0,6.8,0.0,0.0,1,11.8,11.8,98.1%,25.305,4
217.0,J.K. Dobbins,14.0,32.0,2.3,12,0,0.0,3.0,4,30.0,10.0,0.0,0.0,1,9.2,9.2,58.0%,23.345,4
216.0,Tyler Allgeier,8.0,60.0,7.5,15,0,0.0,2.0,2,20.0,10.0,0.0,0.0,1,10.0,10.0,47.7%,22.125,4
215.0,Jeremy McNichols,8.0,68.0,8.5,27,1,2.0,1.0,1,6.0,6.0,0.0,0.0,1,20.4,20.4,0.8%,22.075,4
214.0,Kareem Hunt,14.0,69.0,4.9,10,0,0.0,2.0,3,16.0,8.0,0.0,0.0,1,10.5,10.5,30.7%,21.685000000000002,4
213.0,Jahmyr Gibbs,14.0,78.0,5.6,20,1,2.0,0.0,0,0.0,0,0.0,0.0,1,19.8,19.8,99.0%,20.14,4
212.0,Rico Dowdle,11.0,46.0,4.2,9,0,0.0,1.0,1,15.0,15.0,1.0,0.0,1,13.1,13.1,41.4%,20.130000000000003,4
211.0,Rhamondre Stevenson,13.0,43.0,3.3,13,0,0.0,4.0,5,19.0,4.8,0.0,1.0,1,8.2,8.2,83.1%,19.045,4
240.0,D'Andre Swift,21.0,73.0,3.5,18,0,1.0,2.0,2,47.0,23.5,0.0,0.0,1,20.0,20.0,89.3%,41.37500000000001,5
239.0,Javonte Williams,13.0,61.0,4.7,17,0,0.0,5.0,6,50.0,10.0,0.0,0.0,1,16.1,16.1,79.2%,39.154999999999994,5
238.0,Tank Bigsby,13.0,101.0,7.8,65,1,2.0,1.0,1,28.0,28.0,0.0,0.0,1,25.9,25.9,73.5%,38.42,5
237.0,Dare Ogunbowale,15.0,30.0,2.0,7,0,0.0,6.0,7,57.0,9.5,0.0,0.0,1,14.7,14.7,1.5%,38.400000000000006,5
236.0,Kenneth Walker III,5.0,19.0,3.8,7,0,0.0,7.0,8,57.0,8.1,0.0,0.0,1,14.6,14.6,94.4%,36.620000000000005,5
235.0,Rico Dowdle,20.0,87.0,4.4,13,0,0.0,2.0,2,27.0,13.5,1.0,0.0,1,19.4,19.4,41.4%,33.81,5
234.0,Kareem Hunt,27.0,102.0,3.8,8,0,1.0,1.0,1,15.0,15.0,0.0,0.0,1,18.7,18.7,30.7%,29.770000000000003,5
233.0,Alvin Kamara,11.0,26.0,2.4,9,0,0.0,6.0,8,40.0,6.7,0.0,0.0,1,12.6,12.6,94.9%,28.960000000000004,5
232.0,Travis Etienne Jr.,6.0,17.0,2.8,4,0,0.0,6.0,7,43.0,7.2,0.0,0.0,1,12.0,12.0,83.3%,28.670000000000005,5
231.0,Austin Ekeler,6.0,67.0,11.2,50,1,0.0,2.0,2,30.0,15.0,0.0,0.0,1,11.7,11.7,69.1%,28.529999999999998,5
230.0,James Cook,20.0,82.0,4.1,12,0,1.0,2.0,3,17.0,8.5,0.0,0.0,1,17.9,17.9,97.7%,27.715000000000003,5
229.0,Josh Jacobs,19.0,73.0,3.8,13,0,1.0,1.0,1,21.0,21.0,0.0,0.0,1,16.4,16.4,98.1%,27.620000000000005,5
227.0,Najee Harris,14.0,42.0,3.0,6,0,0.0,2.0,2,35.0,17.5,0.0,0.0,1,9.7,9.7,83.2%,26.849999999999998,5
227.0,Eric Gray,4.0,4.0,1.0,2,0,0.0,3.0,4,50.0,16.7,0.0,1.0,1,6.4,6.4,0.8%,26.849999999999998,5
226.0,Trey Sermon,10.0,38.0,3.8,17,0,1.0,6.0,6,25.0,4.2,0.0,0.0,1,18.3,18.3,1.2%,26.470000000000006,5
225.0,Raheem Mostert,19.0,80.0,4.2,18,0,0.0,2.0,2,18.0,9.0,0.0,0.0,1,11.8,11.8,16.0%,24.729999999999997,5
224.0,James Conner,19.0,86.0,4.5,14,0,0.0,2.0,3,14.0,7.0,0.0,0.0,1,14.0,14.0,92.8%,24.675000000000004,5
223.0,Tyrone Tracy Jr.,18.0,129.0,7.2,27,2,0.0,1.0,2,1.0,1.0,0.0,0.0,1,14.0,14.0,86.1%,23.330000000000002,5
222.0,Rhamondre Stevenson,12.0,89.0,7.4,33,1,1.0,4.0,4,3.0,0.8,0.0,0.0,1,19.2,19.2,83.1%,22.66,5
221.0,Tyler Goodson,5.0,26.0,5.2,17,0,0.0,3.0,3,31.0,10.3,0.0,0.0,1,8.7,8.7,1.6%,22.48,5
220.0,Kyren Williams,22.0,102.0,4.6,30,1,1.0,1.0,1,3.0,3.0,0.0,1.0,1,15.5,15.5,97.7%,22.29,5
219.0,Derrick Henry,15.0,92.0,6.1,51,1,1.0,1.0,1,4.0,4.0,0.0,0.0,1,16.6,16.6,98.7%,21.915000000000003,5
218.0,Alexander Mattison,15.0,38.0,2.5,8,0,0.0,2.0,3,23.0,11.5,0.0,0.0,1,10.1,10.1,8.8%,21.275,5
217.0,Bijan Robinson,12.0,61.0,5.1,28,1,0.0,3.0,3,16.0,5.3,0.0,0.0,1,10.7,10.7,98.7%,20.915000000000003,5
216.0,Zack Moss,9.0,24.0,2.7,8,0,0.0,3.0,4,28.0,9.3,0.0,0.0,1,8.2,8.2,16.9%,20.705,5
215.0,Chuba Hubbard,13.0,97.0,7.5,38,1,1.0,4.0,4,-2.0,-0.5,0.0,1.0,1,17.5,17.5,94.1%,20.375000000000004,5
214.0,Jordan Mason,14.0,89.0,6.4,34,2,0.0,1.0,1,9.0,9.0,0.0,1.0,1,8.8,8.8,68.3%,19.71,5
213.0,Chase Brown,12.0,46.0,3.8,16,0,0.0,3.0,3,8.0,2.7,1.0,0.0,1,16.4,16.4,95.0%,18.87,5
212.0,Aaron Jones Sr.,7.0,29.0,4.1,9,0,0.0,1.0,1,24.0,24.0,0.0,0.0,1,6.3,6.3,90.1%,18.265,5
211.0,Ameer Abdullah,5.0,42.0,8.4,40,1,1.0,3.0,3,9.0,3.0,0.0,0.0,1,14.1,14.1,1.0%,17.46,5
210.0,D'Onta Foreman,9.0,44.0,4.9,25,1,0.0,1.0,1,16.0,16.0,0.0,0.0,1,7.0,7.0,2.7%,16.835,5
209.0,Miles Sanders,2.0,6.0,3.0,4,0,0.0,2.0,3,27.0,13.5,0.0,0.0,1,5.3,5.3,11.5%,16.25,5
243.0,Sean Tucker,14.0,136.0,9.7,36,1,1.0,3.0,3,56.0,18.7,1.0,0.0,1,34.2,34.2,8.3%,59.555,6
242.0,Breece Hall,18.0,113.0,6.3,42,2,0.0,5.0,6,56.0,11.2,0.0,0.0,1,21.9,21.9,96.7%,50.69499999999999,6
241.0,Ray Davis,20.0,97.0,4.9,15,0,0.0,3.0,3,55.0,18.3,0.0,0.0,1,18.2,18.2,43.8%,46.585,6
240.0,Tyrone Tracy Jr.,17.0,50.0,2.9,11,0,1.0,6.0,6,57.0,9.5,0.0,0.0,1,22.7,22.7,86.1%,44.83500000000001,6
239.0,Joe Mixon,13.0,102.0,7.8,59,2,1.0,2.0,3,30.0,15.0,1.0,0.0,1,27.2,27.2,96.9%,40.470000000000006,6
238.0,D'Andre Swift,17.0,91.0,5.4,19,0,1.0,4.0,4,28.0,7.0,0.0,0.0,1,21.9,21.9,89.3%,35.66,6
237.0,Kenneth Walker III,14.0,32.0,2.3,8,0,1.0,8.0,8,37.0,4.6,0.0,0.0,1,20.9,20.9,94.4%,32.945,6
236.0,Najee Harris,14.0,106.0,7.6,36,2,1.0,2.0,2,16.0,8.0,0.0,0.0,1,20.2,20.2,83.2%,30.74,6
235.0,Bucky Irving,14.0,81.0,5.8,31,1,1.0,2.0,2,24.0,12.0,0.0,0.0,1,18.5,18.5,98.1%,30.72,6
234.0,Austin Ekeler,9.0,21.0,2.3,6,0,0.0,4.0,5,47.0,11.8,0.0,0.0,1,10.8,10.8,69.1%,30.294999999999998,6
233.0,Bijan Robinson,15.0,95.0,6.3,17,0,2.0,3.0,4,10.0,3.3,0.0,0.0,1,25.5,25.5,98.7%,29.695,6
232.0,Derrick Henry,24.0,132.0,5.5,27,1,2.0,0.0,0,0.0,0,0.0,0.0,1,25.2,25.2,98.7%,29.225,6
231.0,Alexander Mattison,14.0,33.0,2.4,9,0,1.0,5.0,5,32.0,6.4,0.0,0.0,1,17.5,17.5,8.8%,28.81,6
230.0,Emari Demercado,4.0,25.0,6.3,8,0,0.0,5.0,7,39.0,7.8,0.0,0.0,1,11.4,11.4,1.7%,27.595,6
229.0,Josh Jacobs,18.0,62.0,3.4,14,0,0.0,3.0,3,28.0,9.3,0.0,0.0,1,12.0,12.0,98.1%,27.41,6
228.0,Jahmyr Gibbs,12.0,63.0,5.3,15,0,0.0,3.0,5,28.0,9.3,0.0,0.0,1,12.1,12.1,99.0%,27.245,6
227.0,Kimani Vidal,4.0,11.0,2.8,6,0,0.0,2.0,2,40.0,20.0,1.0,0.0,1,13.1,13.1,6.5%,27.07,6
226.0,Pierre Strong Jr.,8.0,43.0,5.4,14,0,0.0,2.0,3,35.0,17.5,0.0,0.0,1,9.8,9.8,1.1%,26.76,6
225.0,Alvin Kamara,13.0,40.0,3.1,7,0,1.0,5.0,8,24.0,4.8,0.0,0.0,1,17.4,17.4,94.9%,25.865000000000002,6
224.0,Chuba Hubbard,18.0,92.0,5.1,19,0,0.0,5.0,6,11.0,2.2,0.0,0.0,1,15.3,15.3,94.1%,24.865000000000002,6
223.0,J.K. Dobbins,25.0,96.0,3.8,20,1,1.0,2.0,2,6.0,3.0,0.0,0.0,1,18.2,18.2,58.0%,24.770000000000003,6
222.0,Tyler Allgeier,18.0,105.0,5.8,20,1,1.0,1.0,1,3.0,3.0,0.0,0.0,1,19.8,19.8,47.7%,24.620000000000005,6
221.0,Rico Dowdle,5.0,25.0,5.0,12,0,0.0,5.0,6,30.0,6.0,0.0,0.0,1,10.5,10.5,41.4%,23.0,6
220.0,David Montgomery,12.0,80.0,6.7,19,0,2.0,1.0,1,0.0,0.0,0.0,0.0,1,21.0,21.0,93.9%,21.005,6
219.0,Emanuel Wilson,7.0,54.0,7.7,16,0,0.0,1.0,2,19.0,19.0,0.0,0.0,1,8.3,8.3,3.5%,20.055,6
218.0,Chase Brown,10.0,53.0,5.3,30,1,1.0,2.0,3,11.0,5.5,0.0,0.0,1,14.4,14.4,95.0%,19.545,6
217.0,Tony Pollard,17.0,93.0,5.5,23,1,1.0,3.0,3,-5.0,-1.7,0.0,0.0,1,17.8,17.8,88.3%,18.875000000000004,6
216.0,Tyler Goodson,8.0,51.0,6.4,33,1,0.0,4.0,5,14.0,3.5,0.0,0.0,1,10.5,10.5,1.6%,18.810000000000002,6
215.0,Antonio Gibson,13.0,19.0,1.5,7,0,0.0,3.0,4,24.0,8.0,0.0,0.0,1,7.3,7.3,13.5%,18.175,6
214.0,Jordan Mason,9.0,73.0,8.1,38,1,0.0,1.0,2,9.0,9.0,0.0,0.0,1,9.2,9.2,68.3%,18.165,6
213.0,Dameon Pierce,8.0,76.0,9.5,54,1,1.0,1.0,1,1.0,1.0,0.0,0.0,1,14.7,14.7,10.1%,17.825000000000003,6
212.0,Isaac Guerendo,10.0,99.0,9.9,76,1,0.0,0.0,0,0.0,0,0.0,0.0,1,9.9,9.9,53.1%,17.335,6
238.0,Breece Hall,12.0,38.0,3.2,13,0,1.0,6.0,9,103.0,17.2,0.0,0.0,1,26.1,26.1,96.7%,65.58,7
237.0,Rachaad White,10.0,40.0,4.0,8,0,0.0,6.0,6,71.0,11.8,2.0,0.0,1,29.1,29.1,73.8%,53.5,7
236.0,Jahmyr Gibbs,15.0,116.0,7.7,45,1,2.0,4.0,4,44.0,11.0,0.0,0.0,1,32.0,32.0,99.0%,50.655,7
235.0,James Conner,19.0,101.0,5.3,14,0,0.0,2.0,4,51.0,25.5,0.0,0.0,1,17.2,17.2,92.8%,44.545,7
234.0,Bijan Robinson,21.0,103.0,4.9,26,1,1.0,3.0,5,40.0,13.3,0.0,0.0,1,23.3,23.3,98.7%,43.184999999999995,7
233.0,Saquon Barkley,17.0,176.0,10.4,55,3,1.0,2.0,3,11.0,5.5,0.0,0.0,1,26.7,26.7,99.0%,39.46,7
232.0,Derrick Henry,15.0,169.0,11.3,81,2,0.0,1.0,1,13.0,13.0,1.0,0.0,1,25.2,25.2,98.7%,39.045,7
231.0,Bucky Irving,9.0,23.0,2.6,6,0,1.0,3.0,3,54.0,18.0,0.0,0.0,1,16.7,16.7,98.1%,36.64,7
230.0,Javonte Williams,14.0,88.0,6.3,20,1,2.0,3.0,3,23.0,7.7,0.0,0.0,1,26.1,26.1,79.2%,35.045,7
229.0,Alexander Mattison,23.0,92.0,4.0,13,0,0.0,3.0,3,31.0,10.3,0.0,0.0,1,15.3,15.3,8.8%,34.00000000000001,7
228.0,Aaron Jones Sr.,14.0,93.0,6.6,34,1,1.0,3.0,3,23.0,7.7,0.0,0.0,1,20.6,20.6,90.1%,32.74,7
227.0,Joe Mixon,25.0,115.0,4.6,32,1,2.0,2.0,3,9.0,4.5,0.0,0.0,1,26.4,26.4,96.9%,32.34,7
226.0,Kenneth Walker III,14.0,69.0,4.9,20,1,1.0,2.0,2,24.0,12.0,1.0,0.0,1,23.3,23.3,94.4%,32.185,7
225.0,JaMycal Hasty,2.0,-2.0,-1.0,2,0,0.0,5.0,5,49.0,9.8,1.0,0.0,1,15.7,15.7,1.1%,30.650000000000002,7
224.0,Justice Hill,5.0,4.0,0.8,3,0,0.0,3.0,3,44.0,14.7,1.0,0.0,1,13.8,13.8,21.4%,28.42,7
223.0,Josh Jacobs,12.0,76.0,6.3,27,1,0.0,5.0,5,16.0,3.2,1.0,0.0,1,20.2,20.2,98.1%,27.945,7
222.0,Tank Bigsby,26.0,118.0,4.5,13,0,2.0,0.0,1,0.0,0,0.0,0.0,1,23.8,23.8,73.5%,27.175,7
221.0,David Montgomery,9.0,31.0,3.4,8,0,0.0,3.0,4,39.0,13.0,0.0,1.0,1,8.0,8.0,93.9%,26.26,7
220.0,D'Ernest Johnson,9.0,38.0,4.2,10,0,0.0,3.0,4,32.0,10.7,0.0,0.0,1,10.0,10.0,1.0%,25.03,7
219.0,Kareem Hunt,22.0,78.0,3.5,13,0,2.0,2.0,2,5.0,2.5,0.0,0.0,1,22.3,22.3,30.7%,24.325,7
218.0,J.K. Dobbins,14.0,40.0,2.9,11,0,0.0,3.0,3,26.0,8.7,0.0,0.0,1,9.6,9.6,58.0%,22.635,7
217.0,Najee Harris,21.0,102.0,4.9,34,1,1.0,0.0,1,0.0,0,0.0,0.0,1,16.2,16.2,83.2%,21.235000000000003,7
216.0,Kyren Williams,21.0,76.0,3.6,14,0,2.0,0.0,0,0.0,0,0.0,0.0,1,19.6,19.6,97.7%,20.24,7
215.0,Zack Moss,6.0,7.0,1.2,3,0,0.0,3.0,3,33.0,11.0,0.0,0.0,1,7.0,7.0,16.9%,20.13,7
214.0,De'Von Achane,15.0,77.0,5.1,15,0,0.0,2.0,3,8.0,4.0,0.0,0.0,1,10.5,10.5,97.9%,19.015,7
213.0,Jordan Mason,14.0,58.0,4.1,26,1,0.0,2.0,2,11.0,5.5,0.0,0.0,1,8.9,8.9,68.3%,17.415,7
212.0,Jaylen Warren,12.0,44.0,3.7,10,0,0.0,2.0,3,15.0,7.5,0.0,0.0,1,7.9,7.9,85.3%,17.055,7
211.0,Kenneth Gainwell,13.0,56.0,4.3,14,0,0.0,1.0,1,11.0,11.0,0.0,0.0,1,7.7,7.7,4.4%,16.445,7
210.0,Brian Robinson Jr.,12.0,71.0,5.9,11,0,1.0,0.0,0,0.0,0,0.0,0.0,1,13.1,13.1,86.6%,15.834999999999999,7
209.0,Ray Davis,5.0,41.0,8.2,22,1,1.0,1.0,1,6.0,6.0,0.0,0.0,1,11.7,11.7,43.8%,14.58,7
208.0,Tony Pollard,16.0,61.0,3.8,14,0,0.0,2.0,6,4.0,2.0,0.0,0.0,1,8.5,8.5,88.3%,14.52,7
207.0,Chase Brown,15.0,44.0,2.9,22,1,0.0,2.0,2,9.0,4.5,0.0,0.0,1,7.3,7.3,95.0%,14.234999999999998,7
239.0,De'Von Achane,10.0,97.0,9.7,47,1,0.0,6.0,8,50.0,8.3,1.0,0.0,1,26.7,26.7,97.9%,49.005,8
238.0,Alvin Kamara,10.0,67.0,6.7,24,2,0.0,6.0,11,55.0,9.2,0.0,0.0,1,18.2,18.2,94.9%,43.155,8
237.0,Bijan Robinson,13.0,63.0,4.8,13,0,0.0,7.0,7,43.0,6.1,1.0,0.0,1,23.6,23.6,98.7%,40.56999999999999,8
236.0,Joe Mixon,25.0,102.0,4.1,21,1,1.0,4.0,6,32.0,8.0,0.0,0.0,1,23.4,23.4,96.9%,39.915,8
235.0,James Cook,17.0,111.0,6.5,18,0,2.0,3.0,3,22.0,7.3,0.0,0.0,1,28.3,28.3,97.7%,38.325,8
234.0,Kyren Williams,23.0,97.0,4.2,17,0,0.0,5.0,7,19.0,3.8,1.0,0.0,1,22.6,22.6,97.7%,33.38,8
233.0,Bucky Irving,9.0,44.0,4.9,15,0,0.0,7.0,7,40.0,5.7,0.0,0.0,1,15.4,15.4,98.1%,32.435,8
232.0,Tyrone Tracy Jr.,20.0,145.0,7.3,45,2,1.0,2.0,3,5.0,2.5,0.0,0.0,1,23.0,23.0,86.1%,31.645,8
231.0,Aaron Jones Sr.,19.0,58.0,3.1,9,0,0.0,2.0,2,37.0,18.5,0.0,0.0,1,11.5,11.5,90.1%,30.765,8
230.0,Najee Harris,19.0,114.0,6.0,26,1,0.0,3.0,4,17.0,5.7,0.0,0.0,1,16.1,16.1,83.2%,30.200000000000003,8
229.0,Tony Pollard,20.0,94.0,4.7,17,0,0.0,3.0,4,23.0,7.7,0.0,0.0,1,14.7,14.7,88.3%,30.105000000000004,8
228.0,Rachaad White,6.0,29.0,4.8,8,0,0.0,5.0,6,38.0,7.6,1.0,1.0,1,15.7,15.7,73.8%,29.97,8
227.0,Jahmyr Gibbs,11.0,127.0,11.5,70,1,1.0,1.0,1,6.0,6.0,0.0,0.0,1,20.3,20.3,99.0%,28.575000000000003,8
226.0,Isaac Guerendo,14.0,85.0,6.1,19,0,1.0,3.0,4,17.0,5.7,0.0,0.0,1,19.2,19.2,53.1%,28.465,8
225.0,Jonathan Taylor,20.0,105.0,5.3,28,1,1.0,1.0,1,12.0,12.0,0.0,0.0,1,18.7,18.7,98.0%,28.245000000000005,8
224.0,Josh Jacobs,25.0,127.0,5.1,38,1,2.0,1.0,2,-2.0,-2.0,0.0,0.0,1,25.5,25.5,98.1%,28.115,8
223.0,Rhamondre Stevenson,20.0,48.0,2.4,7,0,2.0,3.0,3,17.0,5.7,0.0,0.0,1,23.5,23.5,83.1%,27.06,8
222.0,Miles Sanders,1.0,7.0,7.0,7,0,0.0,7.0,7,38.0,5.4,0.0,0.0,1,11.5,11.5,11.5%,25.400000000000002,8
221.0,D'Andre Swift,18.0,129.0,7.2,56,2,1.0,0.0,0,0.0,0,0.0,0.0,1,18.9,18.9,89.3%,25.330000000000002,8
220.0,James Conner,20.0,53.0,2.7,17,0,1.0,2.0,3,16.0,8.0,0.0,0.0,1,14.9,14.9,92.8%,22.655,8
219.0,Kenneth Walker III,9.0,12.0,1.3,5,0,0.0,4.0,5,33.0,8.3,0.0,0.0,1,8.5,8.5,94.4%,21.794999999999995,8
218.0,J.K. Dobbins,17.0,57.0,3.4,13,0,1.0,4.0,7,11.0,2.8,0.0,0.0,1,16.8,16.8,58.0%,21.76,8
217.0,Alexander Mattison,14.0,15.0,1.1,5,0,0.0,5.0,5,29.0,5.8,0.0,0.0,1,9.4,9.4,8.8%,21.314999999999998,8
216.0,Saquon Barkley,22.0,108.0,4.9,19,0,0.0,1.0,1,3.0,3.0,0.0,0.0,1,12.1,12.1,99.0%,21.235,8
215.0,Breece Hall,16.0,80.0,5.0,16,0,0.0,1.0,3,9.0,9.0,0.0,0.0,1,9.9,9.9,96.7%,19.45,8
214.0,Tank Bigsby,18.0,78.0,4.3,16,0,0.0,2.0,3,8.0,4.0,0.0,0.0,1,10.6,10.6,73.5%,19.345,8
213.0,Chuba Hubbard,15.0,56.0,3.7,15,0,0.0,2.0,2,15.0,7.5,0.0,0.0,1,9.1,9.1,94.1%,19.155,8
212.0,Zack Moss,5.0,11.0,2.2,4,0,0.0,4.0,4,28.0,7.0,0.0,0.0,1,7.9,7.9,16.9%,18.880000000000003,8
211.0,Derrick Henry,11.0,73.0,6.6,39,1,1.0,1.0,1,4.0,4.0,0.0,0.0,1,14.7,14.7,98.7%,18.740000000000002,8
210.0,Brian Robinson Jr.,16.0,65.0,4.1,19,0,0.0,1.0,1,11.0,11.0,0.0,0.0,1,8.6,8.6,86.6%,18.064999999999998,8
209.0,Jaleel McLaughlin,8.0,47.0,5.9,10,0,0.0,1.0,1,9.0,9.0,1.0,0.0,1,12.6,12.6,18.3%,17.235,8
208.0,Kareem Hunt,21.0,59.0,2.8,7,0,1.0,1.0,1,4.0,4.0,0.0,0.0,1,13.3,13.3,30.7%,17.07,8
237.0,Alvin Kamara,29.0,155.0,5.3,20,1,0.0,6.0,9,60.0,10.0,0.0,0.0,1,27.5,27.5,94.9%,60.545,9
236.0,Saquon Barkley,27.0,159.0,5.9,21,1,1.0,3.0,4,40.0,13.3,1.0,1.0,1,32.9,32.9,99.0%,54.635,9
235.0,De'Von Achane,12.0,63.0,5.3,12,0,1.0,8.0,8,58.0,7.3,1.0,0.0,1,32.1,32.1,97.9%,51.74500000000001,9
234.0,Bijan Robinson,19.0,86.0,4.5,16,0,0.0,7.0,7,59.0,8.4,0.0,0.0,1,21.5,21.5,98.7%,49.175000000000004,9
233.0,Chase Brown,27.0,120.0,4.4,21,1,0.0,5.0,5,37.0,7.4,1.0,0.0,1,26.7,26.7,95.0%,46.26,9
232.0,Ray Davis,4.0,20.0,5.0,8,0,0.0,2.0,2,70.0,35.0,1.0,0.0,1,17.0,17.0,43.8%,43.75,9
231.0,Derrick Henry,23.0,106.0,4.6,20,1,2.0,1.0,1,27.0,27.0,0.0,0.0,1,26.3,26.3,98.7%,39.19000000000001,9
230.0,Tony Pollard,28.0,128.0,4.6,32,1,0.0,3.0,3,26.0,8.7,0.0,0.0,1,18.4,18.4,88.3%,37.49,9
229.0,Rico Dowdle,12.0,75.0,6.3,15,0,0.0,5.0,6,32.0,6.4,1.0,0.0,1,21.7,21.7,41.4%,35.795,9
228.0,Austin Ekeler,11.0,42.0,3.8,20,1,1.0,3.0,4,41.0,13.7,0.0,0.0,1,17.3,17.3,69.1%,33.370000000000005,9
227.0,J.K. Dobbins,14.0,85.0,6.1,34,1,2.0,2.0,2,20.0,10.0,0.0,0.0,1,24.5,24.5,58.0%,32.465,9
226.0,Rhamondre Stevenson,10.0,16.0,1.6,5,0,1.0,5.0,5,38.0,7.6,1.0,0.0,1,22.4,22.4,83.1%,32.14,9
225.0,Javonte Williams,12.0,42.0,3.5,7,0,0.0,2.0,3,42.0,21.0,0.0,0.0,1,10.4,10.4,79.2%,30.224999999999998,9
224.0,Kenneth Walker III,25.0,83.0,3.3,10,0,0.0,3.0,3,24.0,8.0,0.0,0.0,1,13.7,13.7,94.4%,29.245,9
223.0,D'Andre Swift,16.0,51.0,3.2,13,0,0.0,6.0,6,31.0,5.2,0.0,0.0,1,14.2,14.2,89.3%,28.830000000000005,9
222.0,Kareem Hunt,27.0,106.0,3.9,15,0,1.0,1.0,1,11.0,11.0,0.0,0.0,1,18.7,18.7,30.7%,28.385000000000005,9
221.0,Kyren Williams,22.0,69.0,3.1,9,0,0.0,1.0,3,26.0,26.0,0.0,0.0,1,10.5,10.5,97.7%,26.615000000000002,9
220.0,David Montgomery,17.0,73.0,4.3,12,0,0.0,3.0,3,23.0,7.7,0.0,0.0,1,12.6,12.6,93.9%,26.595,9
219.0,James Conner,18.0,107.0,5.9,16,0,0.0,3.0,3,12.0,4.0,0.0,0.0,1,14.9,14.9,92.8%,26.535000000000004,9
218.0,Justice Hill,5.0,15.0,3.0,8,0,0.0,3.0,3,43.0,14.3,0.0,0.0,1,8.8,8.8,21.4%,26.500000000000004,9
217.0,Raheem Mostert,10.0,56.0,5.6,16,0,0.0,2.0,2,32.0,16.0,0.0,1.0,1,8.8,8.8,16.0%,26.34,9
216.0,Emari Demercado,4.0,59.0,14.8,53,1,1.0,2.0,2,21.0,10.5,0.0,0.0,1,16.0,16.0,1.7%,26.270000000000003,9
215.0,Josh Jacobs,13.0,95.0,7.3,37,1,0.0,2.0,3,13.0,6.5,0.0,0.0,1,12.8,12.8,98.1%,24.345,9
214.0,James Cook,10.0,44.0,4.4,13,0,0.0,5.0,6,25.0,5.0,0.0,0.0,1,11.9,11.9,97.7%,23.759999999999998,9
213.0,Aaron Jones Sr.,21.0,64.0,3.0,13,0,0.0,4.0,4,18.0,4.5,0.0,0.0,1,12.2,12.2,90.1%,23.549999999999997,9
212.0,Joe Mixon,24.0,106.0,4.4,29,1,1.0,0.0,0,0.0,0,0.0,0.0,1,16.6,16.6,96.9%,22.060000000000002,9
211.0,Samaje Perine,1.0,10.0,10.0,10,0,0.0,4.0,5,25.0,6.3,1.0,0.0,1,13.5,13.5,3.6%,21.4,9
210.0,Jahmyr Gibbs,11.0,65.0,5.9,18,0,1.0,1.0,2,11.0,11.0,0.0,0.0,1,14.6,14.6,99.0%,20.935000000000002,9
209.0,Chuba Hubbard,15.0,72.0,4.8,16,0,2.0,2.0,3,0.0,0.0,0.0,0.0,1,21.2,21.2,94.1%,20.419999999999998,9
208.0,Breece Hall,15.0,74.0,4.9,16,0,0.0,2.0,4,11.0,5.5,0.0,0.0,1,10.5,10.5,96.7%,20.035,9
207.0,Trey Benson,8.0,37.0,4.6,17,0,1.0,1.0,1,18.0,18.0,0.0,0.0,1,12.5,12.5,46.4%,19.740000000000002,9
206.0,Chris Brooks,2.0,13.0,6.5,9,0,0.0,3.0,4,28.0,9.3,0.0,0.0,1,7.1,7.1,0.7%,18.925,9
235.0,James Conner,12.0,33.0,2.8,12,0,1.0,5.0,5,80.0,16.0,0.0,0.0,1,22.3,22.3,92.8%,52.67,10
234.0,Christian McCaffrey,13.0,39.0,3.0,13,0,0.0,6.0,7,68.0,11.3,0.0,0.0,1,16.7,16.7,98.5%,45.2,10
233.0,Kareem Hunt,14.0,35.0,2.5,10,0,0.0,7.0,10,65.0,9.3,0.0,0.0,1,17.0,17.0,30.7%,43.725,10
232.0,Bijan Robinson,20.0,116.0,5.8,37,1,2.0,3.0,4,28.0,9.3,0.0,0.0,1,29.4,29.4,98.7%,42.27,10
231.0,Chase Brown,13.0,42.0,3.2,7,0,1.0,9.0,11,52.0,5.8,0.0,1.0,1,22.4,22.4,95.0%,41.48,10
230.0,Alvin Kamara,17.0,55.0,3.2,11,0,0.0,5.0,6,54.0,10.8,0.0,0.0,1,15.9,15.9,94.9%,40.43000000000001,10
229.0,Chuba Hubbard,28.0,153.0,5.5,26,3,1.0,4.0,6,16.0,4.0,0.0,1.0,1,24.9,24.9,94.1%,38.975,10
228.0,Joe Mixon,25.0,46.0,1.8,8,0,1.0,2.0,4,44.0,22.0,0.0,0.0,1,17.0,17.0,96.9%,35.97,10
227.0,Jahmyr Gibbs,19.0,71.0,3.7,20,1,0.0,2.0,3,37.0,18.5,0.0,0.0,1,12.8,12.8,99.0%,32.805,10
226.0,Rachaad White,10.0,31.0,3.1,8,0,0.0,6.0,7,39.0,6.5,1.0,0.0,1,19.0,19.0,73.8%,32.615,10
225.0,Breece Hall,10.0,52.0,5.2,14,0,0.0,4.0,4,31.0,7.8,0.0,0.0,1,12.3,12.3,96.7%,27.48,10
224.0,Jaylen Warren,14.0,66.0,4.7,12,0,0.0,2.0,2,29.0,14.5,0.0,1.0,1,9.5,9.5,85.3%,26.604999999999997,10
223.0,Jonathan Taylor,21.0,114.0,5.4,58,2,0.0,2.0,4,8.0,4.0,0.0,0.0,1,14.2,14.2,98.0%,25.21,10
222.0,Bucky Irving,13.0,73.0,5.6,14,0,1.0,3.0,3,14.0,4.7,0.0,0.0,1,17.7,17.7,98.1%,24.990000000000002,10
221.0,Trey Benson,10.0,62.0,6.2,14,0,0.0,2.0,2,25.0,12.5,0.0,0.0,1,10.7,10.7,46.4%,24.929999999999996,10
220.0,Aaron Jones Sr.,17.0,88.0,5.2,13,0,0.0,2.0,3,13.0,6.5,0.0,0.0,1,12.1,12.1,90.1%,23.380000000000003,10
219.0,Kyren Williams,15.0,62.0,4.1,9,0,0.0,5.0,6,20.0,4.0,0.0,1.0,1,11.2,11.2,97.7%,23.314999999999998,10
218.0,David Montgomery,12.0,32.0,2.7,12,0,1.0,1.0,2,24.0,24.0,0.0,0.0,1,12.6,12.6,93.9%,22.105,10
217.0,Tyrone Tracy Jr.,18.0,103.0,5.7,32,1,1.0,1.0,2,1.0,1.0,0.0,1.0,1,15.4,15.4,86.1%,21.205000000000002,10
216.0,James Cook,19.0,80.0,4.2,20,1,1.0,1.0,3,5.0,5.0,0.0,0.0,1,15.5,15.5,97.7%,20.73,10
215.0,Tony Pollard,9.0,44.0,4.9,15,0,0.0,4.0,4,19.0,4.8,0.0,0.0,1,10.3,10.3,88.3%,20.135,10
214.0,Samaje Perine,0.0,0.0,0.0,0,0,0.0,2.0,2,37.0,18.5,0.0,0.0,1,5.7,5.7,3.6%,19.700000000000003,10
213.0,Austin Ekeler,13.0,44.0,3.4,10,0,2.0,1.0,2,7.0,7.0,0.0,0.0,1,18.1,18.1,69.1%,18.71,10
212.0,Saquon Barkley,14.0,66.0,4.7,11,0,0.0,1.0,1,12.0,12.0,0.0,0.0,1,8.8,8.8,99.0%,18.605,10
211.0,Raheem Mostert,0.0,0.0,0.0,0,0,0.0,2.0,3,34.0,17.0,0.0,0.0,1,5.4,5.4,16.0%,18.2,10
210.0,Ty Johnson,0.0,0.0,0.0,0,0,0.0,3.0,3,32.0,10.7,0.0,0.0,1,6.2,6.2,5.4%,17.8,10
209.0,De'Von Achane,12.0,37.0,3.1,15,0,0.0,5.0,5,15.0,3.0,0.0,0.0,1,10.2,10.2,97.9%,17.714999999999996,10
208.0,Derrick Henry,16.0,68.0,4.3,11,0,1.0,1.0,1,3.0,3.0,0.0,0.0,1,14.1,14.1,98.7%,17.645000000000003,10
207.0,Rhamondre Stevenson,20.0,74.0,3.7,11,0,0.0,1.0,1,3.0,3.0,0.0,0.0,1,8.7,8.7,83.1%,15.755,10
206.0,D'Andre Swift,16.0,59.0,3.7,9,0,0.0,1.0,1,6.0,6.0,0.0,0.0,1,7.5,7.5,89.3%,14.605,10
205.0,J.K. Dobbins,15.0,50.0,3.3,12,0,0.0,3.0,3,5.0,1.7,0.0,0.0,1,8.5,8.5,58.0%,13.795000000000002,10
204.0,Najee Harris,21.0,53.0,2.5,11,0,1.0,0.0,0,0.0,0,0.0,0.0,1,11.3,11.3,83.2%,13.525,10
238.0,Saquon Barkley,26.0,146.0,5.6,39,2,2.0,2.0,3,52.0,26.0,0.0,0.0,1,33.8,33.8,99.0%,58.74000000000001,11
237.0,Joe Mixon,20.0,109.0,5.5,45,1,3.0,2.0,4,44.0,22.0,0.0,0.0,1,35.3,35.3,96.9%,51.675,11
236.0,Austin Ekeler,2.0,7.0,3.5,6,0,0.0,8.0,9,89.0,11.1,0.0,0.0,1,17.6,17.6,69.1%,51.07500000000001,11
235.0,Josh Jacobs,18.0,76.0,4.2,12,0,1.0,4.0,5,58.0,14.5,0.0,0.0,1,23.4,23.4,98.1%,48.33,11
234.0,Chase Brown,22.0,86.0,3.9,27,1,0.0,5.0,7,57.0,11.4,0.0,0.0,1,19.3,19.3,95.0%,47.18500000000001,11
233.0,Breece Hall,16.0,78.0,4.9,18,0,1.0,7.0,7,43.0,6.1,1.0,0.0,1,31.1,31.1,96.7%,46.23500000000001,11
232.0,Jahmyr Gibbs,11.0,69.0,6.3,23,1,1.0,1.0,1,54.0,54.0,0.0,0.0,1,19.3,19.3,99.0%,43.095000000000006,11
231.0,De'Von Achane,17.0,73.0,4.3,30,1,1.0,4.0,4,32.0,8.0,0.0,0.0,1,20.5,20.5,97.9%,34.795,11
230.0,David Montgomery,15.0,75.0,5.0,11,0,2.0,3.0,3,20.0,6.7,0.0,0.0,1,24.5,24.5,93.9%,31.5,11
229.0,Alexander Mattison,5.0,19.0,3.8,8,0,0.0,3.0,3,50.0,16.7,0.0,0.0,1,9.9,9.9,8.8%,30.72,11
228.0,Christian McCaffrey,19.0,79.0,4.2,11,0,0.0,4.0,5,27.0,6.8,0.0,0.0,1,14.6,14.6,98.5%,30.279999999999994,11
227.0,Javonte Williams,9.0,59.0,6.6,14,0,1.0,4.0,5,28.0,7.0,0.0,0.0,1,18.7,18.7,79.2%,30.239999999999995,11
226.0,Najee Harris,18.0,63.0,3.5,13,0,0.0,4.0,5,30.0,7.5,0.0,0.0,1,13.3,13.3,83.2%,29.175,11
225.0,Alvin Kamara,16.0,67.0,4.2,18,0,0.0,4.0,4,22.0,5.5,0.0,0.0,1,12.9,12.9,94.9%,25.680000000000003,11
224.0,Rhamondre Stevenson,20.0,73.0,3.7,12,0,0.0,4.0,4,16.0,4.0,0.0,0.0,1,12.9,12.9,83.1%,23.904999999999998,11
223.0,Jaylen Warren,9.0,41.0,4.6,9,0,0.0,4.0,4,27.0,6.8,0.0,0.0,1,10.8,10.8,85.3%,23.639999999999997,11
222.0,D'Andre Swift,14.0,71.0,5.1,39,1,1.0,2.0,2,13.0,6.5,0.0,0.0,1,16.4,16.4,89.3%,23.615000000000002,11
221.0,Bijan Robinson,12.0,35.0,2.9,9,0,0.0,4.0,4,28.0,7.0,0.0,0.0,1,10.3,10.3,98.7%,23.284999999999997,11
220.0,Brian Robinson Jr.,16.0,63.0,3.9,18,0,1.0,1.0,1,9.0,9.0,0.0,0.0,1,14.2,14.2,86.6%,19.835,11
219.0,Justice Hill,2.0,13.0,6.5,9,0,0.0,4.0,7,28.0,7.0,0.0,0.0,1,8.1,8.1,21.4%,19.525,11
218.0,Jerome Ford,5.0,10.0,2.0,5,0,0.0,4.0,4,29.0,7.3,0.0,0.0,1,7.9,7.9,38.5%,19.200000000000003,11
217.0,J.K. Dobbins,11.0,56.0,5.1,29,1,2.0,1.0,1,3.0,3.0,0.0,0.0,1,18.9,18.9,58.0%,18.564999999999998,11
216.0,James Cook,9.0,20.0,2.2,6,0,2.0,5.0,6,7.0,1.4,0.0,0.0,1,19.7,19.7,97.7%,16.929999999999996,11
215.0,Kenneth Walker III,14.0,54.0,3.9,11,0,1.0,2.0,2,5.0,2.5,0.0,0.0,1,13.9,13.9,94.4%,16.885,11
214.0,Kyren Williams,15.0,86.0,5.7,18,0,0.0,0.0,0,0.0,0,0.0,0.0,1,8.6,8.6,97.7%,15.254999999999999,11
213.0,Cam Akers,10.0,25.0,2.5,12,0,0.0,2.0,2,11.0,5.5,1.0,0.0,1,11.6,11.6,2.9%,15.225,11
212.0,Roschon Johnson,10.0,33.0,3.3,7,0,1.0,1.0,1,8.0,8.0,0.0,0.0,1,11.1,11.1,27.1%,14.145,11
211.0,Derrick Henry,13.0,65.0,5.0,31,1,1.0,0.0,0,0.0,0,0.0,1.0,1,10.5,10.5,98.7%,13.799999999999999,11
210.0,Ameer Abdullah,1.0,1.0,1.0,1,0,0.0,3.0,3,16.0,5.3,1.0,0.0,1,10.7,10.7,1.0%,13.600000000000001,11
209.0,Jonathan Taylor,24.0,57.0,2.4,10,0,0.0,1.0,2,3.0,3.0,0.0,0.0,1,7.0,7.0,98.0%,13.41,11
208.0,Ezekiel Elliott,1.0,8.0,8.0,8,0,0.0,3.0,3,16.0,5.3,0.0,0.0,1,5.4,5.4,5.1%,12.3,11
207.0,Kenneth Gainwell,4.0,43.0,10.8,14,0,0.0,1.0,1,6.0,6.0,0.0,0.0,1,5.9,5.9,4.4%,12.07,11
235.0,Saquon Barkley,26.0,255.0,9.8,72,2,2.0,4.0,4,47.0,11.8,0.0,0.0,1,46.2,46.2,99.0%,74.42,12
234.0,Bucky Irving,12.0,88.0,7.3,56,1,1.0,6.0,6,64.0,10.7,0.0,0.0,1,27.2,27.2,98.1%,54.195,12
233.0,Kenneth Walker III,16.0,41.0,2.6,14,0,0.0,4.0,6,52.0,13.0,0.0,0.0,1,13.3,13.3,94.4%,36.54,12
232.0,Aaron Jones Sr.,22.0,106.0,4.8,41,1,1.0,3.0,4,23.0,7.7,0.0,1.0,1,19.9,19.9,90.1%,34.12,12
231.0,Tony Pollard,24.0,119.0,5.0,27,1,1.0,3.0,5,10.0,3.3,0.0,0.0,1,21.9,21.9,88.3%,30.900000000000006,12
230.0,Ameer Abdullah,8.0,28.0,3.5,5,0,0.0,5.0,6,37.0,7.4,1.0,0.0,1,17.5,17.5,1.0%,30.425,12
229.0,David Montgomery,8.0,37.0,4.6,13,0,1.0,3.0,3,36.0,12.0,0.0,0.0,1,16.3,16.3,93.9%,29.940000000000005,12
228.0,Jahmyr Gibbs,21.0,90.0,4.3,17,0,2.0,3.0,3,9.0,3.0,0.0,0.0,1,24.9,24.9,99.0%,28.745,12
227.0,Josh Jacobs,26.0,106.0,4.1,18,0,3.0,0.0,1,0.0,0,0.0,0.0,1,28.6,28.6,98.1%,28.415000000000003,12
226.0,De'Von Achane,10.0,32.0,3.2,9,0,0.0,3.0,4,24.0,8.0,2.0,0.0,1,20.6,20.6,97.9%,26.880000000000003,12
225.0,James Conner,7.0,8.0,1.1,4,0,0.0,5.0,5,41.0,8.2,0.0,0.0,1,9.9,9.9,92.8%,25.564999999999998,12
224.0,D'Andre Swift,13.0,30.0,2.3,8,0,0.0,3.0,4,35.0,11.7,0.0,0.0,1,9.5,9.5,89.3%,25.445,12
223.0,Christian McCaffrey,11.0,31.0,2.8,9,0,0.0,3.0,4,37.0,12.3,0.0,1.0,1,7.8,7.8,98.5%,25.370000000000005,12
222.0,Derrick Henry,24.0,140.0,5.8,27,1,0.0,0.0,0,0.0,0,0.0,0.0,1,14.0,14.0,98.7%,24.270000000000003,12
221.0,Kareem Hunt,16.0,68.0,4.3,13,0,0.0,3.0,4,19.0,6.3,0.0,0.0,1,11.7,11.7,30.7%,23.745,12
220.0,Tyrone Tracy Jr.,9.0,42.0,4.7,16,0,0.0,4.0,4,28.0,7.0,0.0,1.0,1,9.0,9.0,86.1%,23.204999999999995,12
219.0,Jaylen Warren,11.0,45.0,4.1,15,0,1.0,3.0,4,19.0,6.3,0.0,0.0,1,15.4,15.4,85.3%,22.865000000000006,12
218.0,Rico Dowdle,19.0,86.0,4.5,9,0,0.0,3.0,3,12.0,4.0,0.0,1.0,1,10.8,10.8,41.4%,22.175000000000004,12
217.0,Joe Mixon,14.0,22.0,1.6,8,0,0.0,5.0,6,23.0,4.6,0.0,0.0,1,9.5,9.5,96.9%,19.439999999999998,12
216.0,J.K. Dobbins,6.0,40.0,6.7,17,0,0.0,3.0,5,19.0,6.3,0.0,0.0,1,8.9,8.9,58.0%,18.905,12
215.0,Nick Chubb,20.0,59.0,3.0,7,0,2.0,1.0,1,1.0,1.0,0.0,0.0,1,19.0,19.0,39.2%,18.599999999999998,12
214.0,Justice Hill,4.0,55.0,13.8,51,1,1.0,2.0,2,7.0,3.5,0.0,0.0,1,14.2,14.2,21.4%,18.520000000000003,12
213.0,Chuba Hubbard,16.0,58.0,3.6,13,0,1.0,1.0,5,2.0,2.0,0.0,0.0,1,15.0,15.0,94.1%,16.54,12
212.0,Rachaad White,12.0,37.0,3.1,9,0,1.0,1.0,1,10.0,10.0,0.0,0.0,1,11.7,11.7,73.8%,15.915000000000001,12
211.0,Najee Harris,16.0,41.0,2.6,11,0,0.0,2.0,2,13.0,6.5,0.0,0.0,1,7.4,7.4,83.2%,15.84,12
210.0,Kyren Williams,16.0,72.0,4.5,27,1,1.0,0.0,0,0.0,0,0.0,1.0,1,11.2,11.2,97.7%,15.075000000000001,12
209.0,Antonio Gibson,6.0,31.0,5.2,14,0,0.0,1.0,2,14.0,14.0,0.0,0.0,1,5.5,5.5,13.5%,13.629999999999999,12
208.0,Samaje Perine,1.0,13.0,13.0,13,0,0.0,2.0,2,11.0,5.5,0.0,0.0,1,4.4,4.4,3.6%,10.700000000000001,12
207.0,Chris Brooks,4.0,11.0,2.8,5,0,0.0,1.0,1,15.0,15.0,0.0,0.0,1,3.6,3.6,0.7%,10.57,12
206.0,Roschon Johnson,2.0,2.0,1.0,1,0,1.0,1.0,1,10.0,10.0,0.0,0.0,1,8.2,8.2,27.1%,9.349999999999998,12
205.0,Brian Robinson Jr.,5.0,13.0,2.6,7,0,0.0,1.0,2,11.0,11.0,0.0,0.0,1,3.4,3.4,86.6%,8.94,12
204.0,Devin Singletary,2.0,3.0,1.5,2,0,1.0,2.0,2,7.0,3.5,0.0,0.0,1,9.0,9.0,9.4%,8.674999999999999,12
235.0,Josh Jacobs,19.0,43.0,2.3,11,0,1.0,4.0,4,74.0,18.5,0.0,0.0,1,21.7,21.7,98.1%,51.195,13
234.0,Bucky Irving,25.0,152.0,6.1,43,1,1.0,3.0,3,33.0,11.0,0.0,0.0,1,27.5,27.5,98.1%,47.615,13
233.0,Najee Harris,16.0,75.0,4.7,20,1,1.0,6.0,6,54.0,9.0,0.0,0.0,1,24.9,24.9,83.2%,47.255,13
232.0,Bijan Robinson,26.0,102.0,3.9,15,0,1.0,6.0,6,33.0,5.5,0.0,0.0,1,25.5,25.5,98.7%,41.685,13
231.0,De'Von Achane,7.0,14.0,2.0,13,0,0.0,8.0,9,56.0,7.0,1.0,0.0,1,21.0,21.0,97.9%,39.3,13
230.0,David Montgomery,21.0,88.0,4.2,13,0,0.0,3.0,3,36.0,12.0,0.0,0.0,1,15.4,15.4,93.9%,35.730000000000004,13
229.0,Chase Brown,12.0,70.0,5.8,40,1,1.0,3.0,3,30.0,10.0,0.0,0.0,1,19.0,19.0,95.0%,32.470000000000006,13
228.0,Joe Mixon,20.0,101.0,5.1,30,1,1.0,4.0,6,18.0,4.5,0.0,0.0,1,21.9,21.9,96.9%,32.415,13
227.0,Jaylen Warren,3.0,9.0,3.0,6,0,0.0,4.0,4,55.0,13.8,0.0,0.0,1,10.4,10.4,85.3%,31.999999999999996,13
226.0,Derrick Henry,19.0,82.0,4.3,19,0,0.0,3.0,3,29.0,9.7,0.0,0.0,1,14.1,14.1,98.7%,31.145000000000003,13
225.0,Rico Dowdle,22.0,112.0,5.1,22,1,1.0,3.0,3,11.0,3.7,0.0,0.0,1,21.3,21.3,41.4%,30.165000000000006,13
224.0,James Cook,14.0,107.0,7.6,65,1,1.0,1.0,1,13.0,13.0,0.0,0.0,1,19.0,19.0,97.7%,28.790000000000006,13
223.0,Saquon Barkley,23.0,107.0,4.7,25,1,1.0,2.0,4,10.0,5.0,0.0,0.0,1,19.7,19.7,99.0%,28.354999999999997,13
222.0,Tyrone Tracy Jr.,9.0,32.0,3.6,7,0,1.0,2.0,3,33.0,16.5,0.0,0.0,1,14.5,14.5,86.1%,27.04,13
221.0,Kyren Williams,15.0,104.0,6.9,17,0,1.0,1.0,1,9.0,9.0,0.0,0.0,1,18.3,18.3,97.7%,26.335,13
220.0,D'Andre Swift,11.0,39.0,3.5,12,0,0.0,2.0,3,35.0,17.5,0.0,0.0,1,9.4,9.4,89.3%,26.174999999999997,13
219.0,Alvin Kamara,23.0,112.0,4.9,13,0,0.0,4.0,6,7.0,1.8,0.0,0.0,1,15.9,15.9,94.9%,25.735,13
218.0,Rhamondre Stevenson,18.0,73.0,4.1,32,1,0.0,3.0,3,21.0,7.0,0.0,0.0,1,12.4,12.4,83.1%,25.665000000000003,13
217.0,Jonathan Taylor,25.0,96.0,3.8,9,0,0.0,1.0,1,7.0,7.0,1.0,0.0,1,17.3,17.3,98.0%,24.970000000000002,13
216.0,Brian Robinson Jr.,16.0,103.0,6.4,40,1,1.0,1.0,1,6.0,6.0,0.0,0.0,1,17.9,17.9,86.6%,24.71,13
215.0,Tony Pollard,8.0,35.0,4.4,7,0,0.0,4.0,6,33.0,8.3,0.0,1.0,1,8.8,8.8,88.3%,24.509999999999998,13
214.0,Jahmyr Gibbs,9.0,87.0,9.7,28,1,0.0,2.0,4,17.0,8.5,0.0,1.0,1,10.4,10.4,99.0%,24.005000000000003,13
213.0,Cordarrelle Patterson,3.0,16.0,5.3,12,0,0.0,3.0,3,37.0,12.3,0.0,0.0,1,8.3,8.3,1.1%,23.795000000000005,13
212.0,Nick Chubb,9.0,21.0,2.3,10,0,0.0,2.0,2,24.0,12.0,1.0,0.0,1,12.5,12.5,39.2%,20.995,13
211.0,James Conner,17.0,68.0,4.0,16,0,0.0,3.0,4,13.0,4.3,0.0,0.0,1,11.1,11.1,92.8%,20.8,13
210.0,Isaiah Davis,1.0,4.0,4.0,4,0,0.0,3.0,3,28.0,9.3,1.0,0.0,1,12.2,12.2,7.5%,20.5,13
209.0,Chris Rodriguez Jr.,13.0,94.0,7.2,25,1,1.0,0.0,0,0.0,0,0.0,0.0,1,15.4,15.4,1.8%,19.580000000000005,13
208.0,Jerome Ford,9.0,41.0,4.6,21,1,0.0,1.0,1,21.0,21.0,0.0,0.0,1,7.2,7.2,38.5%,18.84,13
207.0,Christian McCaffrey,7.0,53.0,7.6,19,0,0.0,2.0,3,14.0,7.0,0.0,0.0,1,8.7,8.7,98.5%,17.99,13
206.0,Ray Davis,11.0,63.0,5.7,13,0,1.0,1.0,1,4.0,4.0,0.0,0.0,1,13.7,13.7,43.8%,17.105,13
205.0,Jonathon Brooks,6.0,18.0,3.0,9,0,0.0,3.0,3,23.0,7.7,0.0,0.0,1,7.1,7.1,8.6%,17.05,13
204.0,Travis Etienne Jr.,13.0,46.0,3.5,9,0,0.0,3.0,3,12.0,4.0,0.0,0.0,1,8.8,8.8,83.3%,16.525000000000002,13
238.0,Zach Charbonnet,22.0,134.0,6.1,51,2,2.0,7.0,7,59.0,8.4,0.0,0.0,1,38.3,38.3,79.8%,63.115,14
237.0,Chase Brown,14.0,58.0,4.1,10,0,0.0,6.0,8,65.0,10.8,1.0,0.0,1,24.3,24.3,95.0%,50.215,14
236.0,Isaac Guerendo,15.0,78.0,5.2,30,1,2.0,2.0,2,50.0,25.0,0.0,0.0,1,26.8,26.8,53.1%,46.38000000000001,14
235.0,James Conner,18.0,90.0,5.0,23,1,0.0,4.0,4,32.0,8.0,1.0,0.0,1,22.2,22.2,92.8%,37.85,14
234.0,De'Von Achane,14.0,24.0,1.7,7,0,1.0,6.0,7,45.0,7.5,0.0,0.0,1,18.9,18.9,97.9%,34.455,14
233.0,Tyrone Tracy Jr.,16.0,45.0,2.8,7,0,1.0,5.0,10,38.0,7.6,0.0,0.0,1,19.3,19.3,86.1%,33.870000000000005,14
232.0,Rachaad White,17.0,90.0,5.3,13,0,1.0,2.0,3,19.0,9.5,1.0,0.0,1,24.9,24.9,73.8%,33.195,14
231.0,David Montgomery,14.0,51.0,3.6,13,0,1.0,5.0,5,33.0,6.6,0.0,0.0,1,19.4,19.4,93.9%,32.19,14
230.0,Ty Johnson,0.0,0.0,0.0,0,0,0.0,2.0,3,55.0,27.5,1.0,0.0,1,13.5,13.5,5.4%,32.1,14
229.0,Travis Etienne Jr.,4.0,20.0,5.0,11,0,0.0,4.0,4,50.0,12.5,0.0,0.0,1,11.0,11.0,83.3%,31.549999999999997,14
228.0,Jahmyr Gibbs,15.0,43.0,2.9,20,1,0.0,6.0,6,30.0,5.0,1.0,0.0,1,19.3,19.3,99.0%,30.385,14
227.0,Tony Pollard,21.0,102.0,4.9,21,1,0.0,2.0,2,22.0,11.0,0.0,0.0,1,14.4,14.4,88.3%,30.335,14
226.0,Chuba Hubbard,26.0,92.0,3.5,15,0,1.0,4.0,5,15.0,3.8,0.0,0.0,1,20.7,20.7,94.1%,29.925000000000004,14
225.0,Braelon Allen,11.0,43.0,3.9,7,0,0.0,4.0,5,38.0,9.5,0.0,0.0,1,12.1,12.1,28.8%,29.535,14
224.0,Alvin Kamara,17.0,44.0,2.6,16,0,0.0,5.0,5,35.0,7.0,0.0,0.0,1,12.9,12.9,94.9%,29.190000000000005,14
223.0,Kyren Williams,29.0,87.0,3.0,12,0,2.0,2.0,2,10.0,5.0,0.0,0.0,1,23.7,23.7,97.7%,28.799999999999994,14
222.0,Rico Dowdle,18.0,131.0,7.3,27,1,0.0,1.0,2,10.0,10.0,0.0,0.0,1,15.1,15.1,41.4%,28.145000000000003,14
221.0,Bijan Robinson,22.0,92.0,4.2,13,0,1.0,2.0,2,9.0,4.5,0.0,0.0,1,20.1,20.1,98.7%,26.43,14
220.0,Isaiah Davis,10.0,40.0,4.0,17,0,1.0,3.0,6,27.0,9.0,0.0,0.0,1,15.7,15.7,7.5%,26.000000000000004,14
219.0,Aaron Jones Sr.,13.0,73.0,5.6,15,0,1.0,2.0,2,11.0,5.5,0.0,0.0,1,16.4,16.4,90.1%,22.89,14
218.0,Saquon Barkley,20.0,124.0,6.2,18,0,0.0,0.0,1,0.0,0,0.0,0.0,1,14.4,14.4,99.0%,22.53,14
217.0,Jaylen Warren,9.0,47.0,5.2,14,0,0.0,2.0,5,25.0,12.5,0.0,0.0,1,9.2,9.2,85.3%,22.429999999999996,14
216.0,Josh Jacobs,18.0,66.0,3.7,19,0,3.0,0.0,0,0.0,0,0.0,0.0,1,24.6,24.6,98.1%,21.555000000000003,14
215.0,Sincere McCormick,15.0,78.0,5.2,29,1,0.0,2.0,3,11.0,5.5,0.0,0.0,1,10.9,10.9,2.2%,20.68,14
214.0,Tank Bigsby,18.0,55.0,3.1,12,0,1.0,1.0,2,7.0,7.0,0.0,0.0,1,13.2,13.2,73.5%,17.715000000000003,14
213.0,Jerome Ford,10.0,28.0,2.8,7,0,0.0,3.0,4,19.0,6.3,0.0,0.0,1,7.7,7.7,38.5%,16.92,14
212.0,Tyler Allgeier,9.0,63.0,7.0,25,1,1.0,0.0,0,0.0,0,0.0,0.0,1,12.3,12.3,47.7%,14.500000000000002,14
211.0,Isiah Pacheco,14.0,55.0,3.9,9,0,0.0,2.0,4,6.0,3.0,0.0,0.0,1,8.1,8.1,90.6%,14.434999999999999,14
210.0,Najee Harris,16.0,53.0,3.3,20,1,1.0,0.0,0,0.0,0,0.0,0.0,1,11.3,11.3,83.2%,13.145000000000001,14
209.0,Kenny McIntosh,7.0,38.0,5.4,16,0,0.0,2.0,2,7.0,3.5,0.0,0.0,1,6.5,6.5,1.0%,11.91,14
208.0,Kareem Hunt,5.0,16.0,3.2,7,0,0.0,1.0,1,13.0,13.0,0.0,0.0,1,3.9,3.9,30.7%,10.479999999999999,14
207.0,Kenneth Gainwell,3.0,26.0,8.7,20,1,0.0,2.0,2,7.0,3.5,0.0,0.0,1,5.3,5.3,4.4%,10.205,14
238.0,Ty Johnson,2.0,9.0,4.5,5,0,0.0,5.0,5,114.0,22.8,0.0,0.0,1,17.3,17.3,5.4%,62.225,15
237.0,Jahmyr Gibbs,8.0,31.0,3.9,13,0,1.0,5.0,7,83.0,16.6,1.0,0.0,1,28.4,28.4,99.0%,57.035000000000004,15
236.0,Tyjae Spears,4.0,5.0,1.3,6,0,1.0,6.0,7,87.0,14.5,1.0,0.0,1,27.2,27.2,69.2%,54.945,15
235.0,Josh Jacobs,26.0,94.0,3.6,19,0,1.0,4.0,4,42.0,10.5,0.0,1.0,1,21.6,21.6,98.1%,42.64,15
234.0,James Conner,16.0,110.0,6.9,53,1,2.0,5.0,5,28.0,5.6,0.0,0.0,1,30.8,30.8,92.8%,42.33500000000001,15
233.0,James Cook,14.0,105.0,7.5,41,1,2.0,1.0,1,28.0,28.0,0.0,0.0,1,26.3,26.3,97.7%,39.075,15
232.0,Justice Hill,2.0,7.0,3.5,6,0,0.0,5.0,5,61.0,12.2,1.0,0.0,1,17.8,17.8,21.4%,38.675000000000004,15
231.0,Ameer Abdullah,3.0,8.0,2.7,4,0,0.0,7.0,7,58.0,8.3,1.0,0.0,1,19.6,19.6,1.0%,38.505,15
230.0,Alvin Kamara,5.0,12.0,2.4,6,0,0.0,4.0,5,58.0,14.5,1.0,0.0,1,17.0,17.0,94.9%,37.46,15
229.0,Chase Brown,25.0,97.0,3.9,13,0,1.0,3.0,3,16.0,5.3,1.0,0.0,1,26.3,26.3,95.0%,33.935,15
228.0,Aaron Jones Sr.,18.0,86.0,4.8,14,0,1.0,2.0,3,20.0,10.0,0.0,0.0,1,18.6,18.6,90.1%,29.720000000000006,15
227.0,De'Von Achane,12.0,41.0,3.4,7,0,0.0,7.0,7,35.0,5.0,0.0,0.0,1,14.6,14.6,97.9%,29.560000000000002,15
226.0,Jerome Ford,7.0,84.0,12.0,62,1,1.0,2.0,2,20.0,10.0,0.0,0.0,1,18.4,18.4,38.5%,29.4,15
225.0,Bijan Robinson,22.0,125.0,5.7,29,1,0.0,1.0,2,10.0,10.0,0.0,0.0,1,14.5,14.5,98.7%,27.405,15
224.0,Kenneth Gainwell,7.0,20.0,2.9,7,0,0.0,3.0,3,40.0,13.3,0.0,0.0,1,9.0,9.0,4.4%,25.935,15
223.0,Rico Dowdle,25.0,149.0,6.0,12,0,0.0,0.0,0,0.0,0,0.0,0.0,1,14.9,14.9,41.4%,25.75,15
222.0,Brian Robinson Jr.,21.0,65.0,3.1,20,1,0.0,3.0,3,22.0,7.3,0.0,0.0,1,11.7,11.7,86.6%,25.115000000000002,15
221.0,Joe Mixon,12.0,23.0,1.9,5,0,0.0,5.0,6,33.0,6.6,0.0,0.0,1,10.6,10.6,96.9%,24.435,15
220.0,Travis Etienne Jr.,14.0,65.0,4.6,10,0,0.0,4.0,5,20.0,5.0,0.0,0.0,1,12.5,12.5,83.3%,24.24,15
219.0,Rachaad White,15.0,64.0,4.3,11,0,0.0,2.0,2,17.0,8.5,1.0,1.0,1,14.1,14.1,73.8%,23.744999999999997,15
218.0,Antonio Gibson,7.0,33.0,4.7,29,1,0.0,2.0,2,31.0,15.5,0.0,0.0,1,8.4,8.4,13.5%,23.055,15
217.0,Kyren Williams,29.0,108.0,3.7,10,0,0.0,2.0,2,4.0,2.0,0.0,0.0,1,13.2,13.2,97.7%,22.855,15
216.0,Isaac Guerendo,16.0,57.0,3.6,16,0,0.0,4.0,4,18.0,4.5,0.0,0.0,1,11.5,11.5,53.1%,22.09,15
215.0,Rhamondre Stevenson,13.0,69.0,5.3,15,0,0.0,1.0,1,16.0,16.0,0.0,0.0,1,9.5,9.5,83.1%,21.045,15
214.0,Breece Hall,9.0,30.0,3.3,18,0,1.0,2.0,2,21.0,10.5,0.0,0.0,1,13.1,13.1,96.7%,20.695,15
213.0,Jonathan Taylor,22.0,107.0,4.9,40,1,0.0,1.0,2,4.0,4.0,0.0,1.0,1,10.1,10.1,98.0%,20.485,15
212.0,D'Andre Swift,19.0,79.0,4.2,17,0,0.0,1.0,1,10.0,10.0,0.0,0.0,1,9.9,9.9,89.3%,19.98,15
211.0,Zach Charbonnet,8.0,54.0,6.8,24,1,1.0,1.0,4,12.0,12.0,0.0,0.0,1,13.6,13.6,79.8%,19.620000000000005,15
210.0,Bucky Irving,15.0,117.0,7.8,54,1,0.0,2.0,2,-4.0,-2.0,0.0,0.0,1,13.3,13.3,98.1%,19.42,15
209.0,David Montgomery,5.0,4.0,0.8,3,0,0.0,4.0,4,31.0,7.8,0.0,0.0,1,7.5,7.5,93.9%,19.119999999999997,15
208.0,Devin Singletary,8.0,25.0,3.1,5,0,1.0,3.0,3,16.0,5.3,0.0,0.0,1,13.1,13.1,9.4%,17.915000000000003,15
207.0,Saquon Barkley,19.0,65.0,3.4,22,1,0.0,2.0,2,9.0,4.5,0.0,0.0,1,9.4,9.4,99.0%,17.86,15
242.0,De'Von Achane,17.0,120.0,7.1,50,1,1.0,6.0,7,70.0,11.7,0.0,0.0,1,31.0,31.0,97.9%,62.465,16
241.0,James Conner,15.0,117.0,7.8,40,1,1.0,4.0,4,49.0,12.3,0.0,0.0,1,26.6,26.6,92.8%,50.22,16
240.0,Jahmyr Gibbs,23.0,109.0,4.7,12,0,1.0,4.0,5,45.0,11.3,0.0,0.0,1,25.4,25.4,99.0%,47.35499999999999,16
239.0,Jonathan Taylor,29.0,218.0,7.5,70,2,3.0,0.0,0,0.0,0,0.0,0.0,1,39.8,39.8,98.0%,46.02499999999999,16
238.0,Derrick Henry,24.0,162.0,6.8,44,1,0.0,2.0,2,27.0,13.5,0.0,0.0,1,20.9,20.9,98.7%,42.419999999999995,16
237.0,Jerome Ford,11.0,92.0,8.4,66,1,1.0,5.0,5,39.0,7.8,0.0,0.0,1,24.1,24.1,38.5%,41.76000000000001,16
236.0,Chuba Hubbard,25.0,152.0,6.1,28,2,2.0,4.0,5,13.0,3.3,0.0,0.0,1,32.5,32.5,94.1%,41.315000000000005,16
235.0,James Cook,11.0,100.0,9.1,46,2,1.0,3.0,3,26.0,8.7,1.0,0.0,1,27.6,27.6,97.7%,38.76500000000001,16
234.0,Josh Jacobs,13.0,69.0,5.3,20,1,1.0,4.0,4,38.0,9.5,0.0,0.0,1,20.7,20.7,98.1%,36.94500000000001,16
233.0,Ameer Abdullah,7.0,38.0,5.4,10,0,1.0,5.0,6,47.0,9.4,0.0,0.0,1,19.5,19.5,1.0%,36.81,16
232.0,Jaylen Warren,12.0,48.0,4.0,11,0,0.0,5.0,5,44.0,8.8,0.0,0.0,1,14.2,14.2,85.3%,34.0,16
231.0,Tyjae Spears,10.0,27.0,2.7,11,0,2.0,3.0,4,39.0,13.0,0.0,0.0,1,21.6,21.6,69.2%,32.955000000000005,16
230.0,Tyrone Tracy Jr.,7.0,26.0,3.7,5,0,0.0,4.0,4,43.0,10.8,1.0,0.0,1,16.9,16.9,86.1%,32.455,16
229.0,Saquon Barkley,29.0,150.0,5.2,68,1,2.0,0.0,1,0.0,0,0.0,0.0,1,27.0,27.0,99.0%,32.38,16
228.0,Breece Hall,14.0,52.0,3.7,7,0,0.0,5.0,6,38.0,7.6,0.0,0.0,1,14.0,14.0,96.7%,31.755,16
227.0,Rachaad White,3.0,10.0,3.3,4,0,0.0,7.0,8,50.0,7.1,0.0,1.0,1,11.0,11.0,73.8%,30.395,16
226.0,Bucky Irving,16.0,68.0,4.3,15,0,1.0,3.0,3,24.0,8.0,0.0,0.0,1,18.2,18.2,98.1%,29.345000000000006,16
225.0,Bijan Robinson,22.0,94.0,4.3,14,0,2.0,2.0,2,9.0,4.5,0.0,0.0,1,24.3,24.3,98.7%,28.844999999999995,16
224.0,Kyren Williams,23.0,122.0,5.3,13,0,1.0,1.0,1,7.0,7.0,0.0,0.0,1,19.9,19.9,97.7%,28.595000000000006,16
223.0,Aaron Jones Sr.,18.0,67.0,3.7,14,0,0.0,3.0,5,26.0,8.7,0.0,0.0,1,12.3,12.3,90.1%,27.205000000000002,16
222.0,Chase Brown,18.0,91.0,5.1,22,2,0.0,3.0,3,18.0,6.0,0.0,0.0,1,13.9,13.9,95.0%,27.015,16
221.0,Samaje Perine,0.0,0.0,0.0,0,0,0.0,3.0,3,50.0,16.7,0.0,0.0,1,8.0,8.0,3.6%,26.8,16
220.0,Kareem Hunt,11.0,55.0,5.0,20,1,1.0,2.0,3,24.0,12.0,0.0,0.0,1,15.9,15.9,30.7%,26.400000000000002,16
219.0,Alexander Mattison,12.0,27.0,2.3,6,0,1.0,4.0,7,29.0,7.3,0.0,0.0,1,15.6,15.6,8.8%,25.595000000000002,16
218.0,Kenneth Walker III,8.0,31.0,3.9,11,0,0.0,8.0,8,28.0,3.5,0.0,0.0,1,13.9,13.9,94.4%,24.835,16
217.0,Hassan Haskins,0.0,0.0,0.0,0,0,0.0,2.0,2,39.0,19.5,1.0,0.0,1,11.9,11.9,0.6%,24.099999999999998,16
216.0,Javonte Williams,4.0,24.0,6.0,15,0,0.0,7.0,11,29.0,4.1,0.0,0.0,1,12.3,12.3,79.2%,23.6,16
215.0,D'Andre Swift,9.0,20.0,2.2,7,0,0.0,3.0,3,33.0,11.0,0.0,0.0,1,8.3,8.3,89.3%,22.53,16
214.0,Michael Carter,5.0,18.0,3.6,6,0,0.0,5.0,5,30.0,6.0,0.0,0.0,1,9.8,9.8,1.0%,21.740000000000002,16
213.0,Rico Dowdle,13.0,23.0,1.8,6,0,0.0,3.0,3,28.0,9.3,0.0,0.0,1,8.1,8.1,41.4%,20.82,16
212.0,Gus Edwards,14.0,68.0,4.9,43,1,2.0,1.0,2,3.0,3.0,0.0,0.0,1,20.1,20.1,2.9%,20.635,16
211.0,Rhamondre Stevenson,12.0,60.0,5.0,14,0,1.0,1.0,1,13.0,13.0,0.0,1.0,1,12.3,12.3,83.1%,20.050000000000004,16
243.0,Bucky Irving,20.0,113.0,5.7,34,1,0.0,4.0,4,77.0,19.3,0.0,0.0,1,23.0,23.0,98.1%,60.705,17
242.0,Jahmyr Gibbs,18.0,117.0,6.5,30,2,1.0,4.0,4,46.0,11.5,0.0,0.0,1,26.3,26.3,99.0%,48.825,17
241.0,Isaac Guerendo,9.0,34.0,3.8,11,0,0.0,4.0,4,65.0,16.3,0.0,0.0,1,13.9,13.9,53.1%,41.47,17
240.0,Derrick Henry,27.0,147.0,5.4,20,1,1.0,2.0,2,18.0,9.0,0.0,0.0,1,24.5,24.5,98.7%,38.86,17
239.0,Ameer Abdullah,20.0,115.0,5.8,17,0,0.0,3.0,4,32.0,10.7,0.0,0.0,1,17.7,17.7,1.0%,37.92,17
238.0,Jaylen Warren,11.0,71.0,6.5,22,1,0.0,5.0,6,41.0,8.2,0.0,0.0,1,16.2,16.2,85.3%,36.225,17
237.0,Jonathan Taylor,32.0,125.0,3.9,26,1,2.0,2.0,4,11.0,5.5,0.0,0.0,1,27.6,27.6,98.0%,35.435,17
236.0,Saquon Barkley,31.0,167.0,5.4,23,2,0.0,2.0,2,2.0,1.0,0.0,0.0,1,18.9,18.9,99.0%,31.159999999999997,17
235.0,Bijan Robinson,17.0,90.0,5.3,13,0,2.0,3.0,5,8.0,2.7,0.0,0.0,1,24.8,24.8,98.7%,27.995,17
234.0,Chase Brown,20.0,67.0,3.4,9,0,0.0,4.0,4,24.0,6.0,0.0,0.0,1,13.1,13.1,95.0%,26.959999999999997,17
233.0,Aaron Jones Sr.,12.0,47.0,3.9,13,0,0.0,4.0,5,30.0,7.5,0.0,0.0,1,11.7,11.7,90.1%,26.234999999999996,17
232.0,D'Andre Swift,12.0,53.0,4.4,12,0,0.0,4.0,5,28.0,7.0,0.0,0.0,1,12.1,12.1,89.3%,26.21,17
231.0,Craig Reynolds,7.0,31.0,4.4,9,0,0.0,2.0,2,35.0,17.5,0.0,0.0,1,8.6,8.6,1.1%,24.709999999999997,17
230.0,Kyren Williams,13.0,56.0,4.3,18,0,1.0,3.0,3,16.0,5.3,0.0,0.0,1,16.2,16.2,97.7%,23.245,17
229.0,Travis Etienne Jr.,15.0,49.0,3.3,15,0,0.0,1.0,2,26.0,26.0,0.0,0.0,1,8.5,8.5,83.3%,22.945,17
228.0,Tyjae Spears,20.0,95.0,4.8,23,1,0.0,3.0,4,8.0,2.7,0.0,0.0,1,13.3,13.3,69.2%,22.770000000000003,17
227.0,Zach Charbonnet,15.0,57.0,3.8,11,0,0.0,3.0,3,19.0,6.3,0.0,0.0,1,10.6,10.6,79.8%,21.92,17
226.0,J.K. Dobbins,19.0,76.0,4.0,13,0,1.0,1.0,1,7.0,7.0,0.0,0.0,1,15.3,15.3,58.0%,21.1,17
225.0,Rico Dowdle,23.0,104.0,4.5,17,0,0.0,1.0,1,4.0,4.0,0.0,1.0,1,9.8,9.8,41.4%,20.075000000000003,17
224.0,Tyrone Tracy Jr.,20.0,59.0,3.0,40,1,0.0,2.0,3,14.0,7.0,0.0,0.0,1,9.3,9.3,86.1%,19.5,17
223.0,Michael Carter,13.0,70.0,5.4,13,0,0.0,2.0,2,11.0,5.5,0.0,0.0,1,10.1,10.1,1.0%,19.31,17
222.0,Keaton Mitchell,11.0,20.0,1.8,7,0,0.0,1.0,1,28.0,28.0,0.0,0.0,1,5.8,5.8,14.9%,18.970000000000002,17
221.0,Najee Harris,13.0,74.0,5.7,20,1,0.0,2.0,4,7.0,3.5,0.0,0.0,1,10.1,10.1,83.2%,17.955,17
220.0,Jaleel McLaughlin,10.0,69.0,6.9,13,0,0.0,2.0,2,7.0,3.5,0.0,0.0,1,9.6,9.6,18.3%,17.085,17
219.0,Brian Robinson Jr.,13.0,60.0,4.6,12,0,0.0,2.0,2,9.0,4.5,0.0,0.0,1,8.9,8.9,86.6%,16.69,17
218.0,Cam Akers,6.0,18.0,3.0,16,0,0.0,2.0,3,15.0,7.5,1.0,0.0,1,11.3,11.3,2.9%,15.85,17
217.0,Pierre Strong Jr.,5.0,33.0,6.6,19,0,0.0,3.0,5,15.0,5.0,0.0,0.0,1,7.8,7.8,1.1%,15.740000000000002,17
216.0,Josh Jacobs,17.0,69.0,4.1,13,0,1.0,0.0,0,0.0,0,0.0,1.0,1,10.9,10.9,98.1%,14.665000000000001,17
215.0,Samaje Perine,2.0,9.0,4.5,9,0,0.0,2.0,2,20.0,10.0,0.0,0.0,1,4.9,4.9,3.6%,13.425,17
214.0,Chris Rodriguez Jr.,5.0,16.0,3.2,6,0,1.0,1.0,1,12.0,12.0,0.0,0.0,1,9.8,9.8,1.8%,13.08,17
213.0,James Cook,15.0,53.0,3.5,8,0,1.0,0.0,0,0.0,0,0.0,0.0,1,11.3,11.3,97.7%,13.075000000000001,17
212.0,Breece Hall,10.0,45.0,4.5,17,0,0.0,1.0,1,8.0,8.0,0.0,0.0,1,6.3,6.3,96.7%,13.025,17
