year,player_id,player_name,team,position,games_played,fpts,fpts_ppr,fpts_per_game,fpts_ppr_per_game,tgt,rec,yds,rank,fg,fga,pct,lg,1-19,20-29,30-39,40-49,50+,xpt,xpa,fpts/g,rost,fg_miss_penalty
2020,4746feb3a90c87bd5c6962ccc8631253,Younghoe Koo,free_agent,K,15,168.0,142.0,11.2,9.47,0.0,0.0,0.0,2,37,39,94.9,54,0,10,11,8,8,33,36,11.2,3.6%,-2.0
2020,223ab3a7a543f582c33202691815e2bc,Daniel Carlson,las_vegas_raiders,K,16,155.0,142.0,9.69,8.88,0.0,0.0,0.0,4,33,35,94.3,54,0,18,8,3,4,45,47,9.7,7.4%,-2.0
2020,636399c40223f4e94e5124f423ac687c,Jason Sanders,new_york_giants,K,16,172.0,141.0,10.75,8.81,0.0,0.0,0.0,1,36,39,92.3,56,1,8,7,12,8,36,36,10.8,5.1%,-3.0
2020,f07fefd63fedc4beb5b2450c0e63fd6c,Tyler Bass,buffalo_bills,K,16,157.0,135.0,9.81,8.44,0.0,0.0,0.0,3,28,34,82.4,58,1,9,6,8,4,57,59,9.8,13.7%,-6.0
2020,81a6294f378c46c6d5152d36efe124c2,Rodrigo Blankenship,free_agent,K,16,150.0,134.0,9.38,8.38,0.0,0.0,0.0,6,32,37,86.5,53,0,10,12,9,1,43,45,9.4,1.9%,-5.0
2020,f7acb156407120d11b953a141de598f1,Ryan Succop,free_agent,K,16,145.0,133.0,9.06,8.31,0.0,0.0,0.0,8,28,31,90.3,50,1,10,9,7,1,52,57,9.1,1.0%,-3.0
2020,30e6c8cdfbc1677f103e6f6ca01064e2,Greg Zuerlein,free_agent,K,16,153.0,128.0,9.56,8.0,0.0,0.0,0.0,5,34,41,82.9,59,1,5,13,12,3,33,36,9.6,1.4%,-7.0
2020,2ca4fde1fde7ce45bf3ad6aa81690880,Justin Tucker,free_agent,K,16,145.0,127.0,9.06,7.94,0.0,0.0,0.0,7,26,29,89.7,55,0,8,6,9,3,52,53,9.1,1.1%,-3.0
2020,a8f3bf35dba6e4a4b6c4722eab9b59c2,Cairo Santos,chicago_bears,K,16,139.0,124.0,8.69,7.75,0.0,0.0,0.0,9,30,32,93.8,55,0,9,10,9,2,36,37,8.7,26.0%,-2.0
2020,aeaf8951b8831f19e11b6be749ed4322,Jason Myers,seattle_seahawks,K,16,138.0,121.0,8.62,7.56,0.0,0.0,0.0,10,24,24,100.0,61,0,2,7,13,2,49,53,8.6,76.5%,-0.0
2020,19b5e311b94d23775f6f9d4bf2064ae2,Wil Lutz,denver_broncos,K,16,135.0,121.0,8.44,7.56,0.0,0.0,0.0,12,23,28,82.1,53,0,5,10,7,1,57,58,8.4,30.5%,-5.0
2020,78dd89eb0beea4348a26ac6446171723,Harrison Butker,kansas_city_chiefs,K,16,134.0,121.0,8.38,7.56,0.0,0.0,0.0,13,25,27,92.6,58,2,7,9,3,4,48,54,8.4,46.5%,-2.0
2020,9c2ef84d6543bcc7328f0fa1a26ccce7,Ka'imi Fairbairn,houston_texans,K,16,132.0,114.0,8.25,7.12,0.0,0.0,0.0,15,27,31,87.1,54,0,8,9,6,4,37,40,8.3,58.0%,-4.0
2020,18c7f00c5b3dd7cff3e7978505827b83,Graham Gano,new_york_giants,K,16,133.0,113.0,8.31,7.06,0.0,0.0,0.0,14,31,32,96.9,55,0,4,13,9,5,21,23,8.3,1.1%,-1.0
2020,11e33217dd8e407536f6446dbfe7239f,Joey Slye,tennessee_titans,K,16,129.0,113.0,8.06,7.06,0.0,0.0,0.0,16,29,36,80.6,56,0,11,10,7,1,33,36,8.1,4.0%,-7.0
2020,67fb4e0bf4817718664be3e88b1b8428,Mason Crosby,free_agent,K,16,120.0,107.0,7.5,6.69,0.0,0.0,0.0,20,16,16,100.0,57,1,1,5,5,4,59,63,7.5,0.9%,-0.0
2020,37b8a810b3a437d7cc8470648feddad3,Nick Folk,atlanta_falcons,K,16,123.0,106.0,7.69,6.62,0.0,0.0,0.0,18,26,28,92.9,51,0,6,7,11,2,30,33,7.7,5.4%,-2.0
2020,00e931f85a4eff3ef28cdb4b61b38e09,Dustin Hopkins,free_agent,K,16,128.0,104.0,8.0,6.5,0.0,0.0,0.0,17,27,34,79.4,51,0,5,7,13,2,30,32,8.0,0.7%,-7.0
2020,0997fc04845e64f8f4c2c00c873db7a2,Brandon McManus,green_bay_packers,K,15,136.0,102.0,9.07,6.8,0.0,0.0,0.0,11,28,34,82.4,58,0,6,4,8,10,24,27,9.1,16.8%,-6.0
2020,20baa412774024d37729eafc7b1a632f,Michael Badgley,free_agent,K,16,120.0,99.0,7.5,6.19,0.0,0.0,0.0,19,24,33,72.7,53,0,8,6,8,2,36,39,7.5,6.4%,-9.0
2020,55c1c4797ecd9e463e86f6b379480458,Cody Parkey,free_agent,K,15,110.0,97.0,7.33,6.47,0.0,0.0,0.0,23,19,22,86.4,46,0,5,4,10,0,43,47,7.3,1.4%,-3.0
2020,fd4d18ed45948498a9ad19d8a41baac5,Matt Prater,free_agent,K,16,117.0,94.0,7.31,5.88,0.0,0.0,0.0,22,21,28,75.0,59,0,4,7,4,6,38,41,7.3,23.5%,-7.0
2020,3a6cf85317eadd8cc3f10bd710ee5d81,Stephen Gostkowski,free_agent,K,15,119.0,92.0,7.93,6.13,0.0,0.0,0.0,21,18,26,69.2,55,0,2,4,5,7,46,48,7.9,1.4%,-8.0
2020,d970319ca144d15697fd6276edab87c8,Chris Boswell,pittsburgh_steelers,K,13,100.0,90.0,7.69,6.92,0.0,0.0,0.0,26,19,20,95.0,59,0,5,6,7,1,34,38,7.7,68.7%,-1.0
2020,03e82454b0934d085d35264cfd5ce3c8,Robbie Gould,free_agent,K,15,106.0,89.0,7.07,5.93,0.0,0.0,0.0,24,19,23,82.6,52,0,3,5,9,2,36,38,7.1,0.9%,-4.0
2020,896fc26f263d410b089680cca616559d,Randy Bullock,free_agent,K,12,100.0,82.0,8.33,6.83,0.0,0.0,0.0,25,21,26,80.8,55,0,3,8,7,3,24,25,8.3,1.0%,-5.0
2020,25ca295067d6c24053ad9cc32e511b25,Zane Gonzalez,miami_dolphins,K,12,98.0,80.0,8.17,6.67,0.0,0.0,0.0,27,16,22,72.7,56,0,4,2,8,2,38,39,8.2,3.1%,-6.0
2020,bd6ca09ed6c5973ef559d91cbfffdd16,Dan Bailey,free_agent,K,16,90.0,75.0,5.62,4.69,0.0,0.0,0.0,28,15,22,68.2,53,0,6,3,4,2,37,43,5.6,21.0%,-7.0
2020,7216b2f9cef64e726342414a3bbef81e,Jake Elliott,philadelphia_eagles,K,16,75.0,61.0,4.69,3.81,0.0,0.0,0.0,29,14,19,73.7,54,0,1,6,5,2,24,26,4.7,44.7%,-5.0
2020,c95048700d7a82972c1a28a4b93cbadd,Matt Gay,las_vegas_raiders,K,7,66.0,56.0,9.43,8.0,0.0,0.0,0.0,30,14,16,87.5,51,0,2,5,6,1,16,16,9.4,8.5%,-2.0
2020,b1287efb65e7ba129e5d76be4c96d445,Sam Sloman,free_agent,K,8,55.0,50.0,6.88,6.25,0.0,0.0,0.0,31,10,13,76.9,47,0,2,6,2,0,23,26,6.9,3.5%,-3.0
2020,304c59d364e9204dd961764bc87558ce,Sam Ficken,free_agent,K,9,54.0,49.0,6.0,5.44,0.0,0.0,0.0,32,13,15,86.7,54,0,5,6,1,1,12,15,6.0,1.0%,-2.0
2020,b6b2568539bd19f5aa5dfb9a1024df62,Aldrick Rosas,free_agent,K,6,39.0,30.0,6.5,5.0,0.0,0.0,0.0,33,8,11,72.7,54,0,3,2,0,3,9,9,6.5,0.0%,-3.0
2020,02704a4aa7ab859f303e9c536a42d938,Mike Nugent,free_agent,K,4,30.0,27.0,7.5,6.75,0.0,0.0,0.0,35,7,8,87.5,43,0,1,4,2,0,7,7,7.5,1.4%,-1.0
2020,ba72fb3267d46909aa955838c09ec800,Sergio Castillo,free_agent,K,6,36.0,25.0,6.0,4.17,0.0,0.0,0.0,34,8,13,61.5,55,0,1,3,2,2,6,7,6.0,3.4%,-5.0
2020,221fd39cbb1c08c69a897eadefcae9de,Josh Lambo,free_agent,K,4,28.0,23.0,7.0,5.75,0.0,0.0,0.0,36,5,5,100.0,59,0,0,2,1,2,8,10,7.0,0.6%,-0.0
2020,cbcb14c7afa1aecba9db067d08e73406,Austin Seibert,free_agent,K,5,27.0,23.0,5.4,4.6,0.0,0.0,0.0,37,6,9,66.7,48,0,0,5,1,0,8,9,5.4,1.1%,-3.0
2020,a12bd9bea3089c638e5017c1d8d8b766,Matthew Wright,free_agent,K,3,21.0,19.0,7.0,6.33,0.0,0.0,0.0,38,4,4,100.0,46,0,1,1,2,0,7,7,7.0,0.6%,-0.0
2020,00bc48c85b974dcd34db5d6d9793ecf8,Chase McLaughlin,tampa_bay_buccaneers,K,4,20.0,16.0,5.0,4.0,0.0,0.0,0.0,39,4,5,80.0,52,0,1,1,1,1,5,6,5.0,62.4%,-1.0
2020,c081694d2dfc8d081365579a62adf838,Tristan Vizcaino,free_agent,K,1,12.0,11.0,12.0,11.0,0.0,0.0,0.0,40,3,3,100.0,47,0,0,2,1,0,2,2,12.0,0.0%,-0.0
2020,252b9584bd05f70b2458884897b049ba,Kai Forbath,free_agent,K,2,10.0,9.0,5.0,4.5,0.0,0.0,0.0,41,2,3,66.7,23,0,2,0,0,0,4,5,5.0,2.0%,-1.0
2020,45986cebbb4f757920a62da5309d5406,Elliott Fry,free_agent,K,1,4.0,4.0,4.0,4.0,0.0,0.0,0.0,42,1,1,100.0,23,0,1,0,0,0,1,2,4.0,1.5%,-0.0
2020,6c8449c932aee9b860f81391f4b2c879,Jonathan Brown,free_agent,K,1,4.0,3.0,4.0,3.0,0.0,0.0,0.0,43,1,2,50.0,31,0,0,1,0,0,1,1,4.0,0.0%,-1.0
2020,0306920acb07bc797ceb0485a327452e,Brandon Wright,free_agent,K,1,1.0,1.0,1.0,1.0,0.0,0.0,0.0,45,0,0,0,0,0,0,0,0,0,1,2,1.0,0.0%,-0.0
2020,d49443a523cd5d1bc392d4a150396d7a,Stephen Hauschka,free_agent,K,1,2.0,0.0,2.0,0.0,0.0,0.0,0.0,44,0,2,0.0,0,0,0,0,0,0,2,2,2.0,4.2%,-2.0
2020,16ca7674161dca655f5287f3b0f26e85,Taylor Russolino,free_agent,K,1,1.0,0.0,1.0,0.0,0.0,0.0,0.0,46,0,1,0.0,0,0,0,0,0,0,1,3,1.0,4.2%,-1.0
2020,cf29f7b795b8f8b21763e117b86ef435,Ty Long,free_agent,K,16,-2.8,0.0,-0.18,0.0,0.0,0.0,0.0,47,0,0,0,0,0,0,0,0,0,0,0,-0.2,1.1%,-0.0
2021,223ab3a7a543f582c33202691815e2bc,Daniel Carlson,las_vegas_raiders,K,17,174.0,147.0,10.24,8.65,0.0,0.0,0.0,1,40,43,93.0,56,0,10,12,12,6,30,33,10.2,7.4%,-3.0
2021,37b8a810b3a437d7cc8470648feddad3,Nick Folk,atlanta_falcons,K,17,171.0,147.0,10.06,8.65,0.0,0.0,0.0,2,36,39,92.3,53,0,9,11,11,5,42,47,10.1,5.4%,-3.0
2021,c95048700d7a82972c1a28a4b93cbadd,Matt Gay,las_vegas_raiders,K,17,159.0,142.0,9.35,8.35,0.0,0.0,0.0,5,32,34,94.1,55,0,6,15,7,4,48,49,9.4,8.5%,-2.0
2021,2ca4fde1fde7ce45bf3ad6aa81690880,Justin Tucker,free_agent,K,17,162.0,135.0,9.53,7.94,0.0,0.0,0.0,3,35,37,94.6,66,0,7,9,13,6,32,32,9.5,1.1%,-2.0
2021,f07fefd63fedc4beb5b2450c0e63fd6c,Tyler Bass,buffalo_bills,K,17,143.0,131.0,8.41,7.71,0.0,0.0,0.0,11,28,32,87.5,57,0,15,7,4,2,51,51,8.4,13.7%,-4.0
2021,7216b2f9cef64e726342414a3bbef81e,Jake Elliott,philadelphia_eagles,K,17,150.0,131.0,8.82,7.71,0.0,0.0,0.0,9,30,33,90.9,58,0,7,10,10,3,44,44,8.8,44.7%,-3.0
2021,d970319ca144d15697fd6276edab87c8,Chris Boswell,pittsburgh_steelers,K,17,162.0,131.0,9.53,7.71,0.0,0.0,0.0,4,36,40,90.0,56,0,9,8,11,8,27,29,9.5,68.7%,-4.0
2021,c01f862e2028d65226ffa263bba2b57b,Greg Joseph,free_agent,K,17,156.0,130.0,9.18,7.65,0.0,0.0,0.0,6,33,38,86.8,55,0,8,11,7,7,36,40,9.2,1.0%,-5.0
2021,fd4d18ed45948498a9ad19d8a41baac5,Matt Prater,free_agent,K,17,154.0,130.0,9.06,7.65,0.0,0.0,0.0,8,30,37,81.1,62,0,11,9,3,7,47,49,9.1,23.5%,-7.0
2021,00e931f85a4eff3ef28cdb4b61b38e09,Dustin Hopkins,free_agent,K,17,147.0,126.0,8.65,7.41,0.0,0.0,0.0,10,30,34,88.2,50,1,8,6,13,2,40,44,8.6,0.7%,-4.0
2021,f7acb156407120d11b953a141de598f1,Ryan Succop,free_agent,K,17,138.0,126.0,8.12,7.41,0.0,0.0,0.0,14,25,30,83.3,48,0,11,7,7,0,56,59,8.1,1.0%,-5.0
2021,922a9120cf2ea0846435d2d9898c7e98,Evan McPherson,cincinnati_bengals,K,16,154.0,125.0,9.62,7.81,0.0,0.0,0.0,7,28,33,84.8,58,0,5,8,6,9,46,48,9.6,38.1%,-5.0
2021,30e6c8cdfbc1677f103e6f6ca01064e2,Greg Zuerlein,free_agent,K,16,140.0,123.0,8.75,7.69,0.0,0.0,0.0,13,29,35,82.9,56,0,5,15,7,2,42,48,8.8,1.4%,-6.0
2021,78dd89eb0beea4348a26ac6446171723,Harrison Butker,kansas_city_chiefs,K,16,140.0,119.0,8.75,7.44,0.0,0.0,0.0,12,25,28,89.3,56,0,3,11,4,7,47,49,8.8,46.5%,-3.0
2021,67fb4e0bf4817718664be3e88b1b8428,Mason Crosby,free_agent,K,17,134.0,115.0,7.88,6.76,0.0,0.0,0.0,15,25,34,73.5,54,0,9,9,4,3,49,51,7.9,0.9%,-9.0
2021,896fc26f263d410b089680cca616559d,Randy Bullock,free_agent,K,16,130.0,115.0,8.12,7.19,0.0,0.0,0.0,16,26,31,83.9,51,0,5,12,8,1,42,45,8.1,1.0%,-5.0
2021,4746feb3a90c87bd5c6962ccc8631253,Younghoe Koo,free_agent,K,17,125.0,109.0,7.35,6.41,0.0,0.0,0.0,18,27,29,93.1,54,0,8,9,6,4,30,30,7.4,3.6%,-2.0
2021,0997fc04845e64f8f4c2c00c873db7a2,Brandon McManus,green_bay_packers,K,17,129.0,106.0,7.59,6.24,0.0,0.0,0.0,17,26,31,83.9,61,0,7,6,8,5,33,34,7.6,16.8%,-5.0
2021,a8f3bf35dba6e4a4b6c4722eab9b59c2,Cairo Santos,chicago_bears,K,17,116.0,101.0,6.82,5.94,0.0,0.0,0.0,20,26,30,86.7,47,0,10,5,11,0,27,28,6.8,26.0%,-4.0
2021,18c7f00c5b3dd7cff3e7978505827b83,Graham Gano,new_york_giants,K,17,123.0,100.0,7.24,5.88,0.0,0.0,0.0,19,29,33,87.9,55,0,5,12,5,7,17,17,7.2,1.1%,-4.0
2021,03e82454b0934d085d35264cfd5ce3c8,Robbie Gould,free_agent,K,13,112.0,96.0,8.62,7.38,0.0,0.0,0.0,22,20,23,87.0,52,0,6,4,7,3,39,40,8.6,0.9%,-3.0
2021,636399c40223f4e94e5124f423ac687c,Jason Sanders,new_york_giants,K,17,115.0,95.0,6.76,5.59,0.0,0.0,0.0,21,23,31,74.2,51,0,6,7,8,2,34,35,6.8,5.1%,-8.0
2021,20baa412774024d37729eafc7b1a632f,Michael Badgley,free_agent,K,13,102.0,90.0,7.85,6.92,0.0,0.0,0.0,24,18,22,81.8,46,0,4,6,8,0,40,41,7.8,6.4%,-4.0
2021,aeaf8951b8831f19e11b6be749ed4322,Jason Myers,seattle_seahawks,K,17,104.0,89.0,6.12,5.24,0.0,0.0,0.0,23,17,23,73.9,53,0,2,9,3,3,44,47,6.1,76.5%,-6.0
2021,11e33217dd8e407536f6446dbfe7239f,Joey Slye,tennessee_titans,K,12,100.0,85.0,8.33,7.08,0.0,0.0,0.0,25,23,25,92.0,56,0,9,5,5,4,18,22,8.3,4.0%,-2.0
2021,25ca295067d6c24053ad9cc32e511b25,Zane Gonzalez,miami_dolphins,K,12,98.0,80.0,8.17,6.67,0.0,0.0,0.0,26,20,22,90.9,57,0,6,1,10,3,22,23,8.2,3.1%,-2.0
2021,00bc48c85b974dcd34db5d6d9793ecf8,Chase McLaughlin,tampa_bay_buccaneers,K,16,93.0,75.0,5.81,4.69,0.0,0.0,0.0,27,15,21,71.4,57,0,3,4,4,4,36,37,5.8,62.4%,-6.0
2021,a12bd9bea3089c638e5017c1d8d8b766,Matthew Wright,free_agent,K,14,87.0,73.0,6.21,5.21,0.0,0.0,0.0,28,21,24,87.5,56,0,7,7,3,4,13,15,6.2,0.6%,-3.0
2021,975d473f4539e4eb23319d4b71317004,Brett Maher,free_agent,K,8,62.0,56.0,7.75,7.0,0.0,0.0,0.0,30,16,18,88.9,42,0,4,8,4,0,10,12,7.8,1.4%,-2.0
2021,9c2ef84d6543bcc7328f0fa1a26ccce7,Ka'imi Fairbairn,houston_texans,K,13,68.0,54.0,5.23,4.15,0.0,0.0,0.0,29,15,19,78.9,61,0,4,5,2,4,13,16,5.2,58.0%,-4.0
2021,28fadc78e1b5d4780c09582115f02bc6,Riley Patterson,miami_dolphins,K,7,59.0,54.0,8.43,7.71,0.0,0.0,0.0,31,13,14,92.9,49,0,3,6,4,0,16,16,8.4,6.5%,-1.0
2021,2dd2b39f99f1f2ceb0476eef66470386,Matt Ammendola,free_agent,K,11,55.0,47.0,5.0,4.27,0.0,0.0,0.0,32,13,19,68.4,49,0,5,6,2,0,14,15,5.0,4.2%,-6.0
2021,7453e35adb57c3186cbf19b6ff027563,Brian Johnson,free_agent,K,8,42.0,39.0,5.25,4.88,0.0,0.0,0.0,35,10,10,100.0,52,0,5,3,1,1,9,13,5.3,7.0%,-0.0
2021,81a6294f378c46c6d5152d36efe124c2,Rodrigo Blankenship,free_agent,K,5,45.0,37.0,9.0,7.4,0.0,0.0,0.0,33,11,14,78.6,48,0,3,3,5,0,7,8,9.0,1.9%,-3.0
2021,cbcb14c7afa1aecba9db067d08e73406,Austin Seibert,free_agent,K,6,42.0,33.0,7.0,5.5,0.0,0.0,0.0,34,10,12,83.3,52,0,0,4,5,1,5,5,7.0,1.1%,-2.0
2021,2178494eea211803572870159548d759,Eddy Pineiro,san_francisco_49ers,K,5,38.0,33.0,7.6,6.6,0.0,0.0,0.0,36,8,8,100.0,51,0,2,2,3,1,9,10,7.6,33.5%,-0.0
2021,c081694d2dfc8d081365579a62adf838,Tristan Vizcaino,free_agent,K,6,29.0,27.0,4.83,4.5,0.0,0.0,0.0,37,6,7,85.7,46,0,3,2,1,0,10,15,4.8,0.0%,-1.0
2021,e83f8337ad3719fa09a66fb2d536f08c,Lirim Hajrullahu,free_agent,K,4,20.0,19.0,5.0,4.75,0.0,0.0,0.0,39,4,5,80.0,35,0,2,2,0,0,8,8,5.0,1.3%,-1.0
2021,b6b2568539bd19f5aa5dfb9a1024df62,Aldrick Rosas,free_agent,K,5,22.0,17.0,4.4,3.4,0.0,0.0,0.0,38,2,5,40.0,44,0,0,0,2,0,14,14,4.4,0.0%,-3.0
2021,bd05257ae69adad50b6bb0a1e93decd3,Ryan Santoso,free_agent,K,4,18.0,17.0,4.5,4.25,0.0,0.0,0.0,40,4,5,80.0,35,0,3,1,0,0,6,8,4.5,0.0%,-1.0
2021,45986cebbb4f757920a62da5309d5406,Elliott Fry,free_agent,K,3,17.0,15.0,5.67,5.0,0.0,0.0,0.0,41,4,5,80.0,44,0,0,3,1,0,4,5,5.7,1.5%,-1.0
2021,48b899fc44861e34600aba769f827984,Dominik Eberle,free_agent,K,1,13.0,10.0,13.0,10.0,0.0,0.0,0.0,42,2,3,66.7,51,0,1,0,0,1,5,5,13.0,1.7%,-1.0
2021,71defbed1a4e79945015fb6c4cda96b2,Chris Blewitt,free_agent,K,2,11.0,5.0,5.5,2.5,0.0,0.0,0.0,43,2,5,40.0,52,0,0,0,1,1,2,2,5.5,3.0%,-3.0
2021,28eb625e0dd8e103e2094c7ebedf49b1,Chris Naggar,free_agent,K,1,4.0,4.0,4.0,4.0,0.0,0.0,0.0,45,1,1,100.0,37,0,0,1,0,0,1,2,4.0,5.8%,-0.0
2021,55c1c4797ecd9e463e86f6b379480458,Cody Parkey,free_agent,K,1,3.0,3.0,3.0,3.0,0.0,0.0,0.0,46,0,0,0,0,0,0,0,0,0,3,5,3.0,1.4%,-0.0
2021,221fd39cbb1c08c69a897eadefcae9de,Josh Lambo,free_agent,K,3,5.0,2.0,1.67,0.67,0.0,0.0,0.0,44,0,3,0.0,0,0,0,0,0,0,5,7,1.7,0.6%,-3.0
2021,9676428c92fc3a7378e640825ee9c7d6,Alex Kessman,free_agent,K,1,0.0,0.0,0.0,0.0,0.0,0.0,0.0,49,0,0,0,0,0,0,0,0,0,0,2,0.0,12.6%,-0.0
2021,bb05d783372d6747869a352a0c051ba9,Cameron Nizialek,free_agent,K,4,0.0,0.0,0.0,0.0,0.0,0.0,0.0,48,0,0,0,0,0,0,0,0,0,0,0,0.0,0.0%,-0.0
2021,cf29f7b795b8f8b21763e117b86ef435,Ty Long,free_agent,K,15,0.0,0.0,0.0,0.0,0.0,0.0,0.0,50,0,0,0,0,0,0,0,0,0,0,0,0.0,1.1%,-0.0
2021,48726dc3c79ce604bbe8e8644adc6272,JJ Molson,free_agent,K,1,0.0,0.0,0.0,0.0,0.0,0.0,0.0,47,0,0,0,0,0,0,0,0,0,0,0,0.0,1.7%,-0.0
2022,aeaf8951b8831f19e11b6be749ed4322,Jason Myers,seattle_seahawks,K,17,159.0,140.0,9.35,8.24,0.0,0.0,0.0,4,34,37,91.9,56,0,9,15,4,6,41,42,9.4,76.5%,-3.0
2022,2ca4fde1fde7ce45bf3ad6aa81690880,Justin Tucker,free_agent,K,17,164.0,136.0,9.65,8.0,0.0,0.0,0.0,1,37,43,86.0,58,0,13,11,4,9,31,32,9.6,1.1%,-6.0
2022,223ab3a7a543f582c33202691815e2bc,Daniel Carlson,las_vegas_raiders,K,17,162.0,134.0,9.53,7.88,0.0,0.0,0.0,2,34,37,91.9,57,0,9,11,3,11,35,36,9.5,7.4%,-3.0
2022,975d473f4539e4eb23319d4b71317004,Brett Maher,free_agent,K,17,161.0,134.0,9.47,7.88,0.0,0.0,0.0,3,29,32,90.6,60,0,9,5,6,9,50,53,9.5,1.4%,-3.0
2022,f07fefd63fedc4beb5b2450c0e63fd6c,Tyler Bass,buffalo_bills,K,17,146.0,128.0,8.59,7.53,0.0,0.0,0.0,7,28,32,87.5,56,0,5,11,10,2,48,50,8.6,13.7%,-4.0
2022,2178494eea211803572870159548d759,Eddy Pineiro,san_francisco_49ers,K,17,146.0,127.0,8.59,7.47,0.0,0.0,0.0,6,33,35,94.3,54,0,2,16,13,2,30,32,8.6,33.5%,-2.0
2022,03e82454b0934d085d35264cfd5ce3c8,Robbie Gould,free_agent,K,17,142.0,126.0,8.35,7.41,0.0,0.0,0.0,10,27,32,84.4,51,0,13,5,7,2,50,51,8.4,0.9%,-5.0
2022,4746feb3a90c87bd5c6962ccc8631253,Younghoe Koo,free_agent,K,17,152.0,124.0,8.94,7.29,0.0,0.0,0.0,5,32,37,86.5,54,0,9,7,9,7,33,35,8.9,3.6%,-5.0
2022,37b8a810b3a437d7cc8470648feddad3,Nick Folk,atlanta_falcons,K,17,146.0,123.0,8.59,7.24,0.0,0.0,0.0,8,32,37,86.5,54,1,9,8,10,4,32,35,8.6,5.4%,-5.0
2022,28fadc78e1b5d4780c09582115f02bc6,Riley Patterson,miami_dolphins,K,17,140.0,121.0,8.24,7.12,0.0,0.0,0.0,11,30,35,85.7,53,0,8,10,10,2,36,37,8.2,6.5%,-5.0
2022,18c7f00c5b3dd7cff3e7978505827b83,Graham Gano,new_york_giants,K,17,145.0,116.0,8.53,6.82,0.0,0.0,0.0,9,29,32,90.6,57,0,2,9,10,8,32,34,8.5,1.1%,-3.0
2022,636399c40223f4e94e5124f423ac687c,Jason Sanders,new_york_giants,K,17,135.0,113.0,7.94,6.65,0.0,0.0,0.0,15,26,32,81.3,55,0,5,7,12,2,41,44,7.9,5.1%,-6.0
2022,c95048700d7a82972c1a28a4b93cbadd,Matt Gay,las_vegas_raiders,K,17,133.0,113.0,7.82,6.65,0.0,0.0,0.0,17,28,30,93.3,58,0,9,8,4,7,31,32,7.8,8.5%,-2.0
2022,30e6c8cdfbc1677f103e6f6ca01064e2,Greg Zuerlein,free_agent,K,17,139.0,111.0,8.18,6.53,0.0,0.0,0.0,12,30,37,81.1,60,0,5,10,9,6,28,29,8.2,1.4%,-7.0
2022,c01f862e2028d65226ffa263bba2b57b,Greg Joseph,free_agent,K,17,133.0,111.0,7.82,6.53,0.0,0.0,0.0,16,26,33,78.8,61,0,10,5,7,4,40,46,7.8,1.0%,-7.0
2022,f7acb156407120d11b953a141de598f1,Ryan Succop,free_agent,K,17,133.0,110.0,7.82,6.47,0.0,0.0,0.0,18,31,38,81.6,54,0,10,7,12,2,24,25,7.8,1.0%,-7.0
2022,9c2ef84d6543bcc7328f0fa1a26ccce7,Ka'imi Fairbairn,houston_texans,K,17,132.0,109.0,7.76,6.41,0.0,0.0,0.0,19,29,31,93.5,56,0,7,7,9,6,24,24,7.8,58.0%,-2.0
2022,7216b2f9cef64e726342414a3bbef81e,Jake Elliott,philadelphia_eagles,K,16,122.0,108.0,7.62,6.75,0.0,0.0,0.0,21,20,23,87.0,56,0,6,8,1,5,51,53,7.6,44.7%,-3.0
2022,922a9120cf2ea0846435d2d9898c7e98,Evan McPherson,cincinnati_bengals,K,17,132.0,108.0,7.76,6.35,0.0,0.0,0.0,20,24,29,82.8,59,1,5,4,9,5,41,45,7.8,38.1%,-5.0
2022,67fb4e0bf4817718664be3e88b1b8428,Mason Crosby,free_agent,K,17,120.0,108.0,7.06,6.35,0.0,0.0,0.0,23,25,29,86.2,56,0,10,8,6,1,37,39,7.1,0.9%,-4.0
2022,00bc48c85b974dcd34db5d6d9793ecf8,Chase McLaughlin,tampa_bay_buccaneers,K,16,138.0,105.0,8.62,6.56,0.0,0.0,0.0,13,30,36,83.3,54,0,7,5,9,9,21,21,8.6,62.4%,-6.0
2022,0997fc04845e64f8f4c2c00c873db7a2,Brandon McManus,green_bay_packers,K,17,135.0,101.0,7.94,5.94,0.0,0.0,0.0,14,28,36,77.8,55,0,6,4,10,8,25,27,7.9,16.8%,-8.0
2022,20baa412774024d37729eafc7b1a632f,Michael Badgley,free_agent,K,13,118.0,101.0,9.08,7.77,0.0,0.0,0.0,24,24,28,85.7,53,0,6,7,9,2,33,33,9.1,6.4%,-4.0
2022,386d07042238eee3e766188d53ba5a83,Cade York,new_york_jets,K,17,121.0,99.0,7.12,5.82,0.0,0.0,0.0,22,24,32,75.0,58,0,5,9,6,4,35,37,7.1,10.4%,-8.0
2022,11e33217dd8e407536f6446dbfe7239f,Joey Slye,tennessee_titans,K,17,115.0,94.0,6.76,5.53,0.0,0.0,0.0,25,25,30,83.3,58,1,8,4,8,4,24,28,6.8,4.0%,-5.0
2022,19b5e311b94d23775f6f9d4bf2064ae2,Wil Lutz,denver_broncos,K,17,114.0,94.0,6.71,5.53,0.0,0.0,0.0,26,23,31,74.2,60,0,6,9,4,4,33,33,6.7,30.5%,-8.0
2022,a8f3bf35dba6e4a4b6c4722eab9b59c2,Cairo Santos,chicago_bears,K,16,104.0,88.0,6.5,5.5,0.0,0.0,0.0,27,21,23,91.3,51,0,4,7,6,4,27,32,6.5,26.0%,-2.0
2022,78dd89eb0beea4348a26ac6446171723,Harrison Butker,kansas_city_chiefs,K,13,102.0,86.0,7.85,6.62,0.0,0.0,0.0,28,18,24,75.0,62,0,7,4,4,3,38,41,7.8,46.5%,-6.0
2022,00e93b2ba602d429b61458e9cf73752b,Cameron Dicker,los_angeles_chargers,K,11,94.0,86.0,8.55,7.82,0.0,0.0,0.0,31,21,22,95.5,48,0,7,7,7,0,24,24,8.5,83.4%,-1.0
2022,fd4d18ed45948498a9ad19d8a41baac5,Matt Prater,free_agent,K,13,99.0,80.0,7.62,6.15,0.0,0.0,0.0,29,22,25,88.0,57,0,1,10,6,5,17,18,7.6,23.5%,-3.0
2022,896fc26f263d410b089680cca616559d,Randy Bullock,free_agent,K,16,87.0,76.0,5.44,4.75,0.0,0.0,0.0,32,17,20,85.0,51,0,5,5,6,1,28,28,5.4,1.0%,-3.0
2022,d970319ca144d15697fd6276edab87c8,Chris Boswell,pittsburgh_steelers,K,12,97.0,70.0,8.08,5.83,0.0,0.0,0.0,30,20,28,71.4,59,0,4,4,5,7,18,18,8.1,68.7%,-8.0
2022,a12bd9bea3089c638e5017c1d8d8b766,Matthew Wright,free_agent,K,6,70.0,57.0,11.67,9.5,0.0,0.0,0.0,33,15,18,83.3,59,0,1,6,6,2,15,15,11.7,0.6%,-3.0
2022,00e931f85a4eff3ef28cdb4b61b38e09,Dustin Hopkins,free_agent,K,5,40.0,38.0,8.0,7.6,0.0,0.0,0.0,34,9,10,90.0,43,0,2,6,1,0,12,12,8.0,0.7%,-1.0
2022,cbcb14c7afa1aecba9db067d08e73406,Austin Seibert,free_agent,K,3,23.0,19.0,7.67,6.33,0.0,0.0,0.0,35,3,5,60.0,48,0,0,1,2,0,12,12,7.7,1.1%,-2.0
2022,2dd2b39f99f1f2ceb0476eef66470386,Matt Ammendola,free_agent,K,4,20.0,18.0,5.0,4.5,0.0,0.0,0.0,36,5,7,71.4,31,1,3,1,0,0,5,7,5.0,4.2%,-2.0
2022,81a6294f378c46c6d5152d36efe124c2,Rodrigo Blankenship,free_agent,K,3,19.0,15.0,6.33,5.0,0.0,0.0,0.0,37,4,5,80.0,50,0,2,0,1,1,4,5,6.3,1.9%,-1.0
2022,7d15b2eba2332b75db5a9d2454d3d83f,Taylor Bertolet,free_agent,K,3,15.0,15.0,5.0,5.0,0.0,0.0,0.0,38,3,3,100.0,28,0,3,0,0,0,6,6,5.0,0.0%,-0.0
2022,1f04763124c95320f0551039c929f58b,Caleb Shudak,free_agent,K,1,10.0,9.0,10.0,9.0,0.0,0.0,0.0,39,3,4,75.0,38,0,1,2,0,0,1,1,10.0,9.2%,-1.0
2022,c081694d2dfc8d081365579a62adf838,Tristan Vizcaino,free_agent,K,3,10.0,9.0,3.33,3.0,0.0,0.0,0.0,40,2,2,100.0,46,0,0,1,1,0,3,3,3.3,0.0%,-0.0
2022,0f17bd2134bf67ddf05b6283cbd36def,Nick Sciba,free_agent,K,1,7.0,7.0,7.0,7.0,0.0,0.0,0.0,41,2,2,100.0,38,0,1,1,0,0,1,1,7.0,17.6%,-0.0
2022,48b899fc44861e34600aba769f827984,Dominik Eberle,free_agent,K,1,6.0,5.0,6.0,5.0,0.0,0.0,0.0,42,1,1,100.0,49,0,0,0,1,0,2,4,6.0,1.7%,-0.0
2022,221fd39cbb1c08c69a897eadefcae9de,Josh Lambo,free_agent,K,1,3.0,3.0,3.0,3.0,0.0,0.0,0.0,43,0,0,0,0,0,0,0,0,0,3,4,3.0,0.6%,-0.0
2022,144325411e31db6537d5326cfc85cda8,Ramiz Ahmed,free_agent,K,1,0.0,0.0,0.0,0.0,0.0,0.0,0.0,44,0,0,0,0,0,0,0,0,0,0,0,0.0,0.9%,-0.0
2022,60844a10460aa35b60f4989e31222616,Quinn Nordin,free_agent,K,3,0.0,0.0,0.0,0.0,0.0,0.0,0.0,45,0,0,0,0,0,0,0,0,0,0,0,0.0,6.1%,-0.0
2023,767a4e95fcfabfee84699df5708e0985,Brandon Aubrey,dallas_cowboys,K,17,181.0,155.0,10.65,9.12,0.0,0.0,0.0,1,36,38,94.7,60,0,9,13,4,10,49,52,10.6,90.4%,-2.0
2023,2ca4fde1fde7ce45bf3ad6aa81690880,Justin Tucker,free_agent,K,17,160.0,142.0,9.41,8.35,0.0,0.0,0.0,2,32,37,86.5,50,0,10,10,11,1,51,52,9.4,1.1%,-5.0
2023,78dd89eb0beea4348a26ac6446171723,Harrison Butker,kansas_city_chiefs,K,17,154.0,135.0,9.06,7.94,0.0,0.0,0.0,7,33,35,94.3,60,0,8,13,7,5,38,38,9.1,46.5%,-2.0
2023,a8f3bf35dba6e4a4b6c4722eab9b59c2,Cairo Santos,chicago_bears,K,17,158.0,133.0,9.29,7.82,0.0,0.0,0.0,3,35,38,92.1,55,0,9,11,8,7,31,33,9.3,26.0%,-3.0
2023,7216b2f9cef64e726342414a3bbef81e,Jake Elliott,philadelphia_eagles,K,17,156.0,133.0,9.18,7.82,0.0,0.0,0.0,6,30,32,93.8,61,0,9,7,7,7,45,46,9.2,44.7%,-2.0
2023,aeaf8951b8831f19e11b6be749ed4322,Jason Myers,seattle_seahawks,K,17,158.0,131.0,9.29,7.71,0.0,0.0,0.0,4,35,42,83.3,55,0,8,11,12,4,33,33,9.3,76.5%,-7.0
2023,c95048700d7a82972c1a28a4b93cbadd,Matt Gay,las_vegas_raiders,K,17,157.0,126.0,9.24,7.41,0.0,0.0,0.0,5,33,41,80.5,57,0,9,9,7,8,35,36,9.2,8.5%,-8.0
2023,00e93b2ba602d429b61458e9cf73752b,Cameron Dicker,los_angeles_chargers,K,17,151.0,126.0,8.88,7.41,0.0,0.0,0.0,8,31,33,93.9,55,0,7,8,9,7,35,35,8.9,83.4%,-2.0
2023,636399c40223f4e94e5124f423ac687c,Jason Sanders,new_york_giants,K,17,146.0,126.0,8.59,7.41,0.0,0.0,0.0,11,24,28,85.7,57,0,6,7,6,5,58,59,8.6,5.1%,-4.0
2023,7632381f6041d4cb793c3c0a9d93038a,Blake Grupe,indianapolis_colts,K,17,150.0,123.0,8.82,7.24,0.0,0.0,0.0,9,30,37,81.1,55,0,10,6,8,6,40,40,8.8,2.5%,-7.0
2023,00e931f85a4eff3ef28cdb4b61b38e09,Dustin Hopkins,free_agent,K,15,149.0,120.0,9.93,8.0,0.0,0.0,0.0,10,33,36,91.7,58,0,8,7,10,8,24,26,9.9,0.7%,-3.0
2023,ddec93f4d129f3d241d9bfcd9edfb33a,Jake Moody,washington_commanders,K,17,131.0,119.0,7.71,7.0,0.0,0.0,0.0,20,21,25,84.0,57,0,7,8,4,2,60,61,7.7,2.3%,-4.0
2023,0997fc04845e64f8f4c2c00c873db7a2,Brandon McManus,green_bay_packers,K,17,146.0,118.0,8.59,6.94,0.0,0.0,0.0,12,30,37,81.1,56,0,4,10,11,5,35,35,8.6,16.8%,-7.0
2023,00bc48c85b974dcd34db5d6d9793ecf8,Chase McLaughlin,tampa_bay_buccaneers,K,17,136.0,118.0,8.0,6.94,0.0,0.0,0.0,16,29,31,93.5,57,0,8,12,2,7,33,33,8.0,62.4%,-2.0
2023,4746feb3a90c87bd5c6962ccc8631253,Younghoe Koo,free_agent,K,17,138.0,118.0,8.12,6.94,0.0,0.0,0.0,15,32,37,86.5,54,0,10,10,9,3,27,28,8.1,3.6%,-5.0
2023,30e6c8cdfbc1677f103e6f6ca01064e2,Greg Zuerlein,free_agent,K,16,143.0,117.0,8.94,7.31,0.0,0.0,0.0,13,35,38,92.1,55,0,8,9,13,5,15,16,8.9,1.4%,-3.0
2023,f07fefd63fedc4beb5b2450c0e63fd6c,Tyler Bass,buffalo_bills,K,17,133.0,116.0,7.82,6.82,0.0,0.0,0.0,18,24,29,82.8,54,0,4,12,4,4,49,50,7.8,13.7%,-5.0
2023,19b5e311b94d23775f6f9d4bf2064ae2,Wil Lutz,denver_broncos,K,17,129.0,115.0,7.59,6.76,0.0,0.0,0.0,22,30,34,88.2,52,0,11,12,4,3,29,31,7.6,30.5%,-4.0
2023,37b8a810b3a437d7cc8470648feddad3,Nick Folk,atlanta_falcons,K,17,131.0,114.0,7.71,6.71,0.0,0.0,0.0,19,29,30,96.7,53,0,9,9,6,5,28,30,7.7,5.4%,-1.0
2023,922a9120cf2ea0846435d2d9898c7e98,Evan McPherson,cincinnati_bengals,K,17,140.0,113.0,8.24,6.65,0.0,0.0,0.0,14,26,31,83.9,56,0,5,6,8,7,40,40,8.2,38.1%,-5.0
2023,d970319ca144d15697fd6276edab87c8,Chris Boswell,pittsburgh_steelers,K,17,133.0,112.0,7.82,6.59,0.0,0.0,0.0,17,29,31,93.5,57,0,9,7,7,6,27,28,7.8,68.7%,-2.0
2023,035ceb278594850df394254ccb3389f1,Anders Carlson,free_agent,K,17,125.0,109.0,7.35,6.41,0.0,0.0,0.0,23,27,33,81.8,53,0,6,14,4,3,34,39,7.4,1.0%,-6.0
2023,223ab3a7a543f582c33202691815e2bc,Daniel Carlson,las_vegas_raiders,K,17,121.0,106.0,7.12,6.24,0.0,0.0,0.0,24,26,30,86.7,54,0,10,6,9,1,32,32,7.1,7.4%,-4.0
2023,c01f862e2028d65226ffa263bba2b57b,Greg Joseph,free_agent,K,17,119.0,102.0,7.0,6.0,0.0,0.0,0.0,25,24,30,80.0,54,1,7,9,3,4,36,38,7.0,1.0%,-6.0
2023,fd4d18ed45948498a9ad19d8a41baac5,Matt Prater,free_agent,K,17,130.0,101.0,7.65,5.94,0.0,0.0,0.0,21,28,33,84.8,62,0,6,7,6,9,22,23,7.6,23.5%,-5.0
2023,9c2ef84d6543bcc7328f0fa1a26ccce7,Ka'imi Fairbairn,houston_texans,K,12,114.0,101.0,9.5,8.42,0.0,0.0,0.0,26,27,28,96.4,54,0,10,10,2,5,21,22,9.5,58.0%,-1.0
2023,2178494eea211803572870159548d759,Eddy Pineiro,san_francisco_49ers,K,15,109.0,88.0,7.27,5.87,0.0,0.0,0.0,27,25,29,86.2,56,0,6,7,7,5,17,20,7.3,33.5%,-4.0
2023,28fadc78e1b5d4780c09582115f02bc6,Riley Patterson,miami_dolphins,K,15,93.0,87.0,6.2,5.8,0.0,0.0,0.0,29,16,18,88.9,52,0,2,11,2,1,41,44,6.2,6.5%,-2.0
2023,11e33217dd8e407536f6446dbfe7239f,Joey Slye,tennessee_titans,K,17,102.0,84.0,6.0,4.94,0.0,0.0,0.0,28,19,24,79.2,61,0,2,7,7,3,32,35,6.0,4.0%,-5.0
2023,81236379ce7357537d3b52c98c126c9d,Chad Ryland,arizona_cardinals,K,17,81.0,63.0,4.76,3.71,0.0,0.0,0.0,30,16,25,64.0,56,0,4,5,5,2,24,25,4.8,4.0%,-9.0
2023,a02fb88a05e15c21a9d6f51cb2e520c4,Lucas Havrisik,green_bay_packers,K,9,70.0,59.0,7.78,6.56,0.0,0.0,0.0,32,15,20,75.0,52,0,8,3,2,2,19,22,7.8,8.2%,-5.0
2023,975d473f4539e4eb23319d4b71317004,Brett Maher,free_agent,K,8,77.0,58.0,9.62,7.25,0.0,0.0,0.0,31,17,23,73.9,54,0,3,4,7,3,13,15,9.6,1.4%,-6.0
2023,18c7f00c5b3dd7cff3e7978505827b83,Graham Gano,new_york_giants,K,8,50.0,35.0,6.25,4.38,0.0,0.0,0.0,33,11,17,64.7,57,0,2,3,3,3,8,8,6.3,1.1%,-6.0
2023,2dd2b39f99f1f2ceb0476eef66470386,Matt Ammendola,free_agent,K,5,29.0,25.0,5.8,5.0,0.0,0.0,0.0,35,6,9,66.7,45,0,2,3,1,0,10,11,5.8,4.2%,-3.0
2023,20baa412774024d37729eafc7b1a632f,Michael Badgley,free_agent,K,4,26.0,25.0,6.5,6.25,0.0,0.0,0.0,36,4,4,100.0,41,0,0,3,1,0,13,15,6.5,6.4%,-0.0
2023,896fc26f263d410b089680cca616559d,Randy Bullock,free_agent,K,6,29.0,24.0,4.83,4.0,0.0,0.0,0.0,34,5,6,83.3,56,0,0,2,2,1,10,10,4.8,1.0%,-1.0
2023,67fb4e0bf4817718664be3e88b1b8428,Mason Crosby,free_agent,K,3,23.0,19.0,7.67,6.33,0.0,0.0,0.0,37,5,7,71.4,52,0,2,2,0,1,6,7,7.7,0.9%,-2.0
2023,cbcb14c7afa1aecba9db067d08e73406,Austin Seibert,free_agent,K,1,4.0,4.0,4.0,4.0,0.0,0.0,0.0,38,1,1,100.0,34,0,0,1,0,0,1,1,4.0,1.1%,-0.0
2023,a12bd9bea3089c638e5017c1d8d8b766,Matthew Wright,free_agent,K,1,0.0,-1.0,0.0,-1.0,0.0,0.0,0.0,39,0,1,0.0,0,0,0,0,0,0,0,0,0.0,0.6%,-1.0
2024,d970319ca144d15697fd6276edab87c8,Chris Boswell,pittsburgh_steelers,K,17,191.0,155.0,11.24,9.12,0.0,0.0,0.0,2,41,44,93.2,57,0,9,12,7,13,35,35,11.2,68.7%,-3.0
2024,00e93b2ba602d429b61458e9cf73752b,Cameron Dicker,los_angeles_chargers,K,17,179.0,147.0,10.53,8.65,0.0,0.0,0.0,3,39,42,92.9,59,1,9,9,11,9,33,36,10.5,83.4%,-3.0
2024,767a4e95fcfabfee84699df5708e0985,Brandon Aubrey,dallas_cowboys,K,17,192.0,143.0,11.29,8.41,0.0,0.0,0.0,1,40,47,85.1,65,0,4,8,14,14,30,30,11.3,90.4%,-7.0
2024,00bc48c85b974dcd34db5d6d9793ecf8,Chase McLaughlin,tampa_bay_buccaneers,K,17,164.0,142.0,9.65,8.35,0.0,0.0,0.0,6,30,32,93.8,56,0,11,7,4,8,54,56,9.6,62.4%,-2.0
2024,dfe6227bbcc76f68fb32dcbfa33ae9b2,Jake Bates,detroit_lions,K,17,161.0,139.0,9.47,8.18,0.0,0.0,0.0,7,26,29,89.7,58,0,3,10,7,6,64,67,9.5,76.1%,-3.0
2024,9c2ef84d6543bcc7328f0fa1a26ccce7,Ka'imi Fairbairn,houston_texans,K,17,172.0,136.0,10.12,8.0,0.0,0.0,0.0,4,36,42,85.7,59,0,8,11,4,13,34,36,10.1,58.0%,-6.0
2024,19b5e311b94d23775f6f9d4bf2064ae2,Wil Lutz,denver_broncos,K,17,160.0,136.0,9.41,8.0,0.0,0.0,0.0,8,31,34,91.2,55,0,2,13,11,5,46,46,9.4,30.5%,-3.0
2024,636399c40223f4e94e5124f423ac687c,Jason Sanders,new_york_giants,K,17,166.0,133.0,9.76,7.82,0.0,0.0,0.0,5,37,41,90.2,57,0,7,13,5,12,26,28,9.8,5.1%,-4.0
2024,f07fefd63fedc4beb5b2450c0e63fd6c,Tyler Bass,buffalo_bills,K,17,146.0,126.0,8.59,7.41,0.0,0.0,0.0,9,24,29,82.8,61,0,6,7,7,4,59,64,8.6,13.7%,-5.0
2024,7216b2f9cef64e726342414a3bbef81e,Jake Elliott,philadelphia_eagles,K,17,141.0,123.0,8.29,7.24,0.0,0.0,0.0,12,28,36,77.8,50,0,9,10,8,1,47,48,8.3,44.7%,-8.0
2024,c95048700d7a82972c1a28a4b93cbadd,Matt Gay,las_vegas_raiders,K,16,139.0,120.0,8.69,7.5,0.0,0.0,0.0,14,31,37,83.8,56,0,9,12,7,3,33,33,8.7,8.5%,-6.0
2024,223ab3a7a543f582c33202691815e2bc,Daniel Carlson,las_vegas_raiders,K,17,145.0,119.0,8.53,7.0,0.0,0.0,0.0,10,34,40,85.0,54,0,10,11,6,7,23,25,8.5,7.4%,-6.0
2024,2ca4fde1fde7ce45bf3ad6aa81690880,Justin Tucker,free_agent,K,17,143.0,118.0,8.41,6.94,0.0,0.0,0.0,11,22,30,73.3,56,0,4,7,5,6,60,62,8.4,1.1%,-8.0
2024,70295f01a4074e62e374c25f32bcc459,Joshua Karty,arizona_cardinals,K,17,135.0,114.0,7.94,6.71,0.0,0.0,0.0,15,29,34,85.3,58,0,10,9,4,6,32,36,7.9,3.4%,-5.0
2024,aeaf8951b8831f19e11b6be749ed4322,Jason Myers,seattle_seahawks,K,17,140.0,111.0,8.24,6.53,0.0,0.0,0.0,13,26,30,86.7,59,0,4,6,7,9,37,40,8.2,76.5%,-4.0
2024,7632381f6041d4cb793c3c0a9d93038a,Blake Grupe,indianapolis_colts,K,17,131.0,108.0,7.71,6.35,0.0,0.0,0.0,16,27,31,87.1,57,0,4,10,7,6,31,33,7.7,2.5%,-4.0
2024,1b7803276232d4bc6a93f9c6f511d1fe,Cam Little,jacksonville_jaguars,K,17,126.0,106.0,7.41,6.24,0.0,0.0,0.0,18,27,29,93.1,59,0,8,6,8,5,27,27,7.4,58.1%,-2.0
2024,81236379ce7357537d3b52c98c126c9d,Chad Ryland,arizona_cardinals,K,13,125.0,106.0,9.62,8.15,0.0,0.0,0.0,19,28,32,87.5,58,0,6,11,7,4,26,27,9.6,4.0%,-4.0
2024,172f2115f1eb935f4817ec48f673b32e,Will Reichard,minnesota_vikings,K,13,131.0,104.0,10.08,8.0,0.0,0.0,0.0,17,24,30,80.0,58,0,5,6,5,8,38,38,10.1,22.4%,-6.0
2024,cbcb14c7afa1aecba9db067d08e73406,Austin Seibert,free_agent,K,9,115.0,100.0,12.78,11.11,0.0,0.0,0.0,23,27,30,90.0,55,0,10,7,8,2,22,24,12.8,1.1%,-3.0
2024,11e33217dd8e407536f6446dbfe7239f,Joey Slye,tennessee_titans,K,17,120.0,96.0,7.06,5.65,0.0,0.0,0.0,21,26,33,78.8,63,0,5,10,5,6,25,26,7.1,4.0%,-7.0
2024,2178494eea211803572870159548d759,Eddy Pineiro,san_francisco_49ers,K,17,107.0,95.0,6.29,5.59,0.0,0.0,0.0,26,22,26,84.6,53,0,7,8,6,1,33,35,6.3,33.5%,-4.0
2024,ddec93f4d129f3d241d9bfcd9edfb33a,Jake Moody,washington_commanders,K,14,118.0,94.0,8.43,6.71,0.0,0.0,0.0,22,24,34,70.6,53,0,9,5,6,4,32,33,8.4,2.3%,-10.0
2024,4746feb3a90c87bd5c6962ccc8631253,Younghoe Koo,free_agent,K,14,120.0,92.0,8.57,6.57,0.0,0.0,0.0,20,25,34,73.5,58,0,7,5,7,6,26,26,8.6,3.6%,-9.0
2024,0997fc04845e64f8f4c2c00c873db7a2,Brandon McManus,green_bay_packers,K,11,99.0,89.0,9.0,8.09,0.0,0.0,0.0,28,20,21,95.2,55,0,5,9,3,3,30,30,9.0,16.8%,-1.0
2024,78dd89eb0beea4348a26ac6446171723,Harrison Butker,kansas_city_chiefs,K,13,100.0,88.0,7.69,6.77,0.0,0.0,0.0,27,21,25,84.0,53,1,7,7,4,2,29,31,7.7,46.5%,-4.0
2024,37b8a810b3a437d7cc8470648feddad3,Nick Folk,atlanta_falcons,K,14,108.0,87.0,7.71,6.21,0.0,0.0,0.0,25,21,22,95.5,56,0,5,2,8,6,25,25,7.7,5.4%,-1.0
2024,a8f3bf35dba6e4a4b6c4722eab9b59c2,Cairo Santos,chicago_bears,K,17,109.0,84.0,6.41,4.94,0.0,0.0,0.0,24,21,25,84.0,54,0,4,4,5,8,25,26,6.4,26.0%,-4.0
2024,922a9120cf2ea0846435d2d9898c7e98,Evan McPherson,cincinnati_bengals,K,12,94.0,79.0,7.83,6.58,0.0,0.0,0.0,29,16,22,72.7,56,0,6,4,3,3,37,38,7.8,38.1%,-6.0
2024,00e931f85a4eff3ef28cdb4b61b38e09,Dustin Hopkins,free_agent,K,16,84.0,62.0,5.25,3.88,0.0,0.0,0.0,30,18,27,66.7,56,0,3,6,5,4,17,20,5.3,0.7%,-9.0
2024,c01f862e2028d65226ffa263bba2b57b,Greg Joseph,free_agent,K,8,66.0,55.0,8.25,6.88,0.0,0.0,0.0,31,16,20,80.0,52,0,5,5,5,1,11,11,8.3,1.0%,-4.0
2024,a12bd9bea3089c638e5017c1d8d8b766,Matthew Wright,free_agent,K,5,56.0,50.0,11.2,10.0,0.0,0.0,0.0,34,15,16,93.8,50,0,3,8,3,1,6,6,11.2,0.6%,-1.0
2024,035ceb278594850df394254ccb3389f1,Anders Carlson,free_agent,K,7,62.0,49.0,8.86,7.0,0.0,0.0,0.0,32,13,15,86.7,58,0,3,2,5,3,12,15,8.9,1.0%,-2.0
2024,a993a5fba33c25d6af3d9f78e312ad2f,Brayden Narveson,free_agent,K,7,59.0,48.0,8.43,6.86,0.0,0.0,0.0,33,12,18,66.7,47,0,4,3,5,0,18,18,8.4,1.2%,-6.0
2024,18c7f00c5b3dd7cff3e7978505827b83,Graham Gano,new_york_giants,K,11,50.0,40.0,4.55,3.64,0.0,0.0,0.0,35,9,11,81.8,53,0,2,1,4,2,15,15,4.5,1.1%,-2.0
2024,b8fa75ac318dd915186562412b9dce13,Parker Romo,free_agent,K,4,46.0,39.0,11.5,9.75,0.0,0.0,0.0,36,11,12,91.7,55,0,3,3,4,1,7,8,11.5,6.5%,-1.0
2024,386d07042238eee3e766188d53ba5a83,Cade York,new_york_jets,K,6,46.0,39.0,7.67,6.5,0.0,0.0,0.0,37,9,13,69.2,59,0,5,2,1,1,16,17,7.7,10.4%,-4.0
2024,30e6c8cdfbc1677f103e6f6ca01064e2,Greg Zuerlein,free_agent,K,8,41.0,34.0,5.12,4.25,0.0,0.0,0.0,38,9,15,60.0,40,0,4,4,1,0,13,14,5.1,1.4%,-6.0
2024,25ca295067d6c24053ad9cc32e511b25,Zane Gonzalez,miami_dolphins,K,6,38.0,32.0,6.33,5.33,0.0,0.0,0.0,39,5,7,71.4,48,0,0,1,4,0,19,19,6.3,3.1%,-2.0
2024,fd4d18ed45948498a9ad19d8a41baac5,Matt Prater,free_agent,K,4,33.0,28.0,8.25,7.0,0.0,0.0,0.0,40,6,6,100.0,57,0,1,1,3,1,10,10,8.3,23.5%,-0.0
2024,28fadc78e1b5d4780c09582115f02bc6,Riley Patterson,miami_dolphins,K,5,30.0,25.0,6.0,5.0,0.0,0.0,0.0,41,4,7,57.1,52,0,0,3,0,1,16,16,6.0,6.5%,-3.0
2024,e7eb8a35e126bba641b34a6ed32ebcc3,Spencer Shrader,indianapolis_colts,K,4,26.0,24.0,6.5,6.0,0.0,0.0,0.0,42,5,5,100.0,45,0,2,1,2,0,9,9,6.5,1.5%,-0.0
2024,5f38724830c7fda2e7137cd77439e7ec,Jude McAtamney,free_agent,K,1,4.0,4.0,4.0,4.0,0.0,0.0,0.0,43,1,1,100.0,31,0,0,1,0,0,1,1,4.0,0.6%,-0.0
2024,64bc2a0b92fdbe04f63fc6bacdf44ace,Jack Browning,free_agent,K,5,0.0,0.0,0.0,0.0,0.0,0.0,0.0,44,0,0,0,0,0,0,0,0,0,0,0,0.0,0.2%,-0.0
2025,aeaf8951b8831f19e11b6be749ed4322,Jason Myers,seattle_seahawks,K,17,202.0,164.0,11.88,9.65,0.0,0.0,0.0,1,41,48,85.4,57,0,5,14,13,9,48,48,11.9,76.5%,-7.0
2025,9c2ef84d6543bcc7328f0fa1a26ccce7,Ka'imi Fairbairn,houston_texans,K,15,194.0,156.0,12.93,10.4,0.0,0.0,0.0,2,44,48,91.7,57,0,8,11,16,9,28,28,12.9,58.0%,-4.0
2025,767a4e95fcfabfee84699df5708e0985,Brandon Aubrey,dallas_cowboys,K,17,187.6,149.0,11.04,8.76,0.0,0.0,0.0,3,36,42,85.7,64,0,10,5,10,11,47,48,11.0,90.4%,-6.0
2025,00e93b2ba602d429b61458e9cf73752b,Cameron Dicker,los_angeles_chargers,K,17,170.0,145.0,10.0,8.53,0.0,0.0,0.0,4,38,41,92.7,59,0,7,14,12,5,34,35,10.0,83.4%,-3.0
2025,1b7803276232d4bc6a93f9c6f511d1fe,Cam Little,jacksonville_jaguars,K,17,164.0,136.0,9.65,8.0,0.0,0.0,0.0,5,30,34,88.2,68,0,5,9,8,8,50,51,9.6,58.1%,-4.0
2025,67e94fa73cf7da208cbb91e8e504e0f2,Tyler Loop,baltimore_ravens,K,17,144.0,130.0,8.47,7.65,0.0,0.0,0.0,12,30,34,88.2,52,0,10,11,8,1,44,46,8.5,51.5%,-4.0
2025,69c970924192ca432b9f967f2fc98345,Andy Borregales,new_england_patriots,K,17,149.0,129.0,8.76,7.59,0.0,0.0,0.0,10,27,32,84.4,59,2,6,8,7,4,53,55,8.8,30.3%,-5.0
2025,172f2115f1eb935f4817ec48f673b32e,Will Reichard,minnesota_vikings,K,17,159.0,128.0,9.35,7.53,0.0,0.0,0.0,6,33,35,94.3,62,0,6,9,7,11,31,31,9.4,22.4%,-2.0
2025,dfe6227bbcc76f68fb32dcbfa33ae9b2,Jake Bates,detroit_lions,K,17,152.0,128.0,8.94,7.53,0.0,0.0,0.0,8,27,34,79.4,59,0,6,8,9,4,54,56,8.9,76.1%,-7.0
2025,78dd89eb0beea4348a26ac6446171723,Harrison Butker,kansas_city_chiefs,K,17,149.0,125.0,8.76,7.35,0.0,0.0,0.0,11,33,38,86.8,59,1,9,9,9,5,31,35,8.8,46.5%,-5.0
2025,00bc48c85b974dcd34db5d6d9793ecf8,Chase McLaughlin,tampa_bay_buccaneers,K,17,156.0,122.0,9.18,7.18,0.0,0.0,0.0,7,32,38,84.2,65,0,6,9,6,11,32,33,9.2,62.4%,-6.0
2025,19b5e311b94d23775f6f9d4bf2064ae2,Wil Lutz,denver_broncos,K,17,134.0,119.0,7.88,7.0,0.0,0.0,0.0,16,28,32,87.5,57,0,10,11,3,4,39,39,7.9,30.5%,-4.0
2025,d970319ca144d15697fd6276edab87c8,Chris Boswell,pittsburgh_steelers,K,17,151.0,118.0,8.88,6.94,0.0,0.0,0.0,9,27,32,84.4,60,0,6,2,10,9,42,43,8.9,68.7%,-5.0
2025,2178494eea211803572870159548d759,Eddy Pineiro,san_francisco_49ers,K,14,140.0,117.0,10.0,8.36,0.0,0.0,0.0,13,28,29,96.6,59,0,5,7,10,6,34,38,10.0,33.5%,-1.0
2025,922a9120cf2ea0846435d2d9898c7e98,Evan McPherson,cincinnati_bengals,K,17,136.0,113.0,8.0,6.65,0.0,0.0,0.0,14,25,28,89.3,63,0,4,6,10,5,41,44,8.0,38.1%,-3.0
2025,28fadc78e1b5d4780c09582115f02bc6,Riley Patterson,miami_dolphins,K,17,132.0,113.0,7.76,6.65,0.0,0.0,0.0,18,27,29,93.1,54,0,5,8,11,3,34,35,7.8,6.5%,-2.0
2025,a8f3bf35dba6e4a4b6c4722eab9b59c2,Cairo Santos,chicago_bears,K,15,132.0,109.0,8.8,7.27,0.0,0.0,0.0,17,25,30,83.3,54,0,3,8,10,4,39,39,8.8,26.0%,-5.0
2025,37b8a810b3a437d7cc8470648feddad3,Nick Folk,atlanta_falcons,K,16,127.0,105.0,7.94,6.56,0.0,0.0,0.0,21,28,29,96.6,58,0,5,9,7,7,22,22,7.9,5.4%,-1.0
2025,7632381f6041d4cb793c3c0a9d93038a,Blake Grupe,indianapolis_colts,K,16,129.0,104.0,8.06,6.5,0.0,0.0,0.0,20,29,37,78.4,60,0,9,10,3,7,25,25,8.1,2.5%,-8.0
2025,11e33217dd8e407536f6446dbfe7239f,Joey Slye,tennessee_titans,K,16,135.0,103.0,8.44,6.44,0.0,0.0,0.0,15,28,35,80.0,58,0,6,6,7,9,26,27,8.4,4.0%,-7.0
2025,81236379ce7357537d3b52c98c126c9d,Chad Ryland,arizona_cardinals,K,17,130.0,103.0,7.65,6.06,0.0,0.0,0.0,19,25,33,75.8,57,0,5,7,7,6,36,36,7.6,4.0%,-8.0
2025,0997fc04845e64f8f4c2c00c873db7a2,Brandon McManus,green_bay_packers,K,14,113.0,98.0,8.07,7.0,0.0,0.0,0.0,23,24,30,80.0,56,0,10,8,3,3,32,33,8.1,16.8%,-6.0
2025,fd4d18ed45948498a9ad19d8a41baac5,Matt Prater,free_agent,K,15,108.0,98.0,7.2,6.53,0.0,0.0,0.0,26,18,20,90.0,52,0,4,7,6,1,46,49,7.2,23.5%,-2.0
2025,7216b2f9cef64e726342414a3bbef81e,Jake Elliott,philadelphia_eagles,K,17,116.0,94.0,6.82,5.53,0.0,0.0,0.0,22,20,27,74.1,58,0,3,6,7,4,41,42,6.8,44.7%,-7.0
2025,5b117450d6be1660373f423064ecc687,Andre Szmyt,cleveland_browns,K,17,112.0,94.0,6.59,5.53,0.0,0.0,0.0,24,24,27,88.9,55,0,4,10,5,5,25,26,6.6,2.7%,-3.0
2025,45939f0decb2f57ad19bfa4b932c8620,Ryan Fitzgerald,carolina_panthers,K,17,111.0,94.0,6.53,5.53,0.0,0.0,0.0,25,24,29,82.8,57,0,6,8,8,2,27,30,6.5,5.0%,-5.0
2025,223ab3a7a543f582c33202691815e2bc,Daniel Carlson,las_vegas_raiders,K,17,103.0,82.0,6.06,4.82,0.0,0.0,0.0,27,22,27,81.5,60,0,5,6,6,5,21,22,6.1,7.4%,-5.0
2025,891b92d3d39aeaac02f8a36487b3fe80,Harrison Mevis,los_angeles_rams,K,9,82.0,74.0,9.11,8.22,0.0,0.0,0.0,30,12,13,92.3,52,0,3,3,5,1,39,39,9.1,27.8%,-1.0
2025,c95048700d7a82972c1a28a4b93cbadd,Matt Gay,las_vegas_raiders,K,12,91.0,71.0,7.58,5.92,0.0,0.0,0.0,29,17,23,73.9,56,0,4,3,6,4,26,26,7.6,8.5%,-6.0
2025,25ca295067d6c24053ad9cc32e511b25,Zane Gonzalez,miami_dolphins,K,9,96.0,71.0,10.67,7.89,0.0,0.0,0.0,28,19,22,86.4,56,0,1,3,8,7,17,18,10.7,3.1%,-3.0
2025,ddec93f4d129f3d241d9bfcd9edfb33a,Jake Moody,washington_commanders,K,9,81.0,68.0,9.0,7.56,0.0,0.0,0.0,31,19,23,82.6,56,0,5,7,5,2,15,16,9.0,2.3%,-4.0
2025,20baa412774024d37729eafc7b1a632f,Michael Badgley,free_agent,K,9,62.0,52.0,6.89,5.78,0.0,0.0,0.0,32,11,12,91.7,53,0,1,3,5,2,20,25,6.9,6.4%,-1.0
2025,e7eb8a35e126bba641b34a6ed32ebcc3,Spencer Shrader,indianapolis_colts,K,5,57.0,52.0,11.4,10.4,0.0,0.0,0.0,35,13,14,92.9,52,0,5,5,2,1,14,14,11.4,1.5%,-1.0
2025,70295f01a4074e62e374c25f32bcc459,Joshua Karty,arizona_cardinals,K,8,58.0,48.0,7.25,6.0,0.0,0.0,0.0,34,10,15,66.7,51,0,3,3,3,1,23,26,7.3,3.4%,-5.0
2025,331bb5c7c9f90dd62653e0795f26493d,Charlie Smyth,new_orleans_saints,K,6,60.0,45.0,10.0,7.5,0.0,0.0,0.0,33,12,16,75.0,57,0,1,4,3,4,13,13,10.0,1.1%,-4.0
2025,b8fa75ac318dd915186562412b9dce13,Parker Romo,free_agent,K,7,48.0,42.0,6.86,6.0,0.0,0.0,0.0,36,11,14,78.6,54,0,2,7,1,1,12,13,6.9,6.5%,-3.0
2025,18c7f00c5b3dd7cff3e7978505827b83,Graham Gano,new_york_giants,K,5,39.0,35.0,7.8,7.0,0.0,0.0,0.0,37,9,10,90.0,55,0,3,4,1,1,9,9,7.8,1.1%,-1.0
2025,c9b548fa24e1a949cd220725f77fc30b,Ben Sauls,new_york_giants,K,3,32.0,31.0,10.67,10.33,0.0,0.0,0.0,39,8,8,100.0,45,0,3,4,1,0,7,7,10.7,4.5%,-0.0
2025,4746feb3a90c87bd5c6962ccc8631253,Younghoe Koo,free_agent,K,6,33.0,28.0,5.5,4.67,0.0,0.0,0.0,38,6,9,66.7,44,1,1,2,2,0,13,14,5.5,3.6%,-3.0
2025,a12bd9bea3089c638e5017c1d8d8b766,Matthew Wright,free_agent,K,4,22.0,19.0,5.5,4.75,0.0,0.0,0.0,40,5,5,100.0,46,0,1,1,3,0,4,4,5.5,0.6%,-0.0
2025,a02fb88a05e15c21a9d6f51cb2e520c4,Lucas Havrisik,green_bay_packers,K,3,22.0,19.0,7.33,6.33,0.0,0.0,0.0,41,4,4,100.0,61,0,0,2,1,1,7,9,7.3,8.2%,-0.0
2025,5f38724830c7fda2e7137cd77439e7ec,Jude McAtamney,free_agent,K,4,15.0,15.0,3.75,3.75,0.0,0.0,0.0,42,2,2,100.0,31,0,1,1,0,0,9,12,3.8,0.6%,-0.0
2026,aeaf8951b8831f19e11b6be749ed4322,Jason Myers,seattle_seahawks,K,17,202.0,164.0,11.88,9.65,0.0,0.0,0.0,1,41,48,85.4,57,0,5,14,13,9,48,48,11.9,76.5%,-7.0
2026,9c2ef84d6543bcc7328f0fa1a26ccce7,Ka'imi Fairbairn,houston_texans,K,15,194.0,156.0,12.93,10.4,0.0,0.0,0.0,2,44,48,91.7,57,0,8,11,16,9,28,28,12.9,58.0%,-4.0
2026,767a4e95fcfabfee84699df5708e0985,Brandon Aubrey,dallas_cowboys,K,17,187.6,149.0,11.04,8.76,0.0,0.0,0.0,3,36,42,85.7,64,0,10,5,10,11,47,48,11.0,90.4%,-6.0
2026,00e93b2ba602d429b61458e9cf73752b,Cameron Dicker,los_angeles_chargers,K,17,170.0,145.0,10.0,8.53,0.0,0.0,0.0,4,38,41,92.7,59,0,7,14,12,5,34,35,10.0,83.4%,-3.0
2026,1b7803276232d4bc6a93f9c6f511d1fe,Cam Little,jacksonville_jaguars,K,17,164.0,136.0,9.65,8.0,0.0,0.0,0.0,5,30,34,88.2,68,0,5,9,8,8,50,51,9.6,58.1%,-4.0
2026,67e94fa73cf7da208cbb91e8e504e0f2,Tyler Loop,baltimore_ravens,K,17,144.0,130.0,8.47,7.65,0.0,0.0,0.0,12,30,34,88.2,52,0,10,11,8,1,44,46,8.5,51.5%,-4.0
2026,69c970924192ca432b9f967f2fc98345,Andy Borregales,new_england_patriots,K,17,149.0,129.0,8.76,7.59,0.0,0.0,0.0,10,27,32,84.4,59,2,6,8,7,4,53,55,8.8,30.3%,-5.0
2026,172f2115f1eb935f4817ec48f673b32e,Will Reichard,minnesota_vikings,K,17,159.0,128.0,9.35,7.53,0.0,0.0,0.0,6,33,35,94.3,62,0,6,9,7,11,31,31,9.4,22.4%,-2.0
2026,dfe6227bbcc76f68fb32dcbfa33ae9b2,Jake Bates,detroit_lions,K,17,152.0,128.0,8.94,7.53,0.0,0.0,0.0,8,27,34,79.4,59,0,6,8,9,4,54,56,8.9,76.1%,-7.0
2026,78dd89eb0beea4348a26ac6446171723,Harrison Butker,kansas_city_chiefs,K,17,149.0,125.0,8.76,7.35,0.0,0.0,0.0,11,33,38,86.8,59,1,9,9,9,5,31,35,8.8,46.5%,-5.0
2026,00bc48c85b974dcd34db5d6d9793ecf8,Chase McLaughlin,tampa_bay_buccaneers,K,17,156.0,122.0,9.18,7.18,0.0,0.0,0.0,7,32,38,84.2,65,0,6,9,6,11,32,33,9.2,62.4%,-6.0
2026,19b5e311b94d23775f6f9d4bf2064ae2,Wil Lutz,denver_broncos,K,17,134.0,119.0,7.88,7.0,0.0,0.0,0.0,16,28,32,87.5,57,0,10,11,3,4,39,39,7.9,30.5%,-4.0
2026,d970319ca144d15697fd6276edab87c8,Chris Boswell,pittsburgh_steelers,K,17,151.0,118.0,8.88,6.94,0.0,0.0,0.0,9,27,32,84.4,60,0,6,2,10,9,42,43,8.9,68.7%,-5.0
2026,2178494eea211803572870159548d759,Eddy Pineiro,san_francisco_49ers,K,14,140.0,117.0,10.0,8.36,0.0,0.0,0.0,13,28,29,96.6,59,0,5,7,10,6,34,38,10.0,33.5%,-1.0
2026,922a9120cf2ea0846435d2d9898c7e98,Evan McPherson,cincinnati_bengals,K,17,136.0,113.0,8.0,6.65,0.0,0.0,0.0,14,25,28,89.3,63,0,4,6,10,5,41,44,8.0,38.1%,-3.0
2026,28fadc78e1b5d4780c09582115f02bc6,Riley Patterson,miami_dolphins,K,17,132.0,113.0,7.76,6.65,0.0,0.0,0.0,18,27,29,93.1,54,0,5,8,11,3,34,35,7.8,6.5%,-2.0
2026,a8f3bf35dba6e4a4b6c4722eab9b59c2,Cairo Santos,chicago_bears,K,15,132.0,109.0,8.8,7.27,0.0,0.0,0.0,17,25,30,83.3,54,0,3,8,10,4,39,39,8.8,26.0%,-5.0
2026,37b8a810b3a437d7cc8470648feddad3,Nick Folk,atlanta_falcons,K,16,127.0,105.0,7.94,6.56,0.0,0.0,0.0,21,28,29,96.6,58,0,5,9,7,7,22,22,7.9,5.4%,-1.0
2026,7632381f6041d4cb793c3c0a9d93038a,Blake Grupe,indianapolis_colts,K,16,129.0,104.0,8.06,6.5,0.0,0.0,0.0,20,29,37,78.4,60,0,9,10,3,7,25,25,8.1,2.5%,-8.0
2026,11e33217dd8e407536f6446dbfe7239f,Joey Slye,tennessee_titans,K,16,135.0,103.0,8.44,6.44,0.0,0.0,0.0,15,28,35,80.0,58,0,6,6,7,9,26,27,8.4,4.0%,-7.0
2026,81236379ce7357537d3b52c98c126c9d,Chad Ryland,arizona_cardinals,K,17,130.0,103.0,7.65,6.06,0.0,0.0,0.0,19,25,33,75.8,57,0,5,7,7,6,36,36,7.6,4.0%,-8.0
2026,fd4d18ed45948498a9ad19d8a41baac5,Matt Prater,free_agent,K,15,108.0,98.0,7.2,6.53,0.0,0.0,0.0,26,18,20,90.0,52,0,4,7,6,1,46,49,7.2,23.5%,-2.0
2026,0997fc04845e64f8f4c2c00c873db7a2,Brandon McManus,green_bay_packers,K,14,113.0,98.0,8.07,7.0,0.0,0.0,0.0,23,24,30,80.0,56,0,10,8,3,3,32,33,8.1,16.8%,-6.0
2026,45939f0decb2f57ad19bfa4b932c8620,Ryan Fitzgerald,carolina_panthers,K,17,111.0,94.0,6.53,5.53,0.0,0.0,0.0,25,24,29,82.8,57,0,6,8,8,2,27,30,6.5,5.0%,-5.0
2026,5b117450d6be1660373f423064ecc687,Andre Szmyt,cleveland_browns,K,17,112.0,94.0,6.59,5.53,0.0,0.0,0.0,24,24,27,88.9,55,0,4,10,5,5,25,26,6.6,2.7%,-3.0
2026,7216b2f9cef64e726342414a3bbef81e,Jake Elliott,philadelphia_eagles,K,17,116.0,94.0,6.82,5.53,0.0,0.0,0.0,22,20,27,74.1,58,0,3,6,7,4,41,42,6.8,44.7%,-7.0
2026,223ab3a7a543f582c33202691815e2bc,Daniel Carlson,las_vegas_raiders,K,17,103.0,82.0,6.06,4.82,0.0,0.0,0.0,27,22,27,81.5,60,0,5,6,6,5,21,22,6.1,7.4%,-5.0
2026,891b92d3d39aeaac02f8a36487b3fe80,Harrison Mevis,los_angeles_rams,K,9,82.0,74.0,9.11,8.22,0.0,0.0,0.0,30,12,13,92.3,52,0,3,3,5,1,39,39,9.1,27.8%,-1.0
2026,25ca295067d6c24053ad9cc32e511b25,Zane Gonzalez,miami_dolphins,K,9,96.0,71.0,10.67,7.89,0.0,0.0,0.0,28,19,22,86.4,56,0,1,3,8,7,17,18,10.7,3.1%,-3.0
2026,c95048700d7a82972c1a28a4b93cbadd,Matt Gay,las_vegas_raiders,K,12,91.0,71.0,7.58,5.92,0.0,0.0,0.0,29,17,23,73.9,56,0,4,3,6,4,26,26,7.6,8.5%,-6.0
2026,ddec93f4d129f3d241d9bfcd9edfb33a,Jake Moody,washington_commanders,K,9,81.0,68.0,9.0,7.56,0.0,0.0,0.0,31,19,23,82.6,56,0,5,7,5,2,15,16,9.0,2.3%,-4.0
2026,20baa412774024d37729eafc7b1a632f,Michael Badgley,free_agent,K,9,62.0,52.0,6.89,5.78,0.0,0.0,0.0,32,11,12,91.7,53,0,1,3,5,2,20,25,6.9,6.4%,-1.0
2026,e7eb8a35e126bba641b34a6ed32ebcc3,Spencer Shrader,indianapolis_colts,K,5,57.0,52.0,11.4,10.4,0.0,0.0,0.0,35,13,14,92.9,52,0,5,5,2,1,14,14,11.4,1.5%,-1.0
2026,70295f01a4074e62e374c25f32bcc459,Joshua Karty,arizona_cardinals,K,8,58.0,48.0,7.25,6.0,0.0,0.0,0.0,34,10,15,66.7,51,0,3,3,3,1,23,26,7.3,3.4%,-5.0
2026,331bb5c7c9f90dd62653e0795f26493d,Charlie Smyth,new_orleans_saints,K,6,60.0,45.0,10.0,7.5,0.0,0.0,0.0,33,12,16,75.0,57,0,1,4,3,4,13,13,10.0,1.1%,-4.0
2026,b8fa75ac318dd915186562412b9dce13,Parker Romo,free_agent,K,7,48.0,42.0,6.86,6.0,0.0,0.0,0.0,36,11,14,78.6,54,0,2,7,1,1,12,13,6.9,6.5%,-3.0
2026,18c7f00c5b3dd7cff3e7978505827b83,Graham Gano,new_york_giants,K,5,39.0,35.0,7.8,7.0,0.0,0.0,0.0,37,9,10,90.0,55,0,3,4,1,1,9,9,7.8,1.1%,-1.0
2026,c9b548fa24e1a949cd220725f77fc30b,Ben Sauls,new_york_giants,K,3,32.0,31.0,10.67,10.33,0.0,0.0,0.0,39,8,8,100.0,45,0,3,4,1,0,7,7,10.7,4.5%,-0.0
2026,4746feb3a90c87bd5c6962ccc8631253,Younghoe Koo,free_agent,K,6,33.0,28.0,5.5,4.67,0.0,0.0,0.0,38,6,9,66.7,44,1,1,2,2,0,13,14,5.5,3.6%,-3.0
2026,a12bd9bea3089c638e5017c1d8d8b766,Matthew Wright,free_agent,K,4,22.0,19.0,5.5,4.75,0.0,0.0,0.0,40,5,5,100.0,46,0,1,1,3,0,4,4,5.5,0.6%,-0.0
2026,a02fb88a05e15c21a9d6f51cb2e520c4,Lucas Havrisik,green_bay_packers,K,3,22.0,19.0,7.33,6.33,0.0,0.0,0.0,41,4,4,100.0,61,0,0,2,1,1,7,9,7.3,8.2%,-0.0
2026,5f38724830c7fda2e7137cd77439e7ec,Jude McAtamney,free_agent,K,4,15.0,15.0,3.75,3.75,0.0,0.0,0.0,42,2,2,100.0,31,0,1,1,0,0,9,12,3.8,0.6%,-0.0
