year,player_id,player_name,team,position,games_played,fpts,fpts_ppr,fpts_per_game,fpts_ppr_per_game,rank,cmp,att,pct,yds,y/a,td,int,sacks,r_att,r_yds,r_td,fl,fpts/g,rost
2020,261fd668217f6d71c45cccbf26ea0b80,Kyler Murray,minnesota_vikings,QB,16,390.7,227.9,24.42,14.24,2,375,558,67.2,"3,971",7.1,26,12,27,133,819,11,4,24.4,38.5%
2020,e05d8e63cdbe6e31630ac25e615729ec,Josh Allen,buffalo_bills,QB,16,406.2,218.1,25.39,13.63,1,396,572,69.2,"4,544",7.9,37,10,26,102,421,8,6,25.4,98.6%
2020,9ecfa046be62e6396fb6c9e33a45c676,Aaron Rodgers,free_agent,QB,16,388.1,214.9,24.26,13.43,3,372,526,70.7,"4,299",8.2,48,5,20,38,149,3,2,24.3,42.9%
2020,f94fe6da6830da6c7c0ba35bd017d708,Russell Wilson,free_agent,QB,16,372.6,197.3,23.29,12.33,6,384,558,68.8,"4,212",7.5,40,13,47,83,513,2,4,23.3,3.5%
2020,41aeb904f6a191e720caa0d4d810679d,Ryan Tannehill,free_agent,QB,16,351.3,186.6,21.96,11.66,7,315,481,65.5,"3,819",7.9,33,7,24,43,266,7,1,22.0,0.6%
2020,487bf8f77b44f09402acbaeda79cdbed,Patrick Mahomes II,kansas_city_chiefs,QB,15,380.3,182.8,25.35,12.19,4,390,588,66.3,"4,740",8.1,38,6,22,62,308,2,2,25.4,66.3%
2020,406d013afb2d1a6802018dc6961aec38,Deshaun Watson,cleveland_browns,QB,16,376.4,180.4,23.52,11.28,5,382,544,70.2,"4,823",8.9,33,7,49,90,444,3,3,23.5,12.6%
2020,39fc486cb0b6f83d1d1e72894179c189,Justin Herbert,los_angeles_chargers,QB,15,342.8,157.4,22.85,10.49,9,396,595,66.6,"4,336",7.3,31,10,32,55,234,5,1,22.9,86.1%
2020,fc9fc46a903969e726675d63bc8be5eb,Tom Brady,free_agent,QB,16,350.0,154.6,21.88,9.66,8,401,610,65.7,"4,633",7.6,40,12,21,30,6,3,1,21.9,3.0%
2020,b8e4b45eb3de3ac7317b4aca0d7b2012,Cam Newton,free_agent,QB,15,271.3,143.2,18.09,9.55,15,242,368,65.8,"2,657",7.2,8,10,31,137,592,12,1,18.1,6.8%
2020,e9f9bcf226e85e34348fb286bb4725b2,Kirk Cousins,free_agent,QB,16,319.2,135.6,19.95,8.48,11,349,516,67.6,"4,265",8.3,35,13,39,32,156,1,5,20.0,28.5%
2020,8cd5622b199fcf1f48df844f5416ee9f,Lamar Jackson,baltimore_ravens,QB,15,341.7,128.0,22.78,8.53,10,242,376,64.4,"2,757",7.3,26,9,29,159,"1,005",7,4,22.8,89.1%
2020,2fb9148454134f8918bb92d4fc04ced3,Derek Carr,free_agent,QB,16,281.0,122.0,17.56,7.62,13,348,517,67.3,"4,103",7.9,27,9,26,39,140,3,8,17.6,6.6%
2020,125f6b977f28b04d753afcaa19624acb,Ben Roethlisberger,free_agent,QB,15,277.2,113.1,18.48,7.54,14,399,608,65.6,"3,803",6.3,33,10,13,25,11,0,1,18.5,9.4%
2020,ef797da73b9e097113749664e0eb30bf,Baker Mayfield,tampa_bay_buccaneers,QB,16,256.8,110.5,16.05,6.91,17,305,486,62.8,"3,563",7.3,26,8,26,54,165,1,4,16.1,83.5%
2020,549216dbee14f104a038d24fed59f6df,Matt Ryan,free_agent,QB,16,293.3,103.2,18.33,6.45,12,407,626,65.0,"4,581",7.3,26,11,41,29,92,2,3,18.3,0.1%
2020,74e014fd9c82a433d7699ede873c83b6,Teddy Bridgewater,detroit_lions,QB,15,252.1,95.9,16.81,6.39,19,340,492,69.1,"3,733",7.6,15,11,31,53,279,5,3,16.8,0.8%
2020,474978d8173a26bdebaa3c768406391e,Drew Brees,free_agent,QB,12,215.4,95.8,17.95,7.98,21,275,390,70.5,"2,942",7.5,24,6,13,18,-2,2,2,18.0,24.1%
2020,7bf6fcdcaa6dc73977f921ae5a68d789,Matthew Stafford,los_angeles_rams,QB,16,270.5,95.2,16.91,5.95,16,339,528,64.2,"4,084",7.7,26,10,38,29,112,0,1,16.9,93.3%
2020,e4ab65fc36a114028bfcd87769461f42,Carson Wentz,free_agent,QB,12,213.4,91.6,17.78,7.63,22,251,437,57.4,"2,620",6.0,16,15,50,52,276,5,4,17.8,1.1%
2020,8be4f5431c45db8d3ef2b617d970595e,Jared Goff,detroit_lions,QB,15,253.0,87.9,16.87,5.86,18,370,552,67.0,"3,952",7.2,20,13,23,51,99,4,4,16.9,83.3%
2020,59ddcf0aeb7392f5b4f1ef7061525ec1,Gardner Minshew II,arizona_cardinals,QB,9,165.5,75.3,18.39,8.37,26,216,327,66.1,"2,259",6.9,16,5,27,29,153,1,4,18.4,3.0%
2020,41855696f2375e044f293619777023db,Joe Burrow,cincinnati_bengals,QB,10,178.6,74.2,17.86,7.42,25,264,404,65.3,"2,688",6.7,13,5,32,37,142,3,4,17.9,89.7%
2020,b2d9cfe3f014480165dda4b5b896eaee,Mitchell Trubisky,tennessee_titans,QB,10,161.8,73.5,16.18,7.35,27,199,297,67.0,"2,055",6.9,16,8,18,33,195,1,2,16.2,1.4%
2020,91e6a62a4918bb1518ded18e745bc336,Philip Rivers,free_agent,QB,16,251.0,73.2,15.69,4.58,20,369,543,68.0,"4,169",7.7,24,11,19,18,-8,0,1,15.7,5.5%
2020,9fcc0ed0813ce45814e26ef970c1f9d6,Daniel Jones,indianapolis_colts,QB,14,190.2,72.3,13.59,5.16,24,280,448,62.5,"2,943",6.6,11,10,45,65,423,1,6,13.6,45.0%
2020,76f32f54ff0345e52aa481dbe57bd00a,Jalen Hurts,philadelphia_eagles,QB,15,113.2,69.4,7.55,4.63,34,77,148,52.0,"1,061",7.2,6,4,13,63,354,3,2,7.5,94.3%
2020,83dcc1c93648a70727e3857c1451d906,Drew Lock,seattle_seahawks,QB,13,196.4,68.0,15.11,5.23,23,254,443,57.3,"2,933",6.6,16,15,19,44,160,3,3,15.1,1.6%
2020,1210daf698c0bae36c757adc5e72ebab,C.J. Beathard,free_agent,QB,6,52.3,66.15,8.72,11.02,41,66,104,63.5,787,7.6,6,0,9,6,28,0,3,8.7,0.0%
2020,f4e3ac6d06f3dfe5cdbeac280be100fc,Joe Flacco,free_agent,QB,5,57.7,63.4,11.54,12.68,39,74,134,55.2,864,6.4,6,3,7,6,22,0,0,11.5,19.4%
2020,09450542767e07e62ac1d70253c7dfc5,Ryan Fitzpatrick,free_agent,QB,10,161.7,63.1,16.17,6.31,28,183,267,68.5,"2,091",7.8,13,8,14,30,151,2,0,16.2,1.0%
2020,3f63b1e5a332dbfe07d73dc1350e82c3,Tua Tagovailoa,atlanta_falcons,QB,10,140.4,62.9,14.04,6.29,31,186,290,64.1,"1,814",6.3,11,5,20,36,109,3,1,14.0,28.5%
2020,0adaa9c3fad6ef860eeca6bec0c37b3a,Brandon Allen,free_agent,QB,5,53.6,60.95,10.72,12.19,40,90,142,63.4,925,6.5,5,4,7,13,27,0,1,10.7,0.0%
2020,c883f6228fae2499302bc52a8b39250b,Dak Prescott,dallas_cowboys,QB,5,139.6,55.3,27.92,11.06,32,151,222,68.0,"1,856",8.4,9,4,10,18,93,3,3,27.9,89.2%
2020,c34bf1ef458fece67b952e16dda78284,Kyle Allen,buffalo_bills,QB,4,46.1,53.1,11.52,13.28,42,60,87,69.0,610,7.0,4,1,7,7,26,1,1,11.5,0.6%
2020,369531d3e9883fd2239154c3bba25070,Andy Dalton,carolina_panthers,QB,11,144.9,51.4,13.17,4.67,30,216,333,64.9,"2,170",6.5,14,8,24,28,114,0,1,13.2,1.1%
2020,82cc91dc4fcb55ba34cbfc598b8e769b,Sam Darnold,seattle_seahawks,QB,12,145.0,47.7,12.08,3.98,29,217,364,59.6,"2,208",6.1,9,11,35,37,217,2,2,12.1,60.6%
2020,e4f5b4120a8c86af0b013b22da574fa6,Jake Luton,free_agent,QB,3,34.3,34.5,11.43,11.5,43,60,110,54.5,624,5.7,2,6,7,1,13,1,0,11.4,0.0%
2020,fd14e6f7023190067181043062795d1e,Jeff Driskel,washington_commanders,QB,3,32.0,32.4,10.67,10.8,44,35,64,54.7,432,6.8,3,2,11,6,28,0,0,10.7,0.0%
2020,60e68c02aa0122f5a1ad95330cf0ca5a,Nick Foles,free_agent,QB,9,112.1,30.1,12.46,3.34,35,202,312,64.7,"1,852",5.9,10,8,18,16,1,1,0,12.5,1.0%
2020,11d5a5f91d9e774f664a071196b5a1ab,Marcus Mariota,washington_commanders,QB,1,26.8,28.1,26.8,28.1,45,17,28,60.7,226,8.1,1,1,0,9,88,1,0,26.8,17.2%
2020,c4b8bc92fdac5efe99a0cb7e86b4c524,Chad Henne,free_agent,QB,3,23.7,26.2,7.9,8.73,46,28,38,73.7,248,6.5,2,0,2,7,-2,1,0,7.9,0.7%
2020,c5b30500d7409a6ce7c06e20d8ddb249,Nick Mullens,jacksonville_jaguars,QB,10,128.2,24.8,12.82,2.48,33,211,326,64.7,"2,437",7.5,12,12,19,9,8,0,4,12.8,1.8%
2020,f66aac2d752e004cc198aa69678befdb,Colt McCoy,free_agent,QB,4,19.1,21.95,4.78,5.49,50,40,66,60.6,375,5.7,1,1,5,9,12,0,1,4.8,0.0%
2020,c08c51e093a52a189edf8d84371903a9,Mason Rudolph,pittsburgh_steelers,QB,5,19.3,21.6,3.86,4.32,49,25,43,58.1,324,7.5,2,1,1,7,-6,0,0,3.9,2.5%
2020,ed34c981c405e100e9fc3daa7f7604a8,Ryan Finley,free_agent,QB,5,21.2,20.8,4.24,4.16,47,17,32,53.1,164,5.1,1,2,9,11,66,1,0,4.2,0.0%
2020,21f3ca316ce339c1cb3d122085529a68,Jacoby Brissett,arizona_cardinals,QB,11,20.6,20.75,1.87,1.89,48,2,8,25.0,17,2.1,0,0,2,17,19,3,0,1.9,66.3%
2020,272d21b01178125b8c5092b6d46c7fe0,Jimmy Garoppolo,los_angeles_rams,QB,6,69.4,20.5,11.57,3.42,37,94,140,67.1,"1,096",7.8,7,5,11,10,25,0,0,11.6,1.8%
2020,678f369cdf0246c2a928b39a6a841608,Mike Glennon,free_agent,QB,5,65.5,19.7,13.1,3.94,38,111,179,62.0,"1,072",6.0,7,5,9,6,17,0,2,13.1,1.0%
2020,80dec31e6ba4bde4acde1ed76dd0fdef,Garrett Gilbert,free_agent,QB,2,15.5,16.95,7.75,8.48,52,21,38,55.3,243,6.4,1,1,2,3,28,0,0,7.8,0.0%
2020,259619f36f8194b14dfb50e655a6dab2,Blaine Gabbert,free_agent,QB,4,15.3,16.75,3.82,4.19,54,9,16,56.3,143,8.9,2,0,1,9,16,0,0,3.8,1.1%
2020,c6875f0e304ce0e3b8d9ece0504c69b3,Jarrett Stidham,denver_broncos,QB,5,16.0,15.5,3.2,3.1,51,22,44,50.0,256,5.8,2,3,4,7,7,0,0,3.2,4.3%
2020,d7320e51b4dbefddd5a2890a8ed7a290,John Wolford,free_agent,QB,1,13.8,15.15,13.8,15.15,56,22,38,57.9,231,6.1,0,1,2,6,56,0,0,13.8,0.0%
2020,6f338e5421086ca431a63cad724d0ff8,Chase Daniel,free_agent,QB,4,14.2,14.8,3.55,3.7,55,29,43,67.4,264,6.1,1,2,3,2,16,0,0,3.6,0.0%
2020,25c5e7efe08b1474927ee2be646a5fe6,Brett Rypien,free_agent,QB,3,15.3,14.25,5.1,4.75,53,27,40,67.5,295,7.4,2,4,1,5,-5,0,0,5.1,0.0%
2020,ad0611521c2c96e3b966b9f7da09e364,Ben DiNucci,free_agent,QB,3,7.0,13.15,2.33,4.38,63,23,43,53.5,219,5.1,0,0,7,6,22,0,2,2.3,0.1%
2020,c114d2e2dcd82fa95c452a8129268e98,Taylor Heinicke,free_agent,QB,1,11.7,13.05,11.7,13.05,58,12,19,63.2,137,7.2,1,0,1,3,22,0,0,11.7,1.0%
2020,80cabbb7228df5265ba258990c4e7bb1,P.J. Walker,free_agent,QB,4,13.5,12.2,3.38,3.05,57,32,56,57.1,368,6.6,1,5,4,5,-2,0,0,3.4,0.0%
2020,26bc7b7346ff909123eb07e38a4befd3,Matt Barkley,free_agent,QB,5,10.3,11.25,2.06,2.25,59,11,21,52.4,197,9.4,1,1,1,6,-6,0,0,2.1,0.0%
2020,9bb87f458aa5c052941f08700557400a,Tyrod Taylor,free_agent,QB,2,9.0,11.1,4.5,5.55,61,16,30,53.3,208,6.9,0,0,2,6,7,0,0,4.5,5.4%
2020,d4e9b9c13c91670042ec750d03d9a327,Trace McSorley,free_agent,QB,2,9.3,10.2,4.65,5.1,60,3,10,30.0,90,9.0,1,0,0,5,17,0,0,4.7,0.8%
2020,b55dd25259aa889630390288d118b345,Chris Streveler,free_agent,QB,5,8.7,8.75,1.74,1.75,62,11,16,68.8,105,6.6,1,1,2,4,15,0,0,1.7,0.0%
2020,a3571393b5793940b958a275e444eefe,Alex Smith,free_agent,QB,8,79.6,8.3,9.95,1.04,36,168,252,66.7,"1,582",6.3,6,8,22,10,3,0,0,10.0,5.0%
2020,4a3f0c801a629f5ded14d24ced354fbb,Brian Hoyer,free_agent,QB,1,3.0,5.3,3.0,5.3,65,15,24,62.5,130,5.4,0,1,2,1,8,0,1,3.0,0.0%
2020,fcbb9bdac0ca2f2925af123e16796187,Robert Griffin III,free_agent,QB,4,4.6,5.0,1.15,1.25,64,8,14,57.1,42,3.0,0,2,3,12,69,0,1,1.2,1.0%
2020,d7d472c6a71ea8506fe85fa225c13c75,Jameis Winston,new_york_giants,QB,4,2.4,3.15,0.6,0.79,69,7,11,63.6,75,6.8,0,0,2,8,-6,0,0,0.6,9.0%
2020,4d53a0309e18b0ac91541d0c559c8911,Tyler Huntley,baltimore_ravens,QB,2,2.9,3.05,1.45,1.52,66,3,5,60.0,15,3.0,0,0,0,10,23,0,0,1.5,1.8%
2020,2af992d6b77ef996d32ac4782de161c3,Tommy Stevens,free_agent,QB,1,2.4,2.4,2.4,2.4,68,0,0,0,0,0,0,0,0,4,24,0,0,2.4,0.0%
2020,0bdd736cab524fb388108c43b7340eef,Case Keenum,chicago_bears,QB,2,1.8,2.3,0.9,1.15,72,5,10,50.0,46,4.6,0,0,0,0,0,0,0,0.9,1.0%
2020,c5140166670256928f282cea9529c1d4,David Blough,free_agent,QB,1,2.8,2.25,2.8,2.25,67,6,10,60.0,49,4.9,0,1,1,1,18,0,0,2.8,0.0%
2020,8b0f122f5147be892c07c0190f457cf6,Nathan Peterman,free_agent,QB,1,1.9,2.15,1.9,2.15,71,3,5,60.0,25,5.0,0,0,2,1,9,0,0,1.9,0.0%
2020,5f80e82460353ce6287f48d8e8a8c14a,Joshua Dobbs,new_england_patriots,QB,1,2.1,2.1,2.1,2.1,70,4,5,80.0,2,0.4,0,0,0,2,20,0,0,2.1,0.9%
2020,f964bf1cd80e2c5a2b32338fc0bcec23,Geno Smith,new_york_jets,QB,1,1.1,1.45,1.1,1.45,74,4,5,80.0,33,6.6,0,0,1,2,-2,0,0,1.1,28.3%
2020,00de69009910f030cc674b8299424331,Logan Woodside,free_agent,QB,6,1.3,1.35,0.22,0.22,73,1,3,33.3,7,2.3,0,0,0,7,10,0,0,0.2,0.0%
2020,6ebbc6e4168b6f314f5e84a48f58b2ae,AJ McCarron,free_agent,QB,2,0.8,1.0,0.4,0.5,75,1,1,100.0,20,20.0,0,0,1,0,0,0,0,0.4,1.0%
2020,e5e59a432b34888a235b62a66558b3ae,Tyler Bray,free_agent,QB,1,0.7,0.9,0.7,0.9,76,1,5,20.0,18,3.6,0,0,0,0,0,0,0,0.7,0.0%
2020,c1e40af31926af5ee59698380bd00c42,Nate Sudfeld,free_agent,QB,1,-0.5,0.8,-0.5,0.8,82,5,12,41.7,32,2.7,0,1,2,2,12,0,1,-0.5,0.0%
2020,9110ac0774cff5f8e7f7d67bb5e3346c,John Lovett,free_agent,QB,8,0.6,0.6,0.08,0.08,77,0,0,0,0,0,0,0,0,3,6,0,0,0.1,0.0%
2020,610d33ac6b11554d51f601c4a6756a5c,Joe Webb III,free_agent,QB,2,0.0,0.0,0.0,0.0,78,0,0,0,0,0,0,0,0,0,0,0,0,0.0,0.0%
2020,9b14f2a2bc50b8b1b2fc45d8bb987b1b,Easton Stick,free_agent,QB,1,0.0,0.0,0.0,0.0,79,1,1,100.0,4,4.0,0,0,0,1,-2,0,0,0.0,0.0%
2020,1a645c0d915baaa31e4d2de5fcd80a0a,Mike White,free_agent,QB,1,0.0,0.0,0.0,0.0,80,0,0,0,0,0,0,0,0,0,0,0,0,0.0,1.1%
2020,3d86c47ebe62b32a2edfaecade54e59c,Matt Schaub,free_agent,QB,1,-0.4,-0.4,-0.4,-0.4,81,0,0,0,0,0,0,0,0,3,-4,0,0,-0.4,0.0%
2020,9dee2314b440a5938cc69c59a0d88714,Tim Boyle,free_agent,QB,8,-0.9,-0.9,-0.11,-0.11,83,0,0,0,0,0,0,0,1,13,-9,0,0,-0.1,0.0%
2021,e05d8e63cdbe6e31630ac25e615729ec,Josh Allen,buffalo_bills,QB,17,417.7,226.3,24.57,13.31,1,409,646,63.3,"4,407",6.8,36,15,26,122,763,6,3,24.6,98.6%
2021,76f32f54ff0345e52aa481dbe57bd00a,Jalen Hurts,philadelphia_eagles,QB,15,321.2,184.4,21.41,12.29,9,265,432,61.3,"3,144",7.3,16,9,26,139,784,10,2,21.4,94.3%
2021,487bf8f77b44f09402acbaeda79cdbed,Patrick Mahomes II,kansas_city_chiefs,QB,17,374.2,172.1,22.01,10.12,4,436,658,66.3,"4,828",7.3,37,13,28,66,381,2,4,22.0,66.3%
2021,39fc486cb0b6f83d1d1e72894179c189,Justin Herbert,los_angeles_chargers,QB,17,395.6,170.2,23.27,10.01,2,443,672,65.9,"5,014",7.5,38,15,31,63,302,3,1,23.3,86.1%
2021,fc9fc46a903969e726675d63bc8be5eb,Tom Brady,free_agent,QB,17,386.7,168.1,22.75,9.89,3,485,719,67.5,"5,316",7.4,43,12,22,28,81,2,3,22.7,3.0%
2021,9ecfa046be62e6396fb6c9e33a45c676,Aaron Rodgers,free_agent,QB,16,337.3,168.1,21.08,10.51,6,366,531,68.9,"4,115",7.7,37,4,30,33,101,3,0,21.1,42.9%
2021,c883f6228fae2499302bc52a8b39250b,Dak Prescott,dallas_cowboys,QB,16,330.4,148.6,20.65,9.29,7,410,596,68.8,"4,449",7.5,37,10,30,48,146,1,6,20.7,89.2%
2021,261fd668217f6d71c45cccbf26ea0b80,Kyler Murray,minnesota_vikings,QB,14,310.5,148.3,22.18,10.59,10,333,481,69.2,"3,787",7.9,24,10,31,88,423,5,0,22.2,38.5%
2021,e9f9bcf226e85e34348fb286bb4725b2,Kirk Cousins,free_agent,QB,16,307.3,135.5,19.21,8.47,11,372,561,66.3,"4,221",7.5,33,7,28,29,115,1,2,19.2,28.5%
2021,7bf6fcdcaa6dc73977f921ae5a68d789,Matthew Stafford,los_angeles_rams,QB,17,346.8,134.3,20.4,7.9,5,404,601,67.2,"4,886",8.1,41,17,30,32,43,0,2,20.4,93.3%
2021,41855696f2375e044f293619777023db,Joe Burrow,cincinnati_bengals,QB,16,328.1,131.8,20.51,8.24,8,366,520,70.4,"4,611",8.9,34,14,51,40,118,2,2,20.5,89.7%
2021,8cd5622b199fcf1f48df844f5416ee9f,Lamar Jackson,baltimore_ravens,QB,12,253.0,126.7,21.08,10.56,15,246,382,64.4,"2,882",7.5,16,13,38,134,767,2,3,21.1,89.1%
2021,41aeb904f6a191e720caa0d4d810679d,Ryan Tannehill,free_agent,QB,17,282.3,125.0,16.61,7.35,12,357,531,67.2,"3,734",7.0,21,14,47,55,270,7,4,16.6,0.6%
2021,e4ab65fc36a114028bfcd87769461f42,Carson Wentz,free_agent,QB,17,264.9,121.5,15.58,7.15,14,322,516,62.4,"3,563",6.9,27,7,32,57,215,1,5,15.6,1.1%
2021,f94fe6da6830da6c7c0ba35bd017d708,Russell Wilson,free_agent,QB,14,248.7,118.3,17.76,8.45,16,259,400,64.8,"3,113",7.8,25,6,33,43,183,2,1,17.8,3.5%
2021,b8e4b45eb3de3ac7317b4aca0d7b2012,Cam Newton,free_agent,QB,8,91.3,93.2,11.41,11.65,35,69,126,54.8,684,5.4,4,5,10,47,230,5,1,11.4,6.8%
2021,9bb87f458aa5c052941f08700557400a,Tyrod Taylor,free_agent,QB,6,86.7,91.4,14.45,15.23,37,91,150,60.7,966,6.4,5,5,13,19,151,3,0,14.5,5.4%
2021,c114d2e2dcd82fa95c452a8129268e98,Taylor Heinicke,free_agent,QB,16,237.7,87.3,14.86,5.46,19,321,494,65.0,"3,419",6.9,20,15,38,60,313,1,2,14.9,1.0%
2021,74e014fd9c82a433d7699ede873c83b6,Teddy Bridgewater,detroit_lions,QB,14,209.8,80.6,14.99,5.76,23,285,426,66.9,"3,052",7.2,18,7,31,30,106,2,1,15.0,0.8%
2021,272d21b01178125b8c5092b6d46c7fe0,Jimmy Garoppolo,los_angeles_rams,QB,15,239.5,79.1,15.97,5.27,17,301,441,68.3,"3,810",8.6,20,12,29,38,51,3,3,16.0,1.8%
2021,62598179e41aa416c7bc50b754ac00df,Mac Jones,san_francisco_49ers,QB,17,238.0,74.9,14.0,4.41,18,352,521,67.6,"3,801",7.3,22,13,28,44,129,0,3,14.0,23.6%
2021,2fb9148454134f8918bb92d4fc04ced3,Derek Carr,free_agent,QB,17,270.6,74.8,15.92,4.4,13,428,626,68.4,"4,804",7.7,23,14,40,40,108,0,5,15.9,6.6%
2021,3f63b1e5a332dbfe07d73dc1350e82c3,Tua Tagovailoa,atlanta_falcons,QB,13,190.9,74.8,14.68,5.75,26,263,388,67.8,"2,653",6.8,16,10,20,42,128,3,1,14.7,28.5%
2021,125f6b977f28b04d753afcaa19624acb,Ben Roethlisberger,free_agent,QB,16,228.0,74.5,14.25,4.66,21,390,605,64.5,"3,740",6.2,22,10,38,20,5,1,5,14.3,9.4%
2021,d7d472c6a71ea8506fe85fa225c13c75,Jameis Winston,new_york_giants,QB,7,120.3,72.6,17.19,10.37,32,95,161,59.0,"1,170",7.3,14,3,11,32,166,1,1,17.2,9.0%
2021,549216dbee14f104a038d24fed59f6df,Matt Ryan,free_agent,QB,17,234.8,70.2,13.81,4.13,20,375,560,67.0,"3,968",7.1,20,12,40,40,82,1,4,13.8,0.1%
2021,f2d31db190f1e266d017f7b48346cc78,Trey Lance,los_angeles_chargers,QB,6,67.0,68.95,11.17,11.49,39,41,71,57.7,603,8.5,5,2,4,38,168,1,0,11.2,1.3%
2021,8be4f5431c45db8d3ef2b617d970595e,Jared Goff,detroit_lions,QB,14,202.4,68.7,14.46,4.91,24,332,494,67.2,"3,245",6.6,19,8,35,17,87,0,6,14.5,83.3%
2021,9fcc0ed0813ce45814e26ef970c1f9d6,Daniel Jones,indianapolis_colts,QB,11,174.6,67.8,15.87,6.16,27,232,361,64.3,"2,428",6.7,10,7,22,62,298,2,3,15.9,45.0%
2021,f964bf1cd80e2c5a2b32338fc0bcec23,Geno Smith,new_york_jets,QB,4,55.3,63.3,13.82,15.82,40,65,95,68.4,702,7.4,5,1,13,9,42,1,1,13.8,28.3%
2021,82cc91dc4fcb55ba34cbfc598b8e769b,Sam Darnold,seattle_seahawks,QB,12,170.5,62.2,14.21,5.18,28,243,406,59.9,"2,527",6.2,9,13,35,48,222,5,4,14.2,60.6%
2021,c8a455458a62a76fa95ce779a10185d1,Justin Fields,kansas_city_chiefs,QB,12,136.9,62.0,11.41,5.17,31,159,270,58.9,"1,870",6.9,7,10,36,72,420,2,5,11.4,34.5%
2021,ef797da73b9e097113749664e0eb30bf,Baker Mayfield,tampa_bay_buccaneers,QB,14,193.8,61.4,13.84,4.39,25,253,418,60.5,"3,010",7.2,17,13,43,37,134,1,3,13.8,83.5%
2021,83dcc1c93648a70727e3857c1451d906,Drew Lock,seattle_seahawks,QB,6,53.8,60.65,8.97,10.11,41,67,111,60.4,787,7.1,2,2,9,10,53,2,1,9.0,1.6%
2021,159c3ca6dfafff02c2371a3f07446e70,Trevor Lawrence,jacksonville_jaguars,QB,17,216.0,59.4,12.71,3.49,22,359,602,59.6,"3,641",6.0,12,17,32,73,334,2,5,12.7,81.5%
2021,d5bb3551858122567b77853476e3a736,Zach Wilson,free_agent,QB,13,162.9,56.5,12.53,4.35,30,213,383,55.6,"2,334",6.1,9,11,44,29,185,4,1,12.5,0.6%
2021,1a645c0d915baaa31e4d2de5fcd80a0a,Mike White,free_agent,QB,4,52.0,51.55,13.0,12.89,42,88,132,66.7,953,7.2,5,8,4,5,-1,0,0,13.0,1.1%
2021,f66aac2d752e004cc198aa69678befdb,Colt McCoy,free_agent,QB,8,42.3,50.7,5.29,6.34,44,74,99,74.7,740,7.5,3,1,6,22,37,0,1,5.3,0.0%
2021,21a351cc948b76bb7e0cd4898bd1dce5,Josh Johnson,cincinnati_bengals,QB,4,48.4,50.7,12.1,12.68,43,57,85,67.1,638,7.5,5,2,3,9,28,0,0,12.1,1.0%
2021,0b692f81719f859700acd12e8206dffb,Davis Mills,houston_texans,QB,13,167.0,48.4,12.85,3.72,29,263,394,66.8,"2,664",6.8,16,10,31,18,44,0,1,12.8,7.1%
2021,9490e14f11bd63beaee23e1a9b9e539a,Trevor Siemian,free_agent,QB,6,93.2,46.0,15.53,7.67,33,108,188,57.4,"1,154",6.1,11,3,9,9,20,1,1,15.5,0.0%
2021,4d53a0309e18b0ac91541d0c559c8911,Tyler Huntley,baltimore_ravens,QB,7,86.7,45.4,12.39,6.49,36,122,188,64.9,"1,081",5.8,3,4,18,47,294,2,3,12.4,1.8%
2021,678f369cdf0246c2a928b39a6a841608,Mike Glennon,free_agent,QB,6,40.9,44.8,6.82,7.47,45,90,167,53.9,790,4.7,4,10,9,7,33,1,3,6.8,1.0%
2021,59ddcf0aeb7392f5b4f1ef7061525ec1,Gardner Minshew II,arizona_cardinals,QB,3,34.6,38.05,11.53,12.68,46,41,60,68.3,439,7.3,4,1,5,9,21,0,0,11.5,3.0%
2021,0bdd736cab524fb388108c43b7340eef,Case Keenum,chicago_bears,QB,5,29.6,35.3,5.92,7.06,48,47,72,65.3,462,6.4,3,1,5,12,22,0,1,5.9,1.0%
2021,80725e399c4786ecdc867c99ac47f0e0,Cooper Rush,free_agent,QB,4,25.1,30.3,6.28,7.58,49,30,47,63.8,422,9.0,3,1,3,9,-8,0,1,6.3,0.7%
2021,f4e3ac6d06f3dfe5cdbeac280be100fc,Joe Flacco,free_agent,QB,2,23.8,29.2,11.9,14.6,51,27,42,64.3,338,8.0,3,0,2,2,3,0,1,11.9,19.4%
2021,9dee2314b440a5938cc69c59a0d88714,Tim Boyle,free_agent,QB,4,30.4,27.6,7.6,6.9,47,61,94,64.9,526,5.6,3,6,0,2,13,0,0,7.6,0.0%
2021,8524583718ae0c9182ade69cffe7dcb3,Jordan Love,green_bay_packers,QB,6,24.2,25.25,4.03,4.21,50,36,62,58.1,411,6.6,2,3,3,12,27,0,1,4.0,75.0%
2021,21f3ca316ce339c1cb3d122085529a68,Jacoby Brissett,arizona_cardinals,QB,11,76.4,25.0,6.95,2.27,38,141,225,62.7,"1,283",5.7,5,4,19,19,70,1,3,6.9,66.3%
2021,369531d3e9883fd2239154c3bba25070,Andy Dalton,carolina_panthers,QB,8,93.1,21.6,11.64,2.7,34,149,236,63.1,"1,515",6.4,8,9,18,16,76,0,1,11.6,1.1%
2021,c08c51e093a52a189edf8d84371903a9,Mason Rudolph,pittsburgh_steelers,QB,2,19.4,21.15,9.7,10.58,52,35,58,60.3,277,4.8,1,1,0,5,53,0,0,9.7,2.5%
2021,80cabbb7228df5265ba258990c4e7bb1,P.J. Walker,free_agent,QB,5,16.8,17.4,3.36,3.48,54,36,66,54.5,362,5.5,1,3,7,7,13,0,1,3.4,0.0%
2021,60e68c02aa0122f5a1ad95330cf0ca5a,Nick Foles,free_agent,QB,1,16.8,17.3,16.8,17.3,53,24,35,68.6,250,7.1,1,0,4,4,8,0,0,16.8,1.0%
2021,0adaa9c3fad6ef860eeca6bec0c37b3a,Brandon Allen,free_agent,QB,5,13.8,15.35,2.76,3.07,57,17,34,50.0,149,4.4,2,0,4,7,-1,0,0,2.8,0.0%
2021,75fbb24e9e51642a490faf06a69e598f,Jake Fromm,free_agent,QB,3,13.9,15.0,4.63,5.0,56,27,60,45.0,210,3.5,1,3,6,8,65,0,1,4.6,0.0%
2021,11d5a5f91d9e774f664a071196b5a1ab,Marcus Mariota,washington_commanders,QB,7,14.9,14.9,2.13,2.13,55,1,2,50.0,4,2.0,0,0,0,13,87,1,0,2.1,17.2%
2021,c47da8309c9f548b2872e836606546b8,Sean Mannion,free_agent,QB,1,13.0,14.85,13.0,14.85,58,22,36,61.1,189,5.3,1,0,2,2,14,0,0,13.0,0.0%
2021,4a3f0c801a629f5ded14d24ced354fbb,Brian Hoyer,free_agent,QB,5,12.3,14.55,2.46,2.91,59,9,11,81.8,227,20.6,1,0,0,11,-8,0,0,2.5,0.0%
2021,c5b30500d7409a6ce7c06e20d8ddb249,Nick Mullens,jacksonville_jaguars,QB,1,9.9,11.35,9.9,11.35,60,20,30,66.7,147,4.9,1,0,0,0,0,0,0,9.9,1.8%
2021,c34bf1ef458fece67b952e16dda78284,Kyle Allen,buffalo_bills,QB,2,7.9,11.1,3.95,5.55,62,12,19,63.2,120,6.3,1,0,2,2,11,0,1,4.0,0.6%
2021,80dec31e6ba4bde4acde1ed76dd0fdef,Garrett Gilbert,free_agent,QB,1,7.8,9.7,7.8,9.7,63,20,31,64.5,194,6.3,0,0,2,0,0,0,0,7.8,0.0%
2021,b2d9cfe3f014480165dda4b5b896eaee,Mitchell Trubisky,tennessee_titans,QB,5,9.1,8.55,1.82,1.71,61,6,8,75.0,43,5.4,0,1,0,13,24,1,0,1.8,1.4%
2021,c4b8bc92fdac5efe99a0cb7e86b4c524,Chad Henne,free_agent,QB,4,3.3,4.1,0.82,1.02,65,11,16,68.8,82,5.1,0,0,0,8,0,0,0,0.8,0.7%
2021,c37837cef4ba88bec9c04b2014ced10e,Ian Book,free_agent,QB,1,4.0,3.35,4.0,3.35,64,12,20,60.0,135,6.8,0,2,8,3,6,0,0,4.0,1.2%
2021,259619f36f8194b14dfb50e655a6dab2,Blaine Gabbert,free_agent,QB,6,1.9,2.65,0.32,0.44,67,7,11,63.6,67,6.1,0,0,1,9,-7,0,0,0.3,1.1%
2021,b55dd25259aa889630390288d118b345,Chris Streveler,free_agent,QB,2,2.0,2.4,1.0,1.2,66,6,9,66.7,36,4.0,0,0,2,3,6,0,0,1.0,0.0%
2021,1210daf698c0bae36c757adc5e72ebab,C.J. Beathard,free_agent,QB,2,1.5,1.85,0.75,0.92,68,2,2,100.0,33,16.5,0,0,0,1,2,0,0,0.8,0.0%
2021,e99462faf076cbf8d06f2320b92dc0ff,Sam Ehlinger,denver_broncos,QB,3,0.9,0.9,0.3,0.3,69,0,0,0,0,0,0,0,0,3,9,0,0,0.3,1.2%
2021,09450542767e07e62ac1d70253c7dfc5,Ryan Fitzpatrick,free_agent,QB,1,0.7,0.85,0.7,0.85,70,3,6,50.0,13,2.2,0,0,1,1,2,0,0,0.7,1.0%
2021,c5140166670256928f282cea9529c1d4,David Blough,free_agent,QB,1,0.6,0.6,0.6,0.6,71,0,0,0,0,0,0,0,1,1,6,0,0,0.6,0.0%
2021,eacb3a142549e6ee24bcdf6d83fe77ff,Kellen Mond,free_agent,QB,2,0.2,0.25,0.1,0.12,73,2,3,66.7,5,1.7,0,0,0,0,0,0,0,0.1,0.0%
2021,8b0f122f5147be892c07c0190f457cf6,Nathan Peterman,free_agent,QB,1,0.2,0.2,0.2,0.2,72,0,0,0,0,0,0,0,0,2,2,0,0,0.2,0.0%
2021,25c5e7efe08b1474927ee2be646a5fe6,Brett Rypien,free_agent,QB,1,0.0,0.0,0.0,0.0,76,0,2,0.0,0,0.0,0,0,0,0,0,0,0,0.0,0.0%
2021,d4e9b9c13c91670042ec750d03d9a327,Trace McSorley,free_agent,QB,1,0.0,0.0,0.0,0.0,74,0,0,0,0,0,0,0,0,0,0,0,0,0.0,0.8%
2021,84427fc828a45fe714e87bac7b591023,Kurt Benkert,free_agent,QB,1,-0.1,-0.1,-0.1,-0.1,77,0,0,0,0,0,0,0,0,2,-1,0,0,-0.1,0.0%
2021,6f338e5421086ca431a63cad724d0ff8,Chase Daniel,free_agent,QB,1,-0.2,-0.2,-0.2,-0.2,78,0,0,0,0,0,0,0,0,2,-2,0,0,-0.2,0.0%
2021,8032588e8767f7204ddaaff74e8f1d7d,Davis Webb,free_agent,QB,1,-0.3,-0.3,-0.3,-0.3,79,0,0,0,0,0,0,0,0,2,-3,0,0,-0.3,0.0%
2021,00de69009910f030cc674b8299424331,Logan Woodside,free_agent,QB,4,-0.6,-0.6,-0.15,-0.15,81,0,0,0,0,0,0,0,0,6,-6,0,0,-0.2,0.0%
2021,311316ef1ded64129943d182a70a5de0,Jacob Eason,free_agent,QB,1,0.0,-0.75,0.0,-0.75,75,2,5,40.0,25,5.0,0,1,0,0,0,0,0,0.0,0.0%
2021,8be9b9b877e382ca5e69b6aaffed8e74,Feleipe Franks,free_agent,QB,6,-0.4,-1.4,-0.07,-0.23,80,0,1,0.0,0,0.0,0,1,0,3,6,0,0,-0.1,0.0%
2021,d7320e51b4dbefddd5a2890a8ed7a290,John Wolford,free_agent,QB,2,-0.9,-1.85,-0.45,-0.92,82,1,4,25.0,5,1.3,0,1,1,2,-1,0,0,-0.5,0.0%
2021,de4d2f62fe637dd4d673c2bad8e9c35a,Josh Rosen,free_agent,QB,3,-1.2,-3.05,-0.4,-1.02,83,2,11,18.2,19,1.7,0,2,0,0,0,0,0,-0.4,0.0%
2022,e05d8e63cdbe6e31630ac25e615729ec,Josh Allen,buffalo_bills,QB,17,412.4,231.6,24.26,13.62,2,362,573,63.2,"4,316",7.5,35,14,33,126,776,7,5,24.3,98.6%
2022,76f32f54ff0345e52aa481dbe57bd00a,Jalen Hurts,philadelphia_eagles,QB,15,384.1,230.0,25.61,15.33,3,306,460,66.5,"3,701",8.0,22,6,38,165,760,13,2,25.6,94.3%
2022,487bf8f77b44f09402acbaeda79cdbed,Patrick Mahomes II,kansas_city_chiefs,QB,17,429.4,199.8,25.26,11.75,1,435,648,67.1,"5,250",8.1,41,12,26,61,358,4,0,25.3,66.3%
2022,41855696f2375e044f293619777023db,Joe Burrow,cincinnati_bengals,QB,17,369.0,175.9,21.71,10.35,4,418,610,68.5,"4,527",7.4,36,12,41,76,259,5,3,21.7,89.7%
2022,9fcc0ed0813ce45814e26ef970c1f9d6,Daniel Jones,indianapolis_colts,QB,16,293.9,162.8,18.37,10.18,9,317,472,67.2,"3,205",6.8,15,5,44,120,708,7,3,18.4,45.0%
2022,8cd5622b199fcf1f48df844f5416ee9f,Lamar Jackson,baltimore_ravens,QB,12,243.1,148.4,20.26,12.37,14,203,326,62.3,"2,242",6.9,17,7,26,112,764,3,2,20.3,89.1%
2022,159c3ca6dfafff02c2371a3f07446e70,Trevor Lawrence,jacksonville_jaguars,QB,17,303.7,143.1,17.86,8.42,8,387,584,66.3,"4,113",7.0,25,8,27,62,291,5,9,17.9,81.5%
2022,f964bf1cd80e2c5a2b32338fc0bcec23,Geno Smith,new_york_jets,QB,17,314.9,140.6,18.52,8.27,5,399,572,69.8,"4,282",7.5,30,11,46,68,366,1,4,18.5,28.3%
2022,11d5a5f91d9e774f664a071196b5a1ab,Marcus Mariota,washington_commanders,QB,13,205.7,109.8,15.82,8.45,20,184,300,61.3,"2,219",7.4,15,9,28,85,438,4,3,15.8,17.2%
2022,e9f9bcf226e85e34348fb286bb4725b2,Kirk Cousins,free_agent,QB,17,305.6,109.7,17.98,6.45,7,424,643,65.9,"4,547",7.1,29,14,46,31,97,2,3,18.0,28.5%
2022,8be4f5431c45db8d3ef2b617d970595e,Jared Goff,detroit_lions,QB,17,291.3,109.3,17.14,6.43,11,382,587,65.1,"4,438",7.6,29,7,23,29,73,0,4,17.1,83.3%
2022,261fd668217f6d71c45cccbf26ea0b80,Kyler Murray,minnesota_vikings,QB,11,207.6,101.8,18.87,9.25,19,259,390,66.4,"2,368",6.1,14,7,25,67,418,3,2,18.9,38.5%
2022,9ecfa046be62e6396fb6c9e33a45c676,Aaron Rodgers,free_agent,QB,17,251.3,95.4,14.78,5.61,13,350,542,64.6,"3,695",6.8,26,12,32,34,94,1,4,14.8,42.9%
2022,39fc486cb0b6f83d1d1e72894179c189,Justin Herbert,los_angeles_chargers,QB,17,291.3,94.7,17.14,5.57,10,477,699,68.2,"4,739",6.8,25,10,38,54,147,0,3,17.1,86.1%
2022,c8a455458a62a76fa95ce779a10185d1,Justin Fields,kansas_city_chiefs,QB,15,307.0,94.0,20.47,6.27,6,192,318,60.4,"2,242",7.1,17,11,55,160,"1,143",8,2,20.5,34.5%
2022,3f63b1e5a332dbfe07d73dc1350e82c3,Tua Tagovailoa,atlanta_falcons,QB,13,239.0,91.0,18.38,7.0,15,259,400,64.8,"3,548",8.9,25,8,21,24,70,0,1,18.4,28.5%
2022,fc9fc46a903969e726675d63bc8be5eb,Tom Brady,free_agent,QB,17,280.5,87.9,16.5,5.17,12,490,733,66.8,"4,694",6.4,25,9,22,29,-1,1,4,16.5,3.0%
2022,f94fe6da6830da6c7c0ba35bd017d708,Russell Wilson,free_agent,QB,15,237.0,87.7,15.8,5.85,16,292,483,60.5,"3,524",7.3,16,11,55,55,277,3,2,15.8,3.5%
2022,c883f6228fae2499302bc52a8b39250b,Dak Prescott,dallas_cowboys,QB,12,213.6,86.2,17.8,7.18,18,261,394,66.2,"2,860",7.3,23,15,20,45,182,1,1,17.8,89.2%
2022,2fb9148454134f8918bb92d4fc04ced3,Derek Carr,free_agent,QB,15,233.0,78.2,15.53,5.21,17,305,502,60.8,"3,522",7.0,24,14,27,24,102,0,0,15.5,6.6%
2022,21f3ca316ce339c1cb3d122085529a68,Jacoby Brissett,arizona_cardinals,QB,14,174.7,72.3,12.48,5.16,24,236,369,64.0,"2,608",7.1,12,6,24,49,243,2,4,12.5,66.3%
2022,272d21b01178125b8c5092b6d46c7fe0,Jimmy Garoppolo,los_angeles_rams,QB,11,168.7,71.3,15.34,6.48,25,207,308,67.2,"2,437",7.9,16,4,18,23,33,2,2,15.3,1.8%
2022,41aeb904f6a191e720caa0d4d810679d,Ryan Tannehill,free_agent,QB,12,167.2,61.8,13.93,5.15,27,212,325,65.2,"2,536",7.8,13,6,33,34,98,2,2,13.9,0.6%
2022,0b692f81719f859700acd12e8206dffb,Davis Mills,houston_texans,QB,15,196.6,60.8,13.11,4.05,21,292,479,61.0,"3,118",6.5,17,15,31,32,108,2,3,13.1,7.1%
2022,369531d3e9883fd2239154c3bba25070,Andy Dalton,carolina_panthers,QB,14,183.3,59.4,13.09,4.24,22,252,378,66.7,"2,871",7.6,18,9,25,30,54,0,1,13.1,1.1%
2022,4d53a0309e18b0ac91541d0c559c8911,Tyler Huntley,baltimore_ravens,QB,5,53.0,54.6,10.6,10.92,40,75,112,67.0,658,5.9,2,3,7,43,137,1,0,10.6,1.8%
2022,d92dfb1775feab1a09490ac6e914299e,Bailey Zappe,new_york_jets,QB,4,42.7,53.05,10.68,13.26,44,65,92,70.7,781,8.5,5,3,6,10,0,0,3,10.7,1.0%
2022,af8659bfc731ff1a0714447013ec6d58,Kenny Pickett,carolina_panthers,QB,13,159.0,51.7,12.23,3.98,28,245,389,63.0,"2,404",6.2,7,9,27,55,237,3,1,12.2,1.5%
2022,c114d2e2dcd82fa95c452a8129268e98,Taylor Heinicke,free_agent,QB,9,121.9,51.6,13.54,5.73,30,161,259,62.2,"1,859",7.2,12,6,19,28,96,1,5,13.5,1.0%
2022,3f539e65bd3969340ddc0486ca1474f8,Brock Purdy,san_francisco_49ers,QB,9,110.3,51.3,12.26,5.7,33,114,170,67.1,"1,374",8.1,13,4,11,22,13,1,0,12.3,86.1%
2022,c6875f0e304ce0e3b8d9ece0504c69b3,Jarrett Stidham,denver_broncos,QB,3,45.7,51.2,15.23,17.07,43,53,83,63.9,656,7.9,4,3,7,14,84,0,1,15.2,4.3%
2022,d7d472c6a71ea8506fe85fa225c13c75,Jameis Winston,new_york_giants,QB,3,48.7,50.3,16.23,16.77,42,73,114,64.0,858,7.5,4,5,11,5,14,0,0,16.2,9.0%
2022,62598179e41aa416c7bc50b754ac00df,Mac Jones,san_francisco_49ers,QB,14,181.1,50.2,12.94,3.59,23,288,442,65.2,"2,997",6.8,14,11,34,47,102,1,1,12.9,23.6%
2022,681b6f31c89296c9276a3c58a9e3d46e,Desmond Ridder,green_bay_packers,QB,4,38.8,49.8,9.7,12.45,48,73,115,63.5,708,6.2,2,0,9,16,64,0,2,9.7,1.4%
2022,80cabbb7228df5265ba258990c4e7bb1,P.J. Walker,free_agent,QB,6,42.2,46.45,7.03,7.74,45,63,106,59.4,731,6.9,3,3,7,6,39,0,0,7.0,0.0%
2022,59ddcf0aeb7392f5b4f1ef7061525ec1,Gardner Minshew II,arizona_cardinals,QB,5,39.8,45.45,7.96,9.09,47,44,76,57.9,663,8.7,3,3,6,7,3,1,1,8.0,3.0%
2022,74e014fd9c82a433d7699ede873c83b6,Teddy Bridgewater,detroit_lions,QB,5,42.0,44.85,8.4,8.97,46,49,79,62.0,683,8.6,4,4,7,3,27,0,0,8.4,0.8%
2022,82cc91dc4fcb55ba34cbfc598b8e769b,Sam Darnold,seattle_seahawks,QB,6,89.3,44.6,14.88,7.43,36,82,140,58.6,"1,143",8.2,7,3,10,26,106,2,2,14.9,60.6%
2022,e99462faf076cbf8d06f2320b92dc0ff,Sam Ehlinger,denver_broncos,QB,4,38.6,43.35,9.65,10.84,49,64,101,63.4,573,5.7,3,3,14,17,87,0,1,9.7,1.2%
2022,549216dbee14f104a038d24fed59f6df,Matt Ryan,free_agent,QB,12,168.3,43.0,14.02,3.58,26,309,461,67.0,"3,057",6.6,14,13,38,27,70,1,5,14.0,0.1%
2022,406d013afb2d1a6802018dc6961aec38,Deshaun Watson,cleveland_browns,QB,6,90.5,41.5,15.08,6.92,35,99,170,58.2,"1,102",6.5,7,5,20,36,175,1,0,15.1,12.6%
2022,f66aac2d752e004cc198aa69678befdb,Colt McCoy,free_agent,QB,4,35.7,40.6,8.93,10.15,50,90,132,68.2,780,5.9,1,3,13,14,36,0,0,8.9,0.0%
2022,e4ab65fc36a114028bfcd87769461f42,Carson Wentz,free_agent,QB,8,121.8,40.6,15.22,5.08,31,172,276,62.3,"1,755",6.4,11,9,26,22,86,1,1,15.2,1.1%
2022,ef797da73b9e097113749664e0eb30bf,Baker Mayfield,tampa_bay_buccaneers,QB,12,129.4,38.9,10.78,3.24,29,201,335,60.0,"2,163",6.5,10,8,36,31,89,1,2,10.8,83.5%
2022,7bf6fcdcaa6dc73977f921ae5a68d789,Matthew Stafford,los_angeles_rams,QB,9,116.5,30.9,12.94,3.43,32,206,303,68.0,"2,087",6.9,10,8,29,13,9,1,3,12.9,93.3%
2022,5f80e82460353ce6287f48d8e8a8c14a,Joshua Dobbs,new_england_patriots,QB,2,22.9,28.95,11.45,14.48,51,40,68,58.8,411,6.0,2,2,6,8,44,0,2,11.5,0.9%
2022,9d2f7d09227e887c8782085c25e07238,Skylar Thompson,free_agent,QB,7,20.5,26.8,2.93,3.83,56,60,105,57.1,534,5.1,1,3,6,14,21,0,2,2.9,1.0%
2022,d5bb3551858122567b77853476e3a736,Zach Wilson,free_agent,QB,9,106.0,26.2,11.78,2.91,34,132,242,54.5,"1,688",7.0,6,7,23,28,102,1,1,11.8,0.6%
2022,c9871a10f7a4aa1cb0e2c99ab5a71137,Malik Willis,miami_dolphins,QB,7,22.3,26.1,3.19,3.73,52,31,61,50.8,276,4.5,0,3,10,27,123,1,2,3.2,22.3%
2022,25c5e7efe08b1474927ee2be646a5fe6,Brett Rypien,free_agent,QB,4,22.0,24.85,5.5,6.21,53,53,88,60.2,483,5.5,2,4,8,6,7,0,1,5.5,0.0%
2022,c5140166670256928f282cea9529c1d4,David Blough,free_agent,QB,2,20.6,24.6,10.3,12.3,55,38,58,65.5,402,6.9,2,2,5,4,5,0,1,10.3,0.0%
2022,8032588e8767f7204ddaaff74e8f1d7d,Davis Webb,free_agent,QB,1,20.8,22.5,20.8,22.5,54,23,40,57.5,168,4.2,1,0,0,6,41,1,0,20.8,0.0%
2022,c34bf1ef458fece67b952e16dda78284,Kyle Allen,buffalo_bills,QB,3,19.9,22.1,6.63,7.37,57,46,78,59.0,416,5.3,2,4,5,6,13,0,1,6.6,0.6%
2022,b2d9cfe3f014480165dda4b5b896eaee,Mitchell Trubisky,tennessee_titans,QB,7,79.0,21.8,11.29,3.11,37,117,180,65.0,"1,252",7.0,4,5,11,19,38,2,0,11.3,1.4%
2022,d7320e51b4dbefddd5a2890a8ed7a290,John Wolford,free_agent,QB,2,17.8,20.7,8.9,10.35,59,38,62,61.3,390,6.3,1,3,7,8,32,0,1,8.9,0.0%
2022,5701103322a727209251e2345eaf0bbf,Sam Howell,dallas_cowboys,QB,1,19.3,19.95,19.3,19.95,58,11,19,57.9,169,8.9,1,1,3,5,35,1,0,19.3,0.7%
2022,0f872070090edcb81e1ddea38ddcbae3,Bryce Perkins,free_agent,QB,5,17.5,17.05,3.5,3.41,60,19,34,55.9,161,4.7,1,2,6,19,90,0,0,3.5,0.0%
2022,fd14e6f7023190067181043062795d1e,Jeff Driskel,washington_commanders,QB,7,17.2,16.9,2.46,2.41,61,14,20,70.0,108,5.4,1,0,2,20,75,0,0,2.5,0.0%
2022,d4e9b9c13c91670042ec750d03d9a327,Trace McSorley,free_agent,QB,5,13.7,16.7,2.74,3.34,62,45,83,54.2,412,5.0,0,5,3,15,61,0,2,2.7,0.8%
2022,80725e399c4786ecdc867c99ac47f0e0,Cooper Rush,free_agent,QB,8,59.6,14.6,7.45,1.82,39,94,162,58.0,"1,051",6.5,5,3,7,9,6,0,0,7.5,0.7%
2022,f4e3ac6d06f3dfe5cdbeac280be100fc,Joe Flacco,free_agent,QB,5,51.4,14.6,10.28,2.92,41,110,191,57.6,"1,051",5.5,5,3,10,3,6,0,4,10.3,19.4%
2022,f2d31db190f1e266d017f7b48346cc78,Trey Lance,los_angeles_chargers,QB,3,13.5,14.4,4.5,4.8,63,15,31,48.4,194,6.3,0,1,2,16,67,0,0,4.5,1.3%
2022,c5b30500d7409a6ce7c06e20d8ddb249,Nick Mullens,jacksonville_jaguars,QB,4,12.8,14.0,3.2,3.5,64,21,25,84.0,224,9.0,1,1,0,4,8,0,0,3.2,1.8%
2022,8524583718ae0c9182ade69cffe7dcb3,Jordan Love,green_bay_packers,QB,4,11.7,13.65,2.92,3.41,66,14,21,66.7,195,9.3,1,0,0,1,-1,0,0,2.9,75.0%
2022,9490e14f11bd63beaee23e1a9b9e539a,Trevor Siemian,free_agent,QB,2,11.2,12.0,5.6,6.0,67,15,26,57.7,184,7.1,1,1,2,4,8,0,0,5.6,0.0%
2022,9bb87f458aa5c052941f08700557400a,Tyrod Taylor,free_agent,QB,3,12.3,11.9,4.1,3.97,65,6,8,75.0,58,7.3,1,1,3,5,70,0,1,4.1,5.4%
2022,1a645c0d915baaa31e4d2de5fcd80a0a,Mike White,free_agent,QB,4,60.6,10.9,15.15,2.72,38,103,175,58.9,"1,192",6.8,3,4,9,6,9,1,1,15.2,1.1%
2022,34eecd9c992f8bb289a46bea34f28ee2,Anthony Brown Jr.,free_agent,QB,2,7.5,10.6,3.75,5.3,71,22,49,44.9,302,6.2,0,2,5,3,-5,0,1,3.8,1.3%
2022,b55dd25259aa889630390288d118b345,Chris Streveler,free_agent,QB,1,9.0,9.9,9.0,9.9,69,10,15,66.7,90,6.0,0,0,0,9,54,0,0,9.0,0.0%
2022,8b0f122f5147be892c07c0190f457cf6,Nathan Peterman,free_agent,QB,3,9.3,9.65,3.1,3.22,68,14,25,56.0,139,5.6,1,1,1,2,7,0,0,3.1,0.0%
2022,6f338e5421086ca431a63cad724d0ff8,Chase Daniel,free_agent,QB,3,8.5,7.0,2.83,2.33,70,8,12,66.7,52,4.3,1,0,1,1,4,0,0,2.8,0.0%
2022,259619f36f8194b14dfb50e655a6dab2,Blaine Gabbert,free_agent,QB,1,5.2,5.45,5.2,5.45,73,6,8,75.0,29,3.6,1,0,0,0,0,0,0,5.2,1.1%
2022,60e68c02aa0122f5a1ad95330cf0ca5a,Nick Foles,free_agent,QB,2,5.7,4.0,2.85,2.0,72,25,42,59.5,224,5.3,0,4,8,2,8,0,0,2.9,1.0%
2022,4a3f0c801a629f5ded14d24ced354fbb,Brian Hoyer,free_agent,QB,1,1.5,1.85,1.5,1.85,74,5,6,83.3,37,6.2,0,0,1,0,0,0,0,1.5,0.0%
2022,d276564560938010d3e0cdbea8473470,Kyle Trask,free_agent,QB,1,0.9,1.15,0.9,1.15,76,3,9,33.3,23,2.6,0,0,0,0,0,0,0,0.9,1.1%
2022,0adaa9c3fad6ef860eeca6bec0c37b3a,Brandon Allen,free_agent,QB,1,0.8,1.0,0.8,1.0,77,3,3,100.0,22,7.3,0,0,1,3,-1,0,0,0.8,0.0%
2022,311316ef1ded64129943d182a70a5de0,Jacob Eason,free_agent,QB,1,1.4,0.95,1.4,0.95,75,3,5,60.0,59,11.8,0,1,0,0,0,0,0,1.4,0.0%
2022,21a351cc948b76bb7e0cd4898bd1dce5,Josh Johnson,cincinnati_bengals,QB,1,0.7,0.8,0.7,0.8,78,1,2,50.0,10,5.0,0,0,0,2,3,0,0,0.7,1.0%
2022,0bdd736cab524fb388108c43b7340eef,Case Keenum,chicago_bears,QB,2,0.3,0.4,0.15,0.2,79,2,7,28.6,8,1.1,0,0,0,5,0,0,0,0.2,1.0%
2022,b62392d840668f677c0e8caed961d18e,Davis Cheek,free_agent,QB,1,0.0,0.0,0.0,0.0,81,0,0,0,0,0,0,0,0,0,0,0,0,0.0,1.6%
2022,cfcb0f20a21aa05fdf6027c1a5a8768b,Matt Corral,free_agent,QB,2,0.0,0.0,0.0,0.0,80,0,0,0,0,0,0,0,0,0,0,0,0,0.0,1.0%
2022,26bc7b7346ff909123eb07e38a4befd3,Matt Barkley,free_agent,QB,1,0.0,0.0,0.0,0.0,82,0,0,0,0,0,0,0,0,0,0,0,0,0.0,0.0%
2022,8be9b9b877e382ca5e69b6aaffed8e74,Feleipe Franks,free_agent,QB,7,0.0,0.0,0.0,0.0,83,0,0,0,0,0,0,0,0,1,0,0,0,0.0,0.0%
2022,00de69009910f030cc674b8299424331,Logan Woodside,free_agent,QB,1,0.0,0.0,0.0,0.0,84,0,0,0,0,0,0,0,0,0,0,0,0,0.0,0.0%
2022,c1e40af31926af5ee59698380bd00c42,Nate Sudfeld,free_agent,QB,2,-0.4,-0.4,-0.2,-0.2,86,0,0,0,0,0,0,0,1,5,-4,0,0,-0.2,0.0%
2022,c4b8bc92fdac5efe99a0cb7e86b4c524,Chad Henne,free_agent,QB,3,-0.5,-0.5,-0.17,-0.17,87,0,2,0.0,0,0.0,0,0,0,5,-5,0,0,-0.2,0.7%
2022,1210daf698c0bae36c757adc5e72ebab,C.J. Beathard,free_agent,QB,4,0.0,-0.65,0.0,-0.16,85,7,11,63.6,35,3.2,0,1,1,4,-4,0,0,0.0,0.0%
2022,9dee2314b440a5938cc69c59a0d88714,Tim Boyle,free_agent,QB,1,-0.9,-2.55,-0.9,-2.55,88,2,8,25.0,33,4.1,0,2,0,2,-2,0,0,-0.9,0.0%
2023,e05d8e63cdbe6e31630ac25e615729ec,Josh Allen,buffalo_bills,QB,17,410.9,222.4,24.17,13.08,1,385,579,66.5,"4,306",7.4,29,18,24,111,524,15,4,24.2,98.6%
2023,76f32f54ff0345e52aa481dbe57bd00a,Jalen Hurts,philadelphia_eagles,QB,17,371.9,212.5,21.88,12.5,2,352,538,65.4,"3,858",7.2,23,15,36,157,605,15,5,21.9,94.3%
2023,8cd5622b199fcf1f48df844f5416ee9f,Lamar Jackson,baltimore_ravens,QB,16,338.2,194.1,21.14,12.13,4,307,457,67.2,"3,678",8.0,24,7,37,148,821,5,6,21.1,89.1%
2023,c883f6228fae2499302bc52a8b39250b,Dak Prescott,dallas_cowboys,QB,17,352.0,162.2,20.71,9.54,3,410,590,69.5,"4,516",7.7,36,9,39,55,242,2,2,20.7,89.2%
2023,8524583718ae0c9182ade69cffe7dcb3,Jordan Love,green_bay_packers,QB,17,330.1,154.7,19.42,9.1,5,372,579,64.2,"4,159",7.2,32,11,30,50,247,4,3,19.4,75.0%
2023,f94fe6da6830da6c7c0ba35bd017d708,Russell Wilson,free_agent,QB,15,264.9,140.1,17.66,9.34,14,297,447,66.4,"3,070",6.9,26,8,45,80,341,3,5,17.7,3.5%
2023,c8a455458a62a76fa95ce779a10185d1,Justin Fields,kansas_city_chiefs,QB,13,239.1,135.7,18.39,10.44,18,227,370,61.4,"2,562",6.9,16,9,44,124,657,4,4,18.4,34.5%
2023,3f539e65bd3969340ddc0486ca1474f8,Brock Purdy,san_francisco_49ers,QB,16,306.6,128.4,19.16,8.02,6,308,444,69.4,"4,280",9.6,31,11,28,39,144,2,2,19.2,86.1%
2023,487bf8f77b44f09402acbaeda79cdbed,Patrick Mahomes II,kansas_city_chiefs,QB,16,294.1,118.9,18.38,7.43,8,401,597,67.2,"4,183",7.0,27,14,27,75,389,0,3,18.4,66.3%
2023,acfa73a3c260006788bf0406c21fdb84,C.J. Stroud,houston_texans,QB,15,281.1,116.7,18.74,7.78,11,319,499,63.9,"4,108",8.2,23,5,38,39,167,3,4,18.7,64.2%
2023,ef797da73b9e097113749664e0eb30bf,Baker Mayfield,tampa_bay_buccaneers,QB,17,284.0,114.3,16.71,6.72,10,364,566,64.3,"4,044",7.1,28,10,40,62,163,1,3,16.7,83.5%
2023,159c3ca6dfafff02c2371a3f07446e70,Trevor Lawrence,jacksonville_jaguars,QB,16,276.6,113.9,17.29,7.12,13,370,564,65.6,"4,016",7.1,21,14,35,70,339,4,7,17.3,81.5%
2023,5f80e82460353ce6287f48d8e8a8c14a,Joshua Dobbs,new_england_patriots,QB,13,210.5,110.1,16.19,8.47,20,262,417,62.8,"2,464",5.9,13,10,30,77,421,6,7,16.2,0.9%
2023,8be4f5431c45db8d3ef2b617d970595e,Jared Goff,detroit_lions,QB,17,300.9,110.1,17.7,6.48,7,407,605,67.3,"4,575",7.6,30,12,30,32,21,2,4,17.7,83.3%
2023,39fc486cb0b6f83d1d1e72894179c189,Justin Herbert,los_angeles_chargers,QB,13,241.2,106.8,18.55,8.22,17,297,456,65.1,"3,134",6.9,20,7,29,52,228,3,1,18.6,86.1%
2023,5701103322a727209251e2345eaf0bbf,Sam Howell,dallas_cowboys,QB,17,278.6,98.3,16.39,5.78,12,388,612,63.4,"3,946",6.4,21,21,65,48,263,5,2,16.4,0.7%
2023,3f63b1e5a332dbfe07d73dc1350e82c3,Tua Tagovailoa,atlanta_falcons,QB,17,284.4,95.4,16.73,5.61,9,388,560,69.3,"4,624",8.3,29,14,29,35,74,0,5,16.7,28.5%
2023,2fb9148454134f8918bb92d4fc04ced3,Derek Carr,free_agent,QB,17,249.1,88.0,14.65,5.18,16,375,548,68.4,"3,878",7.1,25,8,31,32,40,0,3,14.7,6.6%
2023,f964bf1cd80e2c5a2b32338fc0bcec23,Geno Smith,new_york_jets,QB,15,236.4,83.5,15.76,5.57,19,323,499,64.7,"3,624",7.3,20,9,31,37,155,1,3,15.8,28.3%
2023,7bf6fcdcaa6dc73977f921ae5a68d789,Matthew Stafford,los_angeles_rams,QB,15,254.3,80.5,16.95,5.37,15,326,521,62.6,"3,965",7.6,24,11,30,21,65,0,0,17.0,93.3%
2023,b247ec47582e46f54f14747d365d4c95,Anthony Richardson Sr.,indianapolis_colts,QB,4,73.6,76.45,18.4,19.11,40,50,84,59.5,577,6.9,3,1,7,25,136,4,1,18.4,18.6%
2023,c114d2e2dcd82fa95c452a8129268e98,Taylor Heinicke,free_agent,QB,5,70.0,74.9,14.0,14.98,42,74,136,54.4,890,6.5,5,4,8,15,124,1,0,14.0,1.0%
2023,681b6f31c89296c9276a3c58a9e3d46e,Desmond Ridder,green_bay_packers,QB,15,189.1,73.3,12.61,4.89,22,249,388,64.2,"2,836",7.3,12,12,31,53,193,5,7,12.6,1.4%
2023,261fd668217f6d71c45cccbf26ea0b80,Kyler Murray,minnesota_vikings,QB,8,151.4,72.4,18.92,9.05,27,176,268,65.7,"1,799",6.7,10,5,18,44,244,3,0,18.9,38.5%
2023,59ddcf0aeb7392f5b4f1ef7061525ec1,Gardner Minshew II,arizona_cardinals,QB,16,205.2,70.0,12.82,4.38,21,305,490,62.2,"3,305",6.7,15,9,34,34,100,3,5,12.8,3.0%
2023,9fcc0ed0813ce45814e26ef970c1f9d6,Daniel Jones,indianapolis_colts,QB,6,63.0,68.05,10.5,11.34,44,108,160,67.5,909,5.7,2,6,30,40,206,1,1,10.5,45.0%
2023,6e1312183ae3949f7e3f7fa83944a7c9,Tyson Bagent,chicago_bears,QB,5,59.3,65.85,11.86,13.17,45,94,143,65.7,859,6.0,3,6,5,23,109,2,2,11.9,4.0%
2023,be2936f2fc08dfaad0be9a1753b8be89,Jake Browning,tampa_bay_buccaneers,QB,9,151.5,64.7,16.83,7.19,26,171,243,70.4,"1,936",8.0,12,7,24,27,127,3,0,16.8,0.9%
2023,e9f9bcf226e85e34348fb286bb4725b2,Kirk Cousins,free_agent,QB,8,154.9,64.5,19.36,8.06,24,216,311,69.5,"2,331",7.5,18,5,17,14,25,0,4,19.4,28.5%
2023,41855696f2375e044f293619777023db,Joe Burrow,cincinnati_bengals,QB,10,153.2,56.8,15.32,5.68,25,244,365,66.8,"2,309",6.3,15,6,24,31,88,0,1,15.3,89.7%
2023,b2d9cfe3f014480165dda4b5b896eaee,Mitchell Trubisky,tennessee_titans,QB,5,53.7,55.0,10.74,11.0,46,67,107,62.6,632,5.9,4,5,7,16,54,2,1,10.7,1.4%
2023,167bd8432909633d6b37cddfbc115a8d,Tommy DeVito,new_england_patriots,QB,10,96.5,51.5,9.65,5.15,34,114,178,64.0,"1,101",6.2,8,3,37,36,195,1,1,9.7,0.6%
2023,03b7e44914eb79b9c061236c1c07ca74,Bryce Young,carolina_panthers,QB,16,166.5,49.3,10.41,3.08,23,315,527,59.8,"2,877",5.5,11,10,62,39,253,0,6,10.4,35.0%
2023,c08c51e093a52a189edf8d84371903a9,Mason Rudolph,pittsburgh_steelers,QB,4,39.6,48.75,9.9,12.19,47,55,74,74.3,719,9.7,3,0,6,10,8,0,1,9.9,2.5%
2023,fde51143db166459d52da38cc269275c,Aidan O'Connell,las_vegas_raiders,QB,11,132.8,41.1,12.07,3.74,28,213,343,62.1,"2,218",6.5,12,7,24,17,11,1,2,12.1,1.0%
2023,9490e14f11bd63beaee23e1a9b9e539a,Trevor Siemian,free_agent,QB,5,30.9,40.2,6.18,8.04,49,86,153,56.2,724,4.7,2,4,8,11,40,0,3,6.2,0.0%
2023,406d013afb2d1a6802018dc6961aec38,Deshaun Watson,cleveland_browns,QB,6,90.9,40.2,15.15,6.7,35,105,171,61.4,"1,115",6.5,7,4,17,26,142,1,2,15.2,12.6%
2023,d5bb3551858122567b77853476e3a736,Zach Wilson,free_agent,QB,12,126.8,39.1,10.57,3.26,29,221,368,60.1,"2,271",6.2,8,7,46,36,211,0,7,10.6,0.6%
2023,f4e3ac6d06f3dfe5cdbeac280be100fc,Joe Flacco,free_agent,QB,5,108.9,36.2,21.78,7.24,32,123,204,60.3,"1,616",7.9,13,8,8,9,2,0,1,21.8,19.4%
2023,6a3226aca6ee433dd732e8e550b96ae8,Will Levis,tennessee_titans,QB,9,106.1,35.7,11.79,3.97,33,149,255,58.4,"1,808",7.1,8,4,28,25,57,1,4,11.8,2.7%
2023,83dcc1c93648a70727e3857c1451d906,Drew Lock,seattle_seahawks,QB,4,32.1,34.55,8.02,8.64,48,48,76,63.2,543,7.1,3,3,6,5,14,0,0,8.0,1.6%
2023,9bb87f458aa5c052941f08700557400a,Tyrod Taylor,free_agent,QB,10,90.3,33.7,9.03,3.37,36,116,180,64.4,"1,341",7.5,5,3,17,38,197,0,0,9.0,5.4%
2023,c6875f0e304ce0e3b8d9ece0504c69b3,Jarrett Stidham,denver_broncos,QB,3,27.7,31.6,9.23,10.53,50,40,66,60.6,496,7.5,2,1,7,9,8,0,0,9.2,4.3%
2023,80cabbb7228df5265ba258990c4e7bb1,P.J. Walker,free_agent,QB,5,24.9,30.7,4.98,6.14,54,54,111,48.6,674,6.1,1,5,11,13,30,0,2,5.0,0.0%
2023,9b14f2a2bc50b8b1b2fc45d8bb987b1b,Easton Stick,free_agent,QB,5,68.1,30.4,13.62,6.08,43,111,174,63.8,"1,129",6.5,3,1,14,27,144,1,4,13.6,0.0%
2023,82cc91dc4fcb55ba34cbfc598b8e769b,Sam Darnold,seattle_seahawks,QB,10,24.3,28.35,2.43,2.84,55,28,46,60.9,297,6.5,2,1,6,21,15,1,1,2.4,60.6%
2023,4d53a0309e18b0ac91541d0c559c8911,Tyler Huntley,baltimore_ravens,QB,5,25.6,27.65,5.12,5.53,53,21,37,56.8,203,5.5,3,0,4,15,55,0,0,5.1,1.8%
2023,af8659bfc731ff1a0714447013ec6d58,Kenny Pickett,carolina_panthers,QB,12,114.2,27.4,9.52,2.28,31,201,324,62.0,"2,070",6.4,6,4,23,42,54,1,0,9.5,1.5%
2023,369531d3e9883fd2239154c3bba25070,Andy Dalton,carolina_panthers,QB,3,23.6,27.25,7.87,9.08,56,34,58,58.6,361,6.2,2,0,3,3,12,0,0,7.9,1.1%
2023,e4ab65fc36a114028bfcd87769461f42,Carson Wentz,free_agent,QB,1,27.1,25.75,27.1,25.75,51,17,24,70.8,163,6.8,2,1,2,17,56,1,0,27.1,1.1%
2023,62598179e41aa416c7bc50b754ac00df,Mac Jones,san_francisco_49ers,QB,11,118.3,25.6,10.75,2.33,30,224,345,64.9,"2,120",6.1,10,12,22,26,96,0,2,10.8,23.6%
2023,21f3ca316ce339c1cb3d122085529a68,Jacoby Brissett,arizona_cardinals,QB,2,22.9,25.1,11.45,12.55,57,18,23,78.3,224,9.7,3,0,0,3,19,0,0,11.5,66.3%
2023,1210daf698c0bae36c757adc5e72ebab,C.J. Beathard,free_agent,QB,7,21.5,24.95,3.07,3.56,58,40,53,75.5,349,6.6,1,0,6,8,35,0,0,3.1,0.0%
2023,4cb0ea3393d573432794905284305345,Dorian Thompson-Robinson,free_agent,QB,7,26.1,24.5,3.73,3.5,52,60,112,53.6,440,3.9,1,4,6,14,65,0,0,3.7,1.5%
2023,d92dfb1775feab1a09490ac6e914299e,Bailey Zappe,new_york_jets,QB,10,78.2,20.3,7.82,2.03,38,127,212,59.9,"1,272",6.0,6,9,25,17,83,1,1,7.8,1.0%
2023,0b692f81719f859700acd12e8206dffb,Davis Mills,houston_texans,QB,6,17.9,17.55,2.98,2.92,59,18,39,46.2,173,4.4,2,0,2,2,9,0,0,3.0,7.1%
2023,fd14e6f7023190067181043062795d1e,Jeff Driskel,washington_commanders,QB,1,15.9,15.6,15.9,15.6,60,13,26,50.0,166,6.4,2,2,3,7,33,0,0,15.9,0.0%
2023,41aeb904f6a191e720caa0d4d810679d,Ryan Tannehill,free_agent,QB,9,87.0,15.4,9.67,1.71,37,149,230,64.8,"1,616",7.0,4,7,32,17,74,1,0,9.7,0.6%
2023,11d5a5f91d9e774f664a071196b5a1ab,Marcus Mariota,washington_commanders,QB,2,12.7,15.4,6.35,7.7,64,15,23,65.2,164,7.1,1,1,3,8,52,0,1,6.4,17.2%
2023,d7d472c6a71ea8506fe85fa225c13c75,Jameis Winston,new_york_giants,QB,6,14.9,14.6,2.48,2.43,61,25,47,53.2,264,5.6,2,3,2,5,-6,0,0,2.5,9.0%
2023,9dee2314b440a5938cc69c59a0d88714,Tim Boyle,free_agent,QB,3,14.9,14.5,4.97,4.83,62,48,77,62.3,360,4.7,1,4,9,4,5,0,0,5.0,0.0%
2023,c5b30500d7409a6ce7c06e20d8ddb249,Nick Mullens,jacksonville_jaguars,QB,5,74.6,14.5,14.92,2.9,39,100,148,67.6,"1,306",8.8,7,8,12,10,25,0,0,14.9,1.8%
2023,272d21b01178125b8c5092b6d46c7fe0,Jimmy Garoppolo,los_angeles_rams,QB,7,73.1,13.9,10.44,1.99,41,110,169,65.1,"1,205",7.1,7,9,14,20,39,0,0,10.4,1.8%
2023,0bdd736cab524fb388108c43b7340eef,Case Keenum,chicago_bears,QB,2,12.8,12.65,6.4,6.32,63,34,53,64.2,291,5.5,1,3,6,2,1,0,0,6.4,1.0%
2023,25c5e7efe08b1474927ee2be646a5fe6,Brett Rypien,free_agent,QB,2,5.8,8.5,2.9,4.25,68,18,38,47.4,172,4.5,0,1,2,3,19,0,1,2.9,0.0%
2023,46b9d43a9f34fd55f2f32c097589f9ca,Clayton Tune,free_agent,QB,8,9.5,8.1,1.19,1.01,65,12,21,57.1,62,3.0,0,2,7,8,30,1,1,1.2,0.6%
2023,c6d5df84cbe3bb98ec911d91f77a13b0,Jaren Hall,free_agent,QB,3,3.1,7.8,1.03,2.6,71,13,20,65.0,168,8.4,0,1,4,6,14,0,2,1.0,1.8%
2023,259619f36f8194b14dfb50e655a6dab2,Blaine Gabbert,free_agent,QB,2,8.9,7.75,4.45,3.88,66,18,35,51.4,185,5.3,0,3,1,7,45,0,0,4.5,1.1%
2023,4a3f0c801a629f5ded14d24ced354fbb,Brian Hoyer,free_agent,QB,2,7.0,7.25,3.5,3.62,67,23,42,54.8,231,5.5,0,2,1,3,-3,0,0,3.5,0.0%
2023,c9871a10f7a4aa1cb0e2c99ab5a71137,Malik Willis,miami_dolphins,QB,2,3.1,5.8,1.55,2.9,72,4,5,80.0,74,14.8,0,0,4,5,21,0,1,1.6,22.3%
2023,1a645c0d915baaa31e4d2de5fcd80a0a,Mike White,free_agent,QB,6,3.1,4.8,0.52,0.8,70,5,6,83.3,74,12.3,1,1,0,8,-9,0,1,0.5,1.1%
2023,80725e399c4786ecdc867c99ac47f0e0,Cooper Rush,free_agent,QB,8,4.2,4.7,0.52,0.59,69,18,24,75.0,144,6.0,0,1,1,12,-5,0,0,0.5,0.7%
2023,87eb97450b0eaeed07874139ee7f6c07,Sean Clifford,cincinnati_bengals,QB,2,1.3,1.65,0.65,0.82,73,1,1,100.0,37,37.0,0,0,0,3,-2,0,0,0.7,1.8%
2023,6ebbc6e4168b6f314f5e84a48f58b2ae,AJ McCarron,free_agent,QB,2,0.8,0.95,0.4,0.48,74,4,5,80.0,19,3.8,0,0,1,0,0,0,0,0.4,1.0%
2023,acdd59a4bd37471bacceceafe383eb69,Malik Cunningham,detroit_lions,QB,2,0.0,0.0,0.0,0.0,76,0,0,0,0,0,0,0,1,0,0,0,0,0.0,1.1%
2023,27e0cf08147f2fb2024ef71d356af726,Max Duggan,free_agent,QB,1,0.0,0.0,0.0,0.0,77,0,0,0,0,0,0,0,0,0,0,0,0,0.0,0.0%
2023,9ecfa046be62e6396fb6c9e33a45c676,Aaron Rodgers,free_agent,QB,1,0.0,0.0,0.0,0.0,78,0,1,0.0,0,0.0,0,0,1,0,0,0,0,0.0,42.9%
2023,740255264f5c65432166aa3a4ef81830,Chris Oladokun,kansas_city_chiefs,QB,2,0.0,0.0,0.0,0.0,79,0,0,0,0,0,0,0,0,0,0,0,0,0.0,1.0%
2023,9d2f7d09227e887c8782085c25e07238,Skylar Thompson,free_agent,QB,1,0.0,0.0,0.0,0.0,80,0,0,0,0,0,0,0,0,0,0,0,0,0.0,1.0%
2023,311316ef1ded64129943d182a70a5de0,Jacob Eason,free_agent,QB,2,0.0,0.0,0.0,0.0,81,0,0,0,0,0,0,0,0,0,0,0,0,0.0,0.0%
2023,00de69009910f030cc674b8299424331,Logan Woodside,free_agent,QB,1,0.7,-0.05,0.7,-0.05,75,3,4,75.0,27,6.8,0,1,1,1,6,0,0,0.7,0.0%
2023,d276564560938010d3e0cdbea8473470,Kyle Trask,free_agent,QB,2,-0.1,-0.1,-0.05,-0.05,82,0,1,0.0,0,0.0,0,0,0,1,-1,0,0,-0.1,1.1%
2023,74e014fd9c82a433d7699ede873c83b6,Teddy Bridgewater,detroit_lions,QB,1,-0.2,-0.2,-0.2,-0.2,83,0,0,0,0,0,0,0,0,2,-2,0,0,-0.2,0.8%
2023,26bc7b7346ff909123eb07e38a4befd3,Matt Barkley,free_agent,QB,1,-0.3,-0.3,-0.3,-0.3,84,0,0,0,0,0,0,0,0,3,-3,0,0,-0.3,0.0%
2023,8b0f122f5147be892c07c0190f457cf6,Nathan Peterman,free_agent,QB,1,-0.4,-0.4,-0.4,-0.4,85,0,0,0,0,0,0,0,1,2,-4,0,0,-0.4,0.0%
2023,c34bf1ef458fece67b952e16dda78284,Kyle Allen,buffalo_bills,QB,6,-1.3,-1.3,-0.22,-0.22,86,0,0,0,0,0,0,0,0,13,-13,0,0,-0.2,0.6%
2024,8cd5622b199fcf1f48df844f5416ee9f,Lamar Jackson,baltimore_ravens,QB,17,434.4,271.5,25.55,15.97,1,316,474,66.7,"4,172",8.8,41,4,23,139,915,4,5,25.6,89.1%
2024,e05d8e63cdbe6e31630ac25e615729ec,Josh Allen,buffalo_bills,QB,17,385.1,225.1,22.65,13.24,2,307,483,63.6,"3,731",7.7,28,6,14,102,531,12,2,22.7,98.6%
2024,76f32f54ff0345e52aa481dbe57bd00a,Jalen Hurts,philadelphia_eagles,QB,15,320.0,209.0,21.33,13.93,8,248,361,68.7,"2,903",8.0,18,5,38,150,630,14,5,21.3,94.3%
2024,bf27922182b8686c8fecf919ac94bcc8,Jayden Daniels,washington_commanders,QB,17,364.7,207.1,21.45,12.18,5,331,480,69.0,"3,568",7.4,25,9,47,148,891,6,0,21.5,66.7%
2024,ef797da73b9e097113749664e0eb30bf,Baker Mayfield,tampa_bay_buccaneers,QB,17,381.8,187.8,22.46,11.05,4,407,570,71.4,"4,500",7.9,41,16,40,60,378,3,2,22.5,83.5%
2024,41855696f2375e044f293619777023db,Joe Burrow,cincinnati_bengals,QB,17,381.9,186.1,22.46,10.95,3,460,652,70.6,"4,918",7.5,43,9,48,42,201,2,5,22.5,89.7%
2024,435415f08eaa932b2a41ea68ea4235b8,Bo Nix,denver_broncos,QB,17,329.1,159.0,19.36,9.35,7,376,567,66.3,"3,775",6.7,29,12,24,92,430,4,0,19.4,90.6%
2024,261fd668217f6d71c45cccbf26ea0b80,Kyler Murray,minnesota_vikings,QB,17,308.4,149.2,18.14,8.78,10,372,541,68.8,"3,851",7.1,21,11,30,78,572,5,4,18.1,38.5%
2024,82cc91dc4fcb55ba34cbfc598b8e769b,Sam Darnold,seattle_seahawks,QB,17,319.8,143.2,18.81,8.42,9,361,545,66.2,"4,319",7.9,35,12,48,67,212,1,4,18.8,60.6%
2024,8be4f5431c45db8d3ef2b617d970595e,Jared Goff,detroit_lions,QB,17,336.5,129.6,19.79,7.62,6,390,539,72.4,"4,629",8.6,37,12,31,35,56,0,0,19.8,83.3%
2024,39fc486cb0b6f83d1d1e72894179c189,Justin Herbert,los_angeles_chargers,QB,17,288.6,128.6,16.98,7.56,12,332,504,65.9,"3,870",7.7,23,3,41,69,306,2,2,17.0,86.1%
2024,487bf8f77b44f09402acbaeda79cdbed,Patrick Mahomes II,kansas_city_chiefs,QB,16,293.9,124.7,18.37,7.79,11,392,581,67.5,"3,928",6.8,26,11,36,58,307,2,0,18.4,66.3%
2024,3f539e65bd3969340ddc0486ca1474f8,Brock Purdy,san_francisco_49ers,QB,15,279.0,118.3,18.6,7.89,14,300,455,65.9,"3,864",8.5,20,12,31,66,323,5,3,18.6,86.1%
2024,4745641337a1fe731ba94d01e86c7b53,Caleb Williams,chicago_bears,QB,17,260.5,116.9,15.32,6.88,16,351,562,62.5,"3,541",6.3,20,6,68,81,489,0,5,15.3,85.2%
2024,03b7e44914eb79b9c061236c1c07ca74,Bryce Young,carolina_panthers,QB,14,203.8,102.9,14.56,7.35,20,234,384,60.9,"2,403",6.3,15,9,29,43,249,6,2,14.6,35.0%
2024,9ecfa046be62e6396fb6c9e33a45c676,Aaron Rodgers,free_agent,QB,17,267.6,100.7,15.74,5.92,15,368,584,63.0,"3,897",6.7,28,11,40,22,107,0,2,15.7,42.9%
2024,73fb6478c888c52efc828412a99649c3,Drake Maye,new_england_patriots,QB,13,187.1,94.1,14.39,7.24,23,225,338,66.6,"2,276",6.7,15,10,34,54,421,2,6,14.4,97.2%
2024,b247ec47582e46f54f14747d365d4c95,Anthony Richardson Sr.,indianapolis_colts,QB,11,175.5,93.9,15.95,8.54,25,126,264,47.7,"1,814",6.9,8,12,14,86,499,6,3,16.0,18.6%
2024,f964bf1cd80e2c5a2b32338fc0bcec23,Geno Smith,new_york_jets,QB,17,281.1,93.2,16.54,5.48,13,407,578,70.4,"4,320",7.5,21,15,50,53,272,2,0,16.5,28.3%
2024,8524583718ae0c9182ade69cffe7dcb3,Jordan Love,green_bay_packers,QB,15,244.9,92.3,16.33,6.15,17,268,425,63.1,"3,389",8.0,25,11,14,25,83,1,0,16.3,75.0%
2024,f94fe6da6830da6c7c0ba35bd017d708,Russell Wilson,free_agent,QB,11,177.8,81.5,16.16,7.41,24,214,336,63.7,"2,482",7.4,16,5,33,43,155,2,4,16.2,3.5%
2024,acfa73a3c260006788bf0406c21fdb84,C.J. Stroud,houston_texans,QB,17,232.4,79.3,13.67,4.66,18,336,532,63.2,"3,727",7.0,20,12,52,52,233,0,4,13.7,64.2%
2024,c8a455458a62a76fa95ce779a10185d1,Justin Fields,kansas_city_chiefs,QB,10,120.1,76.9,12.01,7.69,32,106,161,65.8,"1,106",6.9,5,1,16,62,289,5,1,12.0,34.5%
2024,4d53a0309e18b0ac91541d0c559c8911,Tyler Huntley,baltimore_ravens,QB,5,63.7,72.95,12.74,14.59,43,86,133,64.7,829,6.2,3,3,15,26,135,2,2,12.7,1.8%
2024,369531d3e9883fd2239154c3bba25070,Andy Dalton,carolina_panthers,QB,6,64.9,68.85,10.82,11.48,42,106,160,66.3,989,6.2,7,6,7,11,34,0,0,10.8,1.1%
2024,7bf6fcdcaa6dc73977f921ae5a68d789,Matthew Stafford,los_angeles_rams,QB,16,222.6,68.1,13.91,4.26,19,340,517,65.8,"3,762",7.3,20,8,28,30,41,0,2,13.9,93.3%
2024,3f63b1e5a332dbfe07d73dc1350e82c3,Tua Tagovailoa,atlanta_falcons,QB,11,188.5,66.9,17.14,6.08,22,291,399,72.9,"2,867",7.2,19,7,21,17,49,0,2,17.1,28.5%
2024,2fb9148454134f8918bb92d4fc04ced3,Derek Carr,free_agent,QB,10,156.0,63.1,15.6,6.31,26,189,279,67.7,"2,145",7.7,15,5,8,17,71,1,0,15.6,6.6%
2024,159c3ca6dfafff02c2371a3f07446e70,Trevor Lawrence,jacksonville_jaguars,QB,10,152.2,59.9,15.22,5.99,27,172,284,60.6,"2,045",7.2,11,7,18,26,119,3,1,15.2,81.5%
2024,c9871a10f7a4aa1cb0e2c99ab5a71137,Malik Willis,miami_dolphins,QB,7,51.8,59.3,7.4,8.47,44,40,54,74.1,550,10.2,3,0,8,20,138,1,1,7.4,22.3%
2024,9fcc0ed0813ce45814e26ef970c1f9d6,Daniel Jones,indianapolis_colts,QB,10,142.3,56.5,14.23,5.65,29,216,341,63.3,"2,070",6.1,8,7,29,67,265,2,2,14.2,45.0%
2024,21f3ca316ce339c1cb3d122085529a68,Jacoby Brissett,arizona_cardinals,QB,7,46.2,53.5,6.6,7.64,46,95,161,59.0,826,5.1,2,1,18,15,62,0,1,6.6,66.3%
2024,b9041c5fd98f00221cd14908e2f8a6de,Michael Penix Jr.,atlanta_falcons,QB,5,47.2,51.85,9.44,10.37,45,61,105,58.1,775,7.4,3,3,4,7,11,1,0,9.4,30.5%
2024,11d5a5f91d9e774f664a071196b5a1ab,Marcus Mariota,washington_commanders,QB,3,45.7,49.4,15.23,16.47,47,34,44,77.3,364,8.3,4,0,3,18,92,1,0,15.2,17.2%
2024,6a3226aca6ee433dd732e8e550b96ae8,Will Levis,tennessee_titans,QB,12,132.0,46.3,11.0,3.86,30,190,301,63.1,"2,091",6.9,13,12,41,45,183,0,6,11.0,2.7%
2024,d7d472c6a71ea8506fe85fa225c13c75,Jameis Winston,new_york_giants,QB,11,143.2,42.3,13.02,3.85,28,181,296,61.1,"2,121",7.2,13,12,24,25,83,1,2,13.0,9.0%
2024,e9f9bcf226e85e34348fb286bb4725b2,Kirk Cousins,free_agent,QB,14,192.3,40.0,13.74,2.86,21,303,453,66.9,"3,508",7.7,18,16,28,23,0,0,2,13.7,28.5%
2024,80725e399c4786ecdc867c99ac47f0e0,Cooper Rush,free_agent,QB,12,114.6,39.8,9.55,3.32,33,187,308,60.7,"1,844",6.0,12,5,13,26,18,0,3,9.6,0.7%
2024,c883f6228fae2499302bc52a8b39250b,Dak Prescott,dallas_cowboys,QB,8,124.5,39.4,15.56,4.92,31,185,286,64.7,"1,978",6.9,11,8,21,13,54,1,1,15.6,89.2%
2024,83dcc1c93648a70727e3857c1451d906,Drew Lock,seattle_seahawks,QB,7,85.1,39.3,12.16,5.61,39,107,181,59.1,"1,071",5.9,6,5,12,18,133,2,2,12.2,1.6%
2024,f4e3ac6d06f3dfe5cdbeac280be100fc,Joe Flacco,free_agent,QB,7,106.2,36.6,15.17,5.23,35,162,248,65.3,"1,761",7.1,12,7,18,9,26,0,4,15.2,19.4%
2024,5f80e82460353ce6287f48d8e8a8c14a,Joshua Dobbs,new_england_patriots,QB,3,32.8,36.45,10.93,12.15,48,32,47,68.1,361,7.7,2,2,2,9,24,2,1,10.9,0.9%
2024,406d013afb2d1a6802018dc6961aec38,Deshaun Watson,cleveland_browns,QB,7,79.6,34.8,11.37,4.97,40,137,216,63.4,"1,148",5.3,5,3,33,31,148,1,3,11.4,12.6%
2024,c08c51e093a52a189edf8d84371903a9,Mason Rudolph,pittsburgh_steelers,QB,8,104.8,34.6,13.1,4.32,36,146,228,64.0,"1,530",6.7,9,9,11,25,106,1,1,13.1,2.5%
2024,fde51143db166459d52da38cc269275c,Aidan O'Connell,las_vegas_raiders,QB,9,97.7,33.0,10.86,3.67,38,154,243,63.4,"1,612",6.6,8,4,10,21,30,1,2,10.9,1.0%
2024,f4f507b66c4be37df41bba5bc4c26470,Tanner McKee,philadelphia_eagles,QB,2,28.9,32.05,14.45,16.02,49,30,45,66.7,323,7.2,4,0,2,5,-1,0,0,14.5,3.1%
2024,62598179e41aa416c7bc50b754ac00df,Mac Jones,san_francisco_49ers,QB,10,104.1,31.2,10.41,3.12,37,171,262,65.3,"1,672",6.4,8,8,14,28,92,1,2,10.4,23.6%
2024,681b6f31c89296c9276a3c58a9e3d46e,Desmond Ridder,green_bay_packers,QB,5,23.9,30.5,4.78,6.1,51,52,85,61.2,458,5.4,2,2,10,9,36,0,2,4.8,1.4%
2024,af8659bfc731ff1a0714447013ec6d58,Kenny Pickett,carolina_panthers,QB,5,26.1,28.05,5.22,5.61,50,25,42,59.5,291,6.9,2,1,4,9,15,1,0,5.2,1.5%
2024,c4463a92490fce9d1574983b07d78e21,Joe Milton III,dallas_cowboys,QB,1,19.2,23.65,19.2,23.65,55,22,29,75.9,241,8.3,1,0,0,10,16,1,1,19.2,6.2%
2024,272d21b01178125b8c5092b6d46c7fe0,Jimmy Garoppolo,los_angeles_rams,QB,1,20.9,23.2,20.9,23.2,53,27,41,65.9,334,8.1,2,1,3,2,5,0,0,20.9,1.8%
2024,4cb0ea3393d573432794905284305345,Dorian Thompson-Robinson,free_agent,QB,6,21.8,22.2,3.63,3.7,52,61,118,51.7,440,3.7,0,6,8,21,122,0,1,3.6,1.5%
2024,59ddcf0aeb7392f5b4f1ef7061525ec1,Gardner Minshew II,arizona_cardinals,QB,10,106.5,21.8,10.65,2.18,34,203,306,66.3,"2,013",6.6,9,10,29,19,58,0,4,10.7,3.0%
2024,244aa9f6a235b160309705d131d85b95,Spencer Rattler,new_orleans_saints,QB,7,72.2,20.6,10.31,2.94,41,130,228,57.0,"1,317",5.8,4,5,22,18,146,0,3,10.3,4.1%
2024,9bb87f458aa5c052941f08700557400a,Tyrod Taylor,free_agent,QB,2,20.0,19.25,10.0,9.62,54,17,22,77.3,119,5.4,3,0,0,3,13,0,0,10.0,5.4%
2024,b2d9cfe3f014480165dda4b5b896eaee,Mitchell Trubisky,tennessee_titans,QB,9,15.3,17.05,1.7,1.89,56,19,26,73.1,179,6.9,2,0,0,17,1,0,0,1.7,1.4%
2024,9dee2314b440a5938cc69c59a0d88714,Tim Boyle,free_agent,QB,3,15.0,16.7,5.0,5.57,57,27,50,54.0,276,5.5,1,1,2,3,9,0,0,5.0,0.0%
2024,167bd8432909633d6b37cddfbc115a8d,Tommy DeVito,new_england_patriots,QB,3,13.5,16.05,4.5,5.35,60,31,44,70.5,257,5.8,0,0,6,8,32,0,0,4.5,0.6%
2024,9a90e4b4ebd0d2e564a16a4f06a7416f,Jake Haener,kansas_city_chiefs,QB,8,14.3,15.5,1.79,1.94,58,18,39,46.2,226,5.8,1,1,6,11,22,0,0,1.8,1.1%
2024,f2d31db190f1e266d017f7b48346cc78,Trey Lance,los_angeles_chargers,QB,4,13.7,15.4,3.42,3.85,59,25,41,61.0,266,6.5,0,1,4,11,41,0,0,3.4,1.3%
2024,0b692f81719f859700acd12e8206dffb,Davis Mills,houston_texans,QB,4,9.6,11.7,2.4,2.92,61,20,36,55.6,212,5.9,0,0,2,3,11,0,0,2.4,7.1%
2024,0adaa9c3fad6ef860eeca6bec0c37b3a,Brandon Allen,free_agent,QB,3,8.4,10.35,2.8,3.45,63,17,30,56.7,199,6.6,1,2,2,3,4,0,1,2.8,0.0%
2024,9d2f7d09227e887c8782085c25e07238,Skylar Thompson,free_agent,QB,2,7.9,9.75,3.95,4.88,64,21,33,63.6,187,5.7,0,0,6,1,4,0,0,4.0,1.0%
2024,d92dfb1775feab1a09490ac6e914299e,Bailey Zappe,new_york_jets,QB,1,9.0,8.7,9.0,8.7,62,16,31,51.6,170,5.5,1,2,1,2,2,0,0,9.0,1.0%
2024,e4ab65fc36a114028bfcd87769461f42,Carson Wentz,free_agent,QB,2,4.7,5.9,2.35,2.95,65,12,19,63.2,118,6.2,0,0,4,3,0,0,0,2.4,1.1%
2024,c114d2e2dcd82fa95c452a8129268e98,Taylor Heinicke,free_agent,QB,4,3.2,3.4,0.8,0.85,66,3,5,60.0,28,5.6,0,0,3,2,20,0,0,0.8,1.0%
2024,d5e6a42b57cfdacf76c8c6ae7328b3ce,Hendon Hooker,free_agent,QB,3,2.7,3.3,0.9,1.1,67,6,9,66.7,62,6.9,0,0,1,5,2,0,0,0.9,3.0%
2024,c5b30500d7409a6ce7c06e20d8ddb249,Nick Mullens,jacksonville_jaguars,QB,4,1.4,1.7,0.35,0.42,69,2,2,100.0,38,19.0,0,0,0,3,-2,0,0,0.4,1.8%
2024,1a645c0d915baaa31e4d2de5fcd80a0a,Mike White,free_agent,QB,1,1.1,1.4,1.1,1.4,70,3,11,27.3,28,2.5,0,0,0,0,0,0,0,1.1,1.1%
2024,c34bf1ef458fece67b952e16dda78284,Kyle Allen,buffalo_bills,QB,1,0.8,0.95,0.8,0.95,71,1,1,100.0,19,19.0,0,0,0,0,0,0,0,0.8,0.6%
2024,21a351cc948b76bb7e0cd4898bd1dce5,Josh Johnson,cincinnati_bengals,QB,4,0.7,0.95,0.18,0.24,72,2,3,66.7,17,5.7,0,0,1,4,1,0,0,0.2,1.0%
2024,c6875f0e304ce0e3b8d9ece0504c69b3,Jarrett Stidham,denver_broncos,QB,3,0.5,0.5,0.17,0.17,73,0,0,0,0,0,0,0,0,4,5,0,0,0.2,4.3%
2024,740255264f5c65432166aa3a4ef81830,Chris Oladokun,kansas_city_chiefs,QB,1,0.5,0.5,0.5,0.5,74,0,0,0,0,0,0,0,1,1,5,0,0,0.5,1.0%
2024,46b9d43a9f34fd55f2f32c097589f9ca,Clayton Tune,free_agent,QB,6,-2.1,0.0,-0.35,0.0,88,2,2,100.0,8,4.0,0,0,0,7,-4,0,1,-0.4,0.6%
2024,8be9b9b877e382ca5e69b6aaffed8e74,Feleipe Franks,free_agent,QB,9,2.2,0.0,0.24,0.0,68,0,0,0,0,0,0,0,0,0,0,0,0,0.2,0.0%
2024,dd0c050621d0c98a5f6bdec7bdb6f875,Emory Jones,free_agent,QB,1,0.0,0.0,0.0,0.0,76,0,0,0,0,0,0,0,0,0,0,0,0,0.0,0.0%
2024,1e6d8ee9e5d809e956cbd56241d7e92b,Austin Reed,free_agent,QB,1,0.0,0.0,0.0,0.0,77,0,0,0,0,0,0,0,0,0,0,0,0,0.0,0.0%
2024,bca99241f7931b6dc3586abf79136f61,Jordan Travis,free_agent,QB,1,0.0,0.0,0.0,0.0,78,0,0,0,0,0,0,0,0,0,0,0,0,0.0,0.6%
2024,c6d5df84cbe3bb98ec911d91f77a13b0,Jaren Hall,free_agent,QB,1,0.0,0.0,0.0,0.0,79,0,0,0,0,0,0,0,0,0,0,0,0,0.0,1.8%
2024,92397e43105ed318f64db803e4b11575,Sam Hartman,washington_commanders,QB,2,0.0,0.0,0.0,0.0,80,0,0,0,0,0,0,0,0,0,0,0,0,0.0,0.0%
2024,e4f5b4120a8c86af0b013b22da574fa6,Jake Luton,free_agent,QB,1,0.0,0.0,0.0,0.0,81,0,0,0,0,0,0,0,0,0,0,0,0,0.0,0.0%
2024,9490e14f11bd63beaee23e1a9b9e539a,Trevor Siemian,free_agent,QB,1,0.0,0.0,0.0,0.0,82,0,0,0,0,0,0,0,0,0,0,0,0,0.0,0.0%
2024,1210daf698c0bae36c757adc5e72ebab,C.J. Beathard,free_agent,QB,1,0.0,0.0,0.0,0.0,83,0,0,0,0,0,0,0,0,0,0,0,0,0.0,0.0%
2024,fd14e6f7023190067181043062795d1e,Jeff Driskel,washington_commanders,QB,1,0.0,0.0,0.0,0.0,84,0,0,0,0,0,0,0,0,0,0,0,0,0.0,0.0%
2024,6e1312183ae3949f7e3f7fa83944a7c9,Tyson Bagent,chicago_bears,QB,4,-0.3,-0.15,-0.08,-0.04,87,2,2,100.0,11,5.5,0,0,0,6,-7,0,0,-0.1,4.0%
2024,d276564560938010d3e0cdbea8473470,Kyle Trask,free_agent,QB,4,-0.2,-0.15,-0.05,-0.04,86,1,1,100.0,5,5.0,0,0,0,5,-4,0,0,-0.1,1.1%
2024,be2936f2fc08dfaad0be9a1753b8be89,Jake Browning,tampa_bay_buccaneers,QB,3,-0.2,-0.2,-0.07,-0.07,85,0,0,0,0,0,0,0,0,2,-2,0,0,-0.1,0.9%
2024,5701103322a727209251e2345eaf0bbf,Sam Howell,dallas_cowboys,QB,1,0.2,-0.6,0.2,-0.6,75,5,14,35.7,24,1.7,0,1,4,1,2,0,0,0.2,0.7%
2025,e05d8e63cdbe6e31630ac25e615729ec,Josh Allen,buffalo_bills,QB,17,374.5,221.9,22.03,13.05,1,319,460,69.3,"3,668",8.0,25,10,40,112,579,14,3,22.0,98.6%
2025,159c3ca6dfafff02c2371a3f07446e70,Trevor Lawrence,jacksonville_jaguars,QB,17,350.1,181.9,20.59,10.7,4,341,560,60.9,"4,007",7.2,29,12,41,82,359,9,3,20.6,81.5%
2025,76f32f54ff0345e52aa481dbe57bd00a,Jalen Hurts,philadelphia_eagles,QB,16,305.0,178.1,19.06,11.13,9,294,454,64.8,"3,224",7.1,25,6,32,105,421,8,4,19.1,94.3%
2025,73fb6478c888c52efc828412a99649c3,Drake Maye,new_england_patriots,QB,17,359.9,177.0,21.17,10.41,2,354,492,72.0,"4,394",8.9,31,8,47,103,450,4,3,21.2,97.2%
2025,7bf6fcdcaa6dc73977f921ae5a68d789,Matthew Stafford,los_angeles_rams,QB,17,358.3,168.1,21.08,9.89,3,388,597,65.0,"4,707",7.9,46,8,23,29,1,0,3,21.1,93.3%
2025,71badb96e4174ca1137dd886d100c943,Jaxson Dart,new_york_giants,QB,14,246.5,152.7,17.61,10.91,14,216,339,63.7,"2,272",6.7,15,5,35,86,487,9,2,17.6,79.2%
2025,4745641337a1fe731ba94d01e86c7b53,Caleb Williams,chicago_bears,QB,17,325.3,150.3,19.14,8.84,5,330,568,58.1,"3,942",6.9,27,7,24,77,383,3,1,19.1,85.2%
2025,435415f08eaa932b2a41ea68ea4235b8,Bo Nix,denver_broncos,QB,17,315.8,143.6,18.58,8.45,7,388,612,63.4,"3,931",6.4,25,11,22,83,356,5,2,18.6,90.6%
2025,39fc486cb0b6f83d1d1e72894179c189,Justin Herbert,los_angeles_chargers,QB,16,299.8,139.8,18.74,8.74,10,340,512,66.4,"3,727",7.3,26,13,54,83,498,2,2,18.7,86.1%
2025,487bf8f77b44f09402acbaeda79cdbed,Patrick Mahomes II,kansas_city_chiefs,QB,14,296.7,138.2,21.19,9.87,11,315,502,62.7,"3,587",7.1,22,11,34,64,422,5,0,21.2,66.3%
2025,c883f6228fae2499302bc52a8b39250b,Dak Prescott,dallas_cowboys,QB,17,323.8,129.7,19.05,7.63,6,404,600,67.3,"4,552",7.6,30,10,31,53,177,2,2,19.0,89.2%
2025,ef797da73b9e097113749664e0eb30bf,Baker Mayfield,tampa_bay_buccaneers,QB,17,282.9,126.2,16.64,7.42,12,343,543,63.2,"3,693",6.8,26,11,36,55,382,1,3,16.6,83.5%
2025,8be4f5431c45db8d3ef2b617d970595e,Jared Goff,detroit_lions,QB,17,305.1,124.5,17.95,7.32,8,393,578,68.0,"4,564",7.9,34,8,38,19,45,0,5,17.9,83.3%
2025,8cd5622b199fcf1f48df844f5416ee9f,Lamar Jackson,baltimore_ravens,QB,13,221.8,116.9,17.06,8.99,20,192,302,63.6,"2,549",8.4,21,7,36,67,349,2,3,17.1,89.1%
2025,9fcc0ed0813ce45814e26ef970c1f9d6,Daniel Jones,indianapolis_colts,QB,13,234.4,106.4,18.03,8.18,17,261,384,68.0,"3,101",8.1,19,8,22,45,164,5,3,18.0,45.0%
2025,03b7e44914eb79b9c061236c1c07ca74,Bryce Young,carolina_panthers,QB,16,229.0,103.6,14.31,6.48,19,304,478,63.6,"3,011",6.3,23,11,27,54,216,2,4,14.3,35.0%
2025,8524583718ae0c9182ade69cffe7dcb3,Jordan Love,green_bay_packers,QB,15,241.3,99.9,16.09,6.66,15,291,439,66.3,"3,381",7.7,23,6,21,47,199,0,2,16.1,75.0%
2025,21f3ca316ce339c1cb3d122085529a68,Jacoby Brissett,arizona_cardinals,QB,14,235.4,98.8,16.81,7.06,16,315,485,64.9,"3,366",6.9,23,8,43,38,168,1,4,16.8,66.3%
2025,9ecfa046be62e6396fb6c9e33a45c676,Aaron Rodgers,free_agent,QB,16,234.2,94.1,14.64,5.88,18,327,498,65.7,"3,322",6.7,24,7,29,21,61,1,1,14.6,42.9%
2025,3f539e65bd3969340ddc0486ca1474f8,Brock Purdy,san_francisco_49ers,QB,9,187.4,92.7,20.82,10.3,24,197,284,69.4,"2,167",7.6,20,10,11,33,147,3,2,20.8,86.1%
2025,261fd668217f6d71c45cccbf26ea0b80,Kyler Murray,minnesota_vikings,QB,5,80.8,89.4,16.16,17.88,38,110,161,68.3,962,6.0,6,3,16,29,173,1,1,16.2,38.5%
2025,c8a455458a62a76fa95ce779a10185d1,Justin Fields,kansas_city_chiefs,QB,9,143.6,88.3,15.96,9.81,28,128,204,62.7,"1,259",6.2,7,1,27,71,383,4,3,16.0,34.5%
2025,acfa73a3c260006788bf0406c21fdb84,C.J. Stroud,houston_texans,QB,14,216.7,86.9,15.48,6.21,21,273,423,64.5,"3,041",7.2,19,8,23,48,209,1,0,15.5,64.2%
2025,82cc91dc4fcb55ba34cbfc598b8e769b,Sam Darnold,seattle_seahawks,QB,17,249.4,81.5,14.67,4.79,13,323,477,67.7,"4,048",8.5,25,14,27,35,95,0,6,14.7,60.6%
2025,5d9336e4cedeecd4ca159ad21945f37c,Dillon Gabriel,cleveland_browns,QB,10,72.0,79.45,7.2,7.94,40,110,185,59.5,937,5.1,7,2,19,14,86,0,0,7.2,1.4%
2025,0b692f81719f859700acd12e8206dffb,Davis Mills,houston_texans,QB,6,69.6,75.75,11.6,12.62,41,91,159,57.2,915,5.8,5,1,8,13,60,1,0,11.6,7.1%
2025,c88ac84902845736f0cbe2d748122f77,Cam Ward,tennessee_titans,QB,17,193.7,73.9,11.39,4.35,22,323,540,59.8,"3,169",5.9,15,7,55,39,159,2,7,11.4,30.4%
2025,9bb87f458aa5c052941f08700557400a,Tyrod Taylor,free_agent,QB,6,64.4,69.25,10.73,11.54,42,80,134,59.7,779,5.8,5,5,14,27,143,1,1,10.7,5.4%
2025,bf27922182b8686c8fecf919ac94bcc8,Jayden Daniels,washington_commanders,QB,7,117.1,65.8,16.73,9.4,34,114,188,60.6,"1,262",6.7,8,3,18,58,278,2,2,16.7,66.7%
2025,5d83df8f1dde7f31c7d92e6928bd419f,Tyler Shough,new_orleans_saints,QB,11,164.0,64.6,14.91,5.87,26,221,327,67.6,"2,384",7.3,10,6,31,45,186,3,2,14.9,42.4%
2025,41855696f2375e044f293619777023db,Joe Burrow,cincinnati_bengals,QB,8,139.4,62.1,17.42,7.76,29,173,259,66.8,"1,809",7.0,17,5,17,14,41,0,0,17.4,89.7%
2025,864b6a9624379e1e666afaf43b6ed0b2,J.J. McCarthy,minnesota_vikings,QB,10,137.3,62.1,13.73,6.21,30,140,243,57.6,"1,632",6.7,11,12,27,37,181,4,2,13.7,45.6%
2025,11d5a5f91d9e774f664a071196b5a1ab,Marcus Mariota,washington_commanders,QB,12,132.4,61.7,11.03,5.14,32,139,227,61.2,"1,695",7.5,10,7,16,50,297,1,3,11.0,17.2%
2025,f94fe6da6830da6c7c0ba35bd017d708,Russell Wilson,free_agent,QB,6,52.8,58.15,8.8,9.69,44,69,119,58.0,831,7.0,3,3,10,18,106,0,0,8.8,3.5%
2025,c9871a10f7a4aa1cb0e2c99ab5a71137,Malik Willis,miami_dolphins,QB,4,51.1,57.4,12.78,14.35,45,30,35,85.7,422,12.1,3,0,3,22,123,2,1,12.8,22.3%
2025,be2936f2fc08dfaad0be9a1753b8be89,Jake Browning,tampa_bay_buccaneers,QB,5,56.7,56.45,11.34,11.29,43,81,125,64.8,771,6.2,6,8,9,9,39,1,0,11.3,0.9%
2025,3f63b1e5a332dbfe07d73dc1350e82c3,Tua Tagovailoa,atlanta_falcons,QB,14,175.6,54.3,12.54,3.88,25,260,384,67.7,"2,660",6.9,20,15,30,20,43,0,1,12.5,28.5%
2025,f964bf1cd80e2c5a2b32338fc0bcec23,Geno Smith,new_york_jets,QB,15,190.9,52.9,12.73,3.53,23,302,448,67.4,"3,025",6.8,19,17,55,41,109,0,1,12.7,28.3%
2025,f4e3ac6d06f3dfe5cdbeac280be100fc,Joe Flacco,free_agent,QB,13,156.9,49.5,12.07,3.81,27,251,416,60.3,"2,479",6.0,15,10,18,21,35,1,3,12.1,19.4%
2025,62598179e41aa416c7bc50b754ac00df,Mac Jones,san_francisco_49ers,QB,11,136.2,46.0,12.38,4.18,31,201,289,69.6,"2,151",7.4,13,6,16,36,60,0,2,12.4,23.6%
2025,4d53a0309e18b0ac91541d0c559c8911,Tyler Huntley,baltimore_ravens,QB,5,40.1,44.4,8.02,8.88,47,52,67,77.6,426,6.4,2,0,8,24,151,0,0,8.0,1.8%
2025,b9041c5fd98f00221cd14908e2f8a6de,Michael Penix Jr.,atlanta_falcons,QB,9,123.2,43.0,13.69,4.78,33,166,276,60.1,"1,982",7.2,9,3,13,21,70,1,2,13.7,30.5%
2025,d7d472c6a71ea8506fe85fa225c13c75,Jameis Winston,new_york_giants,QB,3,45.2,40.65,15.07,13.55,46,37,66,56.1,567,8.6,2,2,3,7,23,1,1,15.1,9.0%
2025,69b0f81671a9fdaecf275d9e9d25d489,Quinn Ewers,miami_dolphins,QB,4,36.2,39.0,9.05,9.75,48,55,83,66.3,622,7.5,3,3,8,8,19,0,0,9.1,11.6%
2025,244aa9f6a235b160309705d131d85b95,Spencer Rattler,new_orleans_saints,QB,9,104.1,38.7,11.57,4.3,36,174,257,67.7,"1,586",6.2,8,5,18,31,167,0,2,11.6,4.1%
2025,b5db55ccb3cc340a9fa39907d562cbdd,Riley Leonard,indianapolis_colts,QB,5,32.0,37.45,6.4,7.49,51,39,67,58.2,415,6.2,2,3,2,6,27,2,2,6.4,6.6%
2025,91e6a62a4918bb1518ded18e745bc336,Philip Rivers,free_agent,QB,3,34.7,37.1,11.57,12.37,50,58,92,63.0,544,5.9,4,3,5,2,-1,0,0,11.6,5.5%
2025,e9f9bcf226e85e34348fb286bb4725b2,Kirk Cousins,free_agent,QB,10,108.6,36.7,10.86,3.67,35,166,269,61.7,"1,721",6.4,10,5,13,14,7,1,1,10.9,28.5%
2025,6eb234ff68fe4c352b28ccc34288446e,Brady Cook,new_york_jets,QB,5,35.4,35.85,7.08,7.17,49,88,153,57.5,739,4.8,2,7,19,13,49,0,1,7.1,0.8%
2025,b2d9cfe3f014480165dda4b5b896eaee,Mitchell Trubisky,tennessee_titans,QB,4,31.2,32.25,7.8,8.06,52,25,35,71.4,313,8.9,4,0,0,9,6,0,0,7.8,1.4%
2025,6f32a026e514e6ab84de28be4789f24f,Shedeur Sanders,cleveland_browns,QB,8,95.0,30.9,11.88,3.86,37,120,212,56.6,"1,400",6.6,7,10,23,21,169,1,1,11.9,32.7%
2025,21a351cc948b76bb7e0cd4898bd1dce5,Josh Johnson,cincinnati_bengals,QB,5,26.3,30.1,5.26,6.02,53,34,54,63.0,372,6.9,1,2,2,12,55,1,1,5.3,1.0%
2025,c08c51e093a52a189edf8d84371903a9,Mason Rudolph,pittsburgh_steelers,QB,5,17.0,20.1,3.4,4.02,54,38,52,73.1,310,6.0,2,2,2,7,6,0,1,3.4,2.5%
2025,e4ab65fc36a114028bfcd87769461f42,Carson Wentz,free_agent,QB,5,75.3,19.7,15.06,3.94,39,110,169,65.1,"1,216",7.2,6,5,19,11,57,0,0,15.1,1.1%
2025,f2d31db190f1e266d017f7b48346cc78,Trey Lance,los_angeles_chargers,QB,4,14.6,17.8,3.65,4.45,56,27,57,47.4,226,4.0,0,1,6,17,85,0,1,3.7,1.3%
2025,740255264f5c65432166aa3a4ef81830,Chris Oladokun,kansas_city_chiefs,QB,3,11.1,17.55,3.7,5.85,58,35,55,63.6,235,4.3,1,0,8,5,18,0,2,3.7,1.0%
2025,f4f507b66c4be37df41bba5bc4c26470,Tanner McKee,philadelphia_eagles,QB,4,14.7,16.5,3.68,4.12,55,24,43,55.8,274,6.4,1,1,3,8,8,0,0,3.7,3.1%
2025,369531d3e9883fd2239154c3bba25070,Andy Dalton,carolina_panthers,QB,4,10.5,16.45,2.62,4.11,59,25,37,67.6,293,7.9,1,1,8,5,-2,0,2,2.6,1.1%
2025,c4463a92490fce9d1574983b07d78e21,Joe Milton III,dallas_cowboys,QB,4,12.2,14.15,3.05,3.54,57,15,24,62.5,183,7.6,1,2,0,5,50,0,1,3.1,6.2%
2025,af8659bfc731ff1a0714447013ec6d58,Kenny Pickett,carolina_panthers,QB,6,9.7,11.6,1.62,1.93,60,28,45,62.2,188,4.2,1,2,8,5,22,0,1,1.6,1.5%
2025,43cbf6b2f26738b002834bcf1932dec1,Max Brosmer,minnesota_vikings,QB,7,8.2,9.5,1.17,1.36,61,47,71,66.2,328,4.6,0,4,14,7,11,0,1,1.2,0.8%
2025,80725e399c4786ecdc867c99ac47f0e0,Cooper Rush,free_agent,QB,4,5.8,6.75,1.45,1.69,62,34,52,65.4,303,5.8,0,4,1,4,-4,0,1,1.5,0.7%
2025,fde51143db166459d52da38cc269275c,Aidan O'Connell,las_vegas_raiders,QB,1,4.8,5.8,4.8,5.8,63,10,22,45.5,102,4.6,0,0,1,1,7,0,0,4.8,1.0%
2025,eb728c22951afca49f496ee68026ac79,Shane Buechele,buffalo_bills,QB,1,3.9,4.8,3.9,4.8,64,7,14,50.0,88,6.3,0,0,5,1,4,0,0,3.9,0.0%
2025,74e014fd9c82a433d7699ede873c83b6,Teddy Bridgewater,detroit_lions,QB,4,2.9,3.5,0.72,0.88,66,8,15,53.3,62,4.1,0,0,2,3,4,0,0,0.7,0.8%
2025,6e1312183ae3949f7e3f7fa83944a7c9,Tyson Bagent,chicago_bears,QB,3,2.6,3.05,0.87,1.02,67,3,4,75.0,47,11.8,0,0,0,2,7,0,0,0.9,4.0%
2025,5f80e82460353ce6287f48d8e8a8c14a,Joshua Dobbs,new_england_patriots,QB,4,2.1,2.75,0.52,0.69,69,7,10,70.0,65,6.5,0,0,0,10,-5,0,0,0.5,0.9%
2025,46b9d43a9f34fd55f2f32c097589f9ca,Clayton Tune,free_agent,QB,2,3.0,2.4,1.5,1.2,65,7,15,46.7,42,2.8,0,1,5,5,23,0,0,1.5,0.6%
2025,d5bb3551858122567b77853476e3a736,Zach Wilson,free_agent,QB,4,1.4,1.7,0.35,0.42,71,6,11,54.5,32,2.9,0,0,0,3,1,0,0,0.4,0.6%
2025,0adaa9c3fad6ef860eeca6bec0c37b3a,Brandon Allen,free_agent,QB,1,1.9,1.6,1.9,1.6,70,17,30,56.7,72,2.4,0,1,1,0,0,0,0,1.9,0.0%
2025,7aae4e0b42b9c62376ef3e640f2720b5,Jalen Milroe,seattle_seahawks,QB,4,-1.6,0.4,-0.4,0.1,114,0,0,0,0,0,0,0,0,3,4,0,1,-0.4,12.1%
2025,8be9b9b877e382ca5e69b6aaffed8e74,Feleipe Franks,free_agent,QB,12,0.4,0.4,0.03,0.03,73,0,0,0,0,0,0,0,0,2,4,0,0,0.0,0.0%
2025,b247ec47582e46f54f14747d365d4c95,Anthony Richardson Sr.,indianapolis_colts,QB,2,2.2,0.35,1.1,0.18,68,1,2,50.0,9,4.5,0,0,0,4,-1,0,0,1.1,18.6%
2025,83dcc1c93648a70727e3857c1451d906,Drew Lock,seattle_seahawks,QB,5,0.1,0.25,0.02,0.05,74,2,3,66.7,15,5.0,0,0,0,6,-5,0,0,0.0,1.6%
2025,c5b30500d7409a6ce7c06e20d8ddb249,Nick Mullens,jacksonville_jaguars,QB,5,-0.1,0.15,-0.02,0.03,109,3,3,100.0,19,6.3,0,0,0,12,-8,0,0,0.0,1.8%
2025,acdd59a4bd37471bacceceafe383eb69,Malik Cunningham,detroit_lions,QB,1,0.1,0.1,0.1,0.1,75,0,0,0,0,0,0,0,0,1,1,0,0,0.1,1.1%
2025,59ddcf0aeb7392f5b4f1ef7061525ec1,Gardner Minshew II,arizona_cardinals,QB,4,0.7,0.05,0.18,0.01,72,6,13,46.2,37,2.8,0,1,0,6,2,0,0,0.2,3.0%
2025,25c5e7efe08b1474927ee2be646a5fe6,Brett Rypien,free_agent,QB,1,0.0,0.0,0.0,0.0,101,0,0,0,0,0,0,0,1,0,0,0,0,0.0,0.0%
2025,f71ce3838d6627deaf1a92b926597d52,Will Grier,free_agent,QB,1,0.0,0.0,0.0,0.0,102,0,0,0,0,0,0,0,0,0,0,0,0,0.0,0.0%
2025,00de69009910f030cc674b8299424331,Logan Woodside,free_agent,QB,3,0.0,0.0,0.0,0.0,103,0,0,0,0,0,0,0,0,0,0,0,0,0.0,0.0%
2025,382181c5cc575456fa4fa28ee0956cd3,Stetson Bennett IV,los_angeles_rams,QB,1,0.0,0.0,0.0,0.0,90,0,0,0,0,0,0,0,0,0,0,0,0,0.0,0.6%
2025,ace98669b587624efdc5d6d75a467c6f,Adrian Martinez,san_francisco_49ers,QB,1,-0.1,-0.1,-0.1,-0.1,108,0,0,0,0,0,0,0,0,1,-1,0,0,-0.1,0.0%
2025,c6875f0e304ce0e3b8d9ece0504c69b3,Jarrett Stidham,denver_broncos,QB,1,-0.1,-0.1,-0.1,-0.1,110,0,0,0,0,0,0,0,0,1,-1,0,0,-0.1,4.3%
2025,65d73c3a9b59960b2f821658b2f83787,Kedon Slovis,arizona_cardinals,QB,2,-0.1,-0.1,-0.05,-0.05,111,1,2,50.0,-2,-1.0,0,0,0,0,0,0,0,-0.1,0.0%
2025,c34bf1ef458fece67b952e16dda78284,Kyle Allen,buffalo_bills,QB,4,-0.3,-0.3,-0.08,-0.08,112,0,2,0.0,0,0.0,0,0,0,3,-3,0,0,-0.1,0.6%
2025,272d21b01178125b8c5092b6d46c7fe0,Jimmy Garoppolo,los_angeles_rams,QB,5,-1.0,-1.0,-0.2,-0.2,113,0,0,0,0,0,0,0,0,9,-10,0,0,-0.2,1.8%
2026,e05d8e63cdbe6e31630ac25e615729ec,Josh Allen,buffalo_bills,QB,17,374.5,221.9,22.03,13.05,1,319,460,69.3,"3,668",8.0,25,10,40,112,579,14,3,22.0,98.6%
2026,159c3ca6dfafff02c2371a3f07446e70,Trevor Lawrence,jacksonville_jaguars,QB,17,350.1,181.9,20.59,10.7,4,341,560,60.9,"4,007",7.2,29,12,41,82,359,9,3,20.6,81.5%
2026,76f32f54ff0345e52aa481dbe57bd00a,Jalen Hurts,philadelphia_eagles,QB,16,305.0,178.1,19.06,11.13,9,294,454,64.8,"3,224",7.1,25,6,32,105,421,8,4,19.1,94.3%
2026,73fb6478c888c52efc828412a99649c3,Drake Maye,new_england_patriots,QB,17,359.9,177.0,21.17,10.41,2,354,492,72.0,"4,394",8.9,31,8,47,103,450,4,3,21.2,97.2%
2026,7bf6fcdcaa6dc73977f921ae5a68d789,Matthew Stafford,los_angeles_rams,QB,17,358.3,168.1,21.08,9.89,3,388,597,65.0,"4,707",7.9,46,8,23,29,1,0,3,21.1,93.3%
2026,71badb96e4174ca1137dd886d100c943,Jaxson Dart,new_york_giants,QB,14,246.5,152.7,17.61,10.91,14,216,339,63.7,"2,272",6.7,15,5,35,86,487,9,2,17.6,79.2%
2026,4745641337a1fe731ba94d01e86c7b53,Caleb Williams,chicago_bears,QB,17,325.3,150.3,19.14,8.84,5,330,568,58.1,"3,942",6.9,27,7,24,77,383,3,1,19.1,85.2%
2026,435415f08eaa932b2a41ea68ea4235b8,Bo Nix,denver_broncos,QB,17,315.8,143.6,18.58,8.45,7,388,612,63.4,"3,931",6.4,25,11,22,83,356,5,2,18.6,90.6%
2026,39fc486cb0b6f83d1d1e72894179c189,Justin Herbert,los_angeles_chargers,QB,16,299.8,139.8,18.74,8.74,10,340,512,66.4,"3,727",7.3,26,13,54,83,498,2,2,18.7,86.1%
2026,487bf8f77b44f09402acbaeda79cdbed,Patrick Mahomes II,kansas_city_chiefs,QB,14,296.7,138.2,21.19,9.87,11,315,502,62.7,"3,587",7.1,22,11,34,64,422,5,0,21.2,66.3%
2026,c883f6228fae2499302bc52a8b39250b,Dak Prescott,dallas_cowboys,QB,17,323.8,129.7,19.05,7.63,6,404,600,67.3,"4,552",7.6,30,10,31,53,177,2,2,19.0,89.2%
2026,ef797da73b9e097113749664e0eb30bf,Baker Mayfield,tampa_bay_buccaneers,QB,17,282.9,126.2,16.64,7.42,12,343,543,63.2,"3,693",6.8,26,11,36,55,382,1,3,16.6,83.5%
2026,8be4f5431c45db8d3ef2b617d970595e,Jared Goff,detroit_lions,QB,17,305.1,124.5,17.95,7.32,8,393,578,68.0,"4,564",7.9,34,8,38,19,45,0,5,17.9,83.3%
2026,8cd5622b199fcf1f48df844f5416ee9f,Lamar Jackson,baltimore_ravens,QB,13,221.8,116.9,17.06,8.99,20,192,302,63.6,"2,549",8.4,21,7,36,67,349,2,3,17.1,89.1%
2026,9fcc0ed0813ce45814e26ef970c1f9d6,Daniel Jones,indianapolis_colts,QB,13,234.4,106.4,18.03,8.18,17,261,384,68.0,"3,101",8.1,19,8,22,45,164,5,3,18.0,45.0%
2026,03b7e44914eb79b9c061236c1c07ca74,Bryce Young,carolina_panthers,QB,16,229.0,103.6,14.31,6.48,19,304,478,63.6,"3,011",6.3,23,11,27,54,216,2,4,14.3,35.0%
2026,8524583718ae0c9182ade69cffe7dcb3,Jordan Love,green_bay_packers,QB,15,241.3,99.9,16.09,6.66,15,291,439,66.3,"3,381",7.7,23,6,21,47,199,0,2,16.1,75.0%
2026,21f3ca316ce339c1cb3d122085529a68,Jacoby Brissett,arizona_cardinals,QB,14,235.4,98.8,16.81,7.06,16,315,485,64.9,"3,366",6.9,23,8,43,38,168,1,4,16.8,66.3%
2026,9ecfa046be62e6396fb6c9e33a45c676,Aaron Rodgers,free_agent,QB,16,234.2,94.1,14.64,5.88,18,327,498,65.7,"3,322",6.7,24,7,29,21,61,1,1,14.6,42.9%
2026,3f539e65bd3969340ddc0486ca1474f8,Brock Purdy,san_francisco_49ers,QB,9,187.4,92.7,20.82,10.3,24,197,284,69.4,"2,167",7.6,20,10,11,33,147,3,2,20.8,86.1%
2026,261fd668217f6d71c45cccbf26ea0b80,Kyler Murray,minnesota_vikings,QB,5,80.8,89.4,16.16,17.88,38,110,161,68.3,962,6.0,6,3,16,29,173,1,1,16.2,38.5%
2026,c8a455458a62a76fa95ce779a10185d1,Justin Fields,kansas_city_chiefs,QB,9,143.6,88.3,15.96,9.81,28,128,204,62.7,"1,259",6.2,7,1,27,71,383,4,3,16.0,34.5%
2026,acfa73a3c260006788bf0406c21fdb84,C.J. Stroud,houston_texans,QB,14,216.7,86.9,15.48,6.21,21,273,423,64.5,"3,041",7.2,19,8,23,48,209,1,0,15.5,64.2%
2026,82cc91dc4fcb55ba34cbfc598b8e769b,Sam Darnold,seattle_seahawks,QB,17,249.4,81.5,14.67,4.79,13,323,477,67.7,"4,048",8.5,25,14,27,35,95,0,6,14.7,60.6%
2026,5d9336e4cedeecd4ca159ad21945f37c,Dillon Gabriel,cleveland_browns,QB,10,72.0,79.45,7.2,7.94,40,110,185,59.5,937,5.1,7,2,19,14,86,0,0,7.2,1.4%
2026,0b692f81719f859700acd12e8206dffb,Davis Mills,houston_texans,QB,6,69.6,75.75,11.6,12.62,41,91,159,57.2,915,5.8,5,1,8,13,60,1,0,11.6,7.1%
2026,c88ac84902845736f0cbe2d748122f77,Cam Ward,tennessee_titans,QB,17,193.7,73.9,11.39,4.35,22,323,540,59.8,"3,169",5.9,15,7,55,39,159,2,7,11.4,30.4%
2026,9bb87f458aa5c052941f08700557400a,Tyrod Taylor,free_agent,QB,6,64.4,69.25,10.73,11.54,42,80,134,59.7,779,5.8,5,5,14,27,143,1,1,10.7,5.4%
2026,bf27922182b8686c8fecf919ac94bcc8,Jayden Daniels,washington_commanders,QB,7,117.1,65.8,16.73,9.4,34,114,188,60.6,"1,262",6.7,8,3,18,58,278,2,2,16.7,66.7%
2026,5d83df8f1dde7f31c7d92e6928bd419f,Tyler Shough,new_orleans_saints,QB,11,164.0,64.6,14.91,5.87,26,221,327,67.6,"2,384",7.3,10,6,31,45,186,3,2,14.9,42.4%
2026,864b6a9624379e1e666afaf43b6ed0b2,J.J. McCarthy,minnesota_vikings,QB,10,137.3,62.1,13.73,6.21,30,140,243,57.6,"1,632",6.7,11,12,27,37,181,4,2,13.7,45.6%
2026,41855696f2375e044f293619777023db,Joe Burrow,cincinnati_bengals,QB,8,139.4,62.1,17.42,7.76,29,173,259,66.8,"1,809",7.0,17,5,17,14,41,0,0,17.4,89.7%
2026,11d5a5f91d9e774f664a071196b5a1ab,Marcus Mariota,washington_commanders,QB,12,132.4,61.7,11.03,5.14,32,139,227,61.2,"1,695",7.5,10,7,16,50,297,1,3,11.0,17.2%
2026,f94fe6da6830da6c7c0ba35bd017d708,Russell Wilson,free_agent,QB,6,52.8,58.15,8.8,9.69,44,69,119,58.0,831,7.0,3,3,10,18,106,0,0,8.8,3.5%
2026,c9871a10f7a4aa1cb0e2c99ab5a71137,Malik Willis,miami_dolphins,QB,4,51.1,57.4,12.78,14.35,45,30,35,85.7,422,12.1,3,0,3,22,123,2,1,12.8,22.3%
2026,be2936f2fc08dfaad0be9a1753b8be89,Jake Browning,tampa_bay_buccaneers,QB,5,56.7,56.45,11.34,11.29,43,81,125,64.8,771,6.2,6,8,9,9,39,1,0,11.3,0.9%
2026,3f63b1e5a332dbfe07d73dc1350e82c3,Tua Tagovailoa,atlanta_falcons,QB,14,175.6,54.3,12.54,3.88,25,260,384,67.7,"2,660",6.9,20,15,30,20,43,0,1,12.5,28.5%
2026,f964bf1cd80e2c5a2b32338fc0bcec23,Geno Smith,new_york_jets,QB,15,190.9,52.9,12.73,3.53,23,302,448,67.4,"3,025",6.8,19,17,55,41,109,0,1,12.7,28.3%
2026,f4e3ac6d06f3dfe5cdbeac280be100fc,Joe Flacco,free_agent,QB,13,156.9,49.5,12.07,3.81,27,251,416,60.3,"2,479",6.0,15,10,18,21,35,1,3,12.1,19.4%
2026,62598179e41aa416c7bc50b754ac00df,Mac Jones,san_francisco_49ers,QB,11,136.2,46.0,12.38,4.18,31,201,289,69.6,"2,151",7.4,13,6,16,36,60,0,2,12.4,23.6%
2026,4d53a0309e18b0ac91541d0c559c8911,Tyler Huntley,baltimore_ravens,QB,5,40.1,44.4,8.02,8.88,47,52,67,77.6,426,6.4,2,0,8,24,151,0,0,8.0,1.8%
2026,b9041c5fd98f00221cd14908e2f8a6de,Michael Penix Jr.,atlanta_falcons,QB,9,123.2,43.0,13.69,4.78,33,166,276,60.1,"1,982",7.2,9,3,13,21,70,1,2,13.7,30.5%
2026,d7d472c6a71ea8506fe85fa225c13c75,Jameis Winston,new_york_giants,QB,3,45.2,40.65,15.07,13.55,46,37,66,56.1,567,8.6,2,2,3,7,23,1,1,15.1,9.0%
2026,69b0f81671a9fdaecf275d9e9d25d489,Quinn Ewers,miami_dolphins,QB,4,36.2,39.0,9.05,9.75,48,55,83,66.3,622,7.5,3,3,8,8,19,0,0,9.1,11.6%
2026,244aa9f6a235b160309705d131d85b95,Spencer Rattler,new_orleans_saints,QB,9,104.1,38.7,11.57,4.3,36,174,257,67.7,"1,586",6.2,8,5,18,31,167,0,2,11.6,4.1%
2026,b5db55ccb3cc340a9fa39907d562cbdd,Riley Leonard,indianapolis_colts,QB,5,32.0,37.45,6.4,7.49,51,39,67,58.2,415,6.2,2,3,2,6,27,2,2,6.4,6.6%
2026,91e6a62a4918bb1518ded18e745bc336,Philip Rivers,free_agent,QB,3,34.7,37.1,11.57,12.37,50,58,92,63.0,544,5.9,4,3,5,2,-1,0,0,11.6,5.5%
2026,e9f9bcf226e85e34348fb286bb4725b2,Kirk Cousins,free_agent,QB,10,108.6,36.7,10.86,3.67,35,166,269,61.7,"1,721",6.4,10,5,13,14,7,1,1,10.9,28.5%
2026,6eb234ff68fe4c352b28ccc34288446e,Brady Cook,new_york_jets,QB,5,35.4,35.85,7.08,7.17,49,88,153,57.5,739,4.8,2,7,19,13,49,0,1,7.1,0.8%
2026,b2d9cfe3f014480165dda4b5b896eaee,Mitchell Trubisky,tennessee_titans,QB,4,31.2,32.25,7.8,8.06,52,25,35,71.4,313,8.9,4,0,0,9,6,0,0,7.8,1.4%
2026,6f32a026e514e6ab84de28be4789f24f,Shedeur Sanders,cleveland_browns,QB,8,95.0,30.9,11.88,3.86,37,120,212,56.6,"1,400",6.6,7,10,23,21,169,1,1,11.9,32.7%
2026,21a351cc948b76bb7e0cd4898bd1dce5,Josh Johnson,cincinnati_bengals,QB,5,26.3,30.1,5.26,6.02,53,34,54,63.0,372,6.9,1,2,2,12,55,1,1,5.3,1.0%
2026,c08c51e093a52a189edf8d84371903a9,Mason Rudolph,pittsburgh_steelers,QB,5,17.0,20.1,3.4,4.02,54,38,52,73.1,310,6.0,2,2,2,7,6,0,1,3.4,2.5%
2026,e4ab65fc36a114028bfcd87769461f42,Carson Wentz,free_agent,QB,5,75.3,19.7,15.06,3.94,39,110,169,65.1,"1,216",7.2,6,5,19,11,57,0,0,15.1,1.1%
2026,f2d31db190f1e266d017f7b48346cc78,Trey Lance,los_angeles_chargers,QB,4,14.6,17.8,3.65,4.45,56,27,57,47.4,226,4.0,0,1,6,17,85,0,1,3.7,1.3%
2026,740255264f5c65432166aa3a4ef81830,Chris Oladokun,kansas_city_chiefs,QB,3,11.1,17.55,3.7,5.85,58,35,55,63.6,235,4.3,1,0,8,5,18,0,2,3.7,1.0%
2026,f4f507b66c4be37df41bba5bc4c26470,Tanner McKee,philadelphia_eagles,QB,4,14.7,16.5,3.68,4.12,55,24,43,55.8,274,6.4,1,1,3,8,8,0,0,3.7,3.1%
2026,369531d3e9883fd2239154c3bba25070,Andy Dalton,carolina_panthers,QB,4,10.5,16.45,2.62,4.11,59,25,37,67.6,293,7.9,1,1,8,5,-2,0,2,2.6,1.1%
2026,c4463a92490fce9d1574983b07d78e21,Joe Milton III,dallas_cowboys,QB,4,12.2,14.15,3.05,3.54,57,15,24,62.5,183,7.6,1,2,0,5,50,0,1,3.1,6.2%
2026,af8659bfc731ff1a0714447013ec6d58,Kenny Pickett,carolina_panthers,QB,6,9.7,11.6,1.62,1.93,60,28,45,62.2,188,4.2,1,2,8,5,22,0,1,1.6,1.5%
2026,43cbf6b2f26738b002834bcf1932dec1,Max Brosmer,minnesota_vikings,QB,7,8.2,9.5,1.17,1.36,61,47,71,66.2,328,4.6,0,4,14,7,11,0,1,1.2,0.8%
2026,80725e399c4786ecdc867c99ac47f0e0,Cooper Rush,free_agent,QB,4,5.8,6.75,1.45,1.69,62,34,52,65.4,303,5.8,0,4,1,4,-4,0,1,1.5,0.7%
2026,fde51143db166459d52da38cc269275c,Aidan O'Connell,las_vegas_raiders,QB,1,4.8,5.8,4.8,5.8,63,10,22,45.5,102,4.6,0,0,1,1,7,0,0,4.8,1.0%
2026,eb728c22951afca49f496ee68026ac79,Shane Buechele,buffalo_bills,QB,1,3.9,4.8,3.9,4.8,64,7,14,50.0,88,6.3,0,0,5,1,4,0,0,3.9,0.0%
2026,74e014fd9c82a433d7699ede873c83b6,Teddy Bridgewater,detroit_lions,QB,4,2.9,3.5,0.72,0.88,66,8,15,53.3,62,4.1,0,0,2,3,4,0,0,0.7,0.8%
2026,6e1312183ae3949f7e3f7fa83944a7c9,Tyson Bagent,chicago_bears,QB,3,2.6,3.05,0.87,1.02,67,3,4,75.0,47,11.8,0,0,0,2,7,0,0,0.9,4.0%
2026,5f80e82460353ce6287f48d8e8a8c14a,Joshua Dobbs,new_england_patriots,QB,4,2.1,2.75,0.52,0.69,69,7,10,70.0,65,6.5,0,0,0,10,-5,0,0,0.5,0.9%
2026,46b9d43a9f34fd55f2f32c097589f9ca,Clayton Tune,free_agent,QB,2,3.0,2.4,1.5,1.2,65,7,15,46.7,42,2.8,0,1,5,5,23,0,0,1.5,0.6%
2026,d5bb3551858122567b77853476e3a736,Zach Wilson,free_agent,QB,4,1.4,1.7,0.35,0.42,71,6,11,54.5,32,2.9,0,0,0,3,1,0,0,0.4,0.6%
2026,0adaa9c3fad6ef860eeca6bec0c37b3a,Brandon Allen,free_agent,QB,1,1.9,1.6,1.9,1.6,70,17,30,56.7,72,2.4,0,1,1,0,0,0,0,1.9,0.0%
2026,8be9b9b877e382ca5e69b6aaffed8e74,Feleipe Franks,free_agent,QB,12,0.4,0.4,0.03,0.03,73,0,0,0,0,0,0,0,0,2,4,0,0,0.0,0.0%
2026,7aae4e0b42b9c62376ef3e640f2720b5,Jalen Milroe,seattle_seahawks,QB,4,-1.6,0.4,-0.4,0.1,114,0,0,0,0,0,0,0,0,3,4,0,1,-0.4,12.1%
2026,b247ec47582e46f54f14747d365d4c95,Anthony Richardson Sr.,indianapolis_colts,QB,2,2.2,0.35,1.1,0.18,68,1,2,50.0,9,4.5,0,0,0,4,-1,0,0,1.1,18.6%
2026,83dcc1c93648a70727e3857c1451d906,Drew Lock,seattle_seahawks,QB,5,0.1,0.25,0.02,0.05,74,2,3,66.7,15,5.0,0,0,0,6,-5,0,0,0.0,1.6%
2026,c5b30500d7409a6ce7c06e20d8ddb249,Nick Mullens,jacksonville_jaguars,QB,5,-0.1,0.15,-0.02,0.03,109,3,3,100.0,19,6.3,0,0,0,12,-8,0,0,0.0,1.8%
2026,acdd59a4bd37471bacceceafe383eb69,Malik Cunningham,detroit_lions,QB,1,0.1,0.1,0.1,0.1,75,0,0,0,0,0,0,0,0,1,1,0,0,0.1,1.1%
2026,59ddcf0aeb7392f5b4f1ef7061525ec1,Gardner Minshew II,arizona_cardinals,QB,4,0.7,0.05,0.18,0.01,72,6,13,46.2,37,2.8,0,1,0,6,2,0,0,0.2,3.0%
2026,382181c5cc575456fa4fa28ee0956cd3,Stetson Bennett IV,los_angeles_rams,QB,1,0.0,0.0,0.0,0.0,90,0,0,0,0,0,0,0,0,0,0,0,0,0.0,0.6%
2026,25c5e7efe08b1474927ee2be646a5fe6,Brett Rypien,free_agent,QB,1,0.0,0.0,0.0,0.0,101,0,0,0,0,0,0,0,1,0,0,0,0,0.0,0.0%
2026,f71ce3838d6627deaf1a92b926597d52,Will Grier,free_agent,QB,1,0.0,0.0,0.0,0.0,102,0,0,0,0,0,0,0,0,0,0,0,0,0.0,0.0%
2026,00de69009910f030cc674b8299424331,Logan Woodside,free_agent,QB,3,0.0,0.0,0.0,0.0,103,0,0,0,0,0,0,0,0,0,0,0,0,0.0,0.0%
2026,ace98669b587624efdc5d6d75a467c6f,Adrian Martinez,san_francisco_49ers,QB,1,-0.1,-0.1,-0.1,-0.1,108,0,0,0,0,0,0,0,0,1,-1,0,0,-0.1,0.0%
2026,c6875f0e304ce0e3b8d9ece0504c69b3,Jarrett Stidham,denver_broncos,QB,1,-0.1,-0.1,-0.1,-0.1,110,0,0,0,0,0,0,0,0,1,-1,0,0,-0.1,4.3%
2026,65d73c3a9b59960b2f821658b2f83787,Kedon Slovis,arizona_cardinals,QB,2,-0.1,-0.1,-0.05,-0.05,111,1,2,50.0,-2,-1.0,0,0,0,0,0,0,0,-0.1,0.0%
2026,c34bf1ef458fece67b952e16dda78284,Kyle Allen,buffalo_bills,QB,4,-0.3,-0.3,-0.08,-0.08,112,0,2,0.0,0,0.0,0,0,0,3,-3,0,0,-0.1,0.6%
2026,272d21b01178125b8c5092b6d46c7fe0,Jimmy Garoppolo,los_angeles_rams,QB,5,-1.0,-1.0,-0.2,-0.2,113,0,0,0,0,0,0,0,0,9,-10,0,0,-0.2,1.8%
