Rank,Player,ATT,Rush Yds,Y/A,LG,20+,Rush TD,REC,TGT,YDS_1,Y/R,TD_1,FL,G,FPTS,FPTS/G,ROST,team_abbr,team_name,year,Team Name
1,Derrick Henry,378,0.0,5.4,94,16,17,19,31,114,6.0,0,2,16,314.1,19.6,98.7%,BAL,baltimore_ravens,2020,Baltimore Ravens
2,Alvin Kamara,187,932.0,5.0,49,7,16,83,107,756,9.1,5,0,15,294.8,19.7,95.0%,NO,new_orleans_saints,2020,New Orleans Saints
3,Jonathan Taylor,232,0.0,5.0,62,7,11,36,40,299,8.3,1,1,15,216.8,14.5,98.3%,IND,indianapolis_colts,2020,Indianapolis Colts
4,Aaron Jones Sr.,201,0.0,5.5,77,6,9,47,63,355,7.6,2,0,14,211.9,15.1,90.4%,MIN,minnesota_vikings,2020,Minnesota Vikings
5,David Montgomery,247,0.0,4.3,80,5,8,54,68,438,8.1,2,1,15,210.8,14.1,94.0%,DET,detroit_lions,2020,Detroit Lions
6,Josh Jacobs,273,0.0,3.9,28,3,12,33,45,238,7.2,0,2,15,198.3,13.2,98.5%,GB,green_bay_packers,2020,Green Bay Packers
7,Nick Chubb,190,0.0,5.6,59,12,12,16,18,150,9.4,0,1,12,191.7,16.0,39.4%,HOU,houston_texans,2020,Houston Texans
8,Kareem Hunt,198,841.0,4.2,33,3,6,38,51,304,8.0,5,0,16,180.5,11.3,30.0%,KC,kansas_city_chiefs,2020,Kansas City Chiefs
9,Antonio Gibson,170,795.0,4.7,40,5,11,36,44,247,6.9,0,2,14,166.2,11.9,13.1%,NE,new_england_patriots,2020,New England Patriots
10,J.K. Dobbins,134,805.0,6.0,72,8,9,18,24,120,6.7,0,0,15,150.5,10.0,64.7%,DEN,denver_broncos,2020,Denver Broncos
11,D'Andre Swift,114,521.0,4.6,54,1,8,46,57,357,7.8,2,2,13,143.8,11.1,89.8%,CHI,chicago_bears,2020,Chicago Bears
12,Miles Sanders,164,867.0,5.3,82,4,6,28,52,197,7.0,0,2,12,142.4,11.9,12.8%,DAL,dallas_cowboys,2020,Dallas Cowboys
13,Clyde Edwards-Helaire,181,803.0,4.4,31,3,4,36,54,297,8.3,1,0,13,140.0,10.8,3.2%,NO,new_orleans_saints,2020,New Orleans Saints
14,James Conner,169,721.0,4.3,59,5,6,35,43,215,6.1,0,0,13,129.6,10.0,93.3%,ARI,arizona_cardinals,2020,Arizona Cardinals
15,Austin Ekeler,116,530.0,4.6,27,2,1,54,65,403,7.5,2,0,10,111.3,11.1,69.0%,WAS,washington_commanders,2020,Washington Commanders
16,Devin Singletary,156,687.0,4.4,51,3,2,38,50,269,7.1,0,1,16,105.6,6.6,7.9%,NYG,new_york_giants,2020,New York Giants
17,Tony Pollard,101,435.0,4.3,42,4,4,28,40,193,6.9,1,0,16,92.8,5.8,88.8%,TEN,tennessee_titans,2020,Tennessee Titans
18,Cam Akers,145,625.0,4.3,61,4,2,11,14,123,11.2,1,1,12,90.8,7.6,2.9%,NO,new_orleans_saints,2020,New Orleans Saints
19,Zack Moss,112,481.0,4.3,31,4,4,14,18,95,6.8,1,0,13,87.6,6.7,16.8%,CIN,cincinnati_bengals,2020,Cincinnati Bengals
20,Raheem Mostert,104,521.0,5.0,80,2,2,16,19,156,9.8,1,1,8,83.7,10.5,15.3%,LV,las_vegas_raiders,2020,Las Vegas Raiders
21,Joe Mixon,119,428.0,3.6,34,3,3,21,26,138,6.6,1,1,6,78.6,13.1,96.9%,HOU,houston_texans,2020,Houston Texans
22,Alexander Mattison,96,434.0,4.5,25,4,2,13,15,125,9.6,1,0,13,73.9,5.7,8.8%,MIA,miami_dolphins,2020,Miami Dolphins
23,Christian Mccaffrey,59,225.0,3.8,15,0,5,17,19,149,8.8,1,0,3,73.4,24.5,98.5%,SF,san_francisco_49ers,2020,San Francisco 49ers
24,Kyle Juszczyk,17,64.0,3.8,10,0,2,19,29,202,10.6,4,0,16,62.6,3.9,1.5%,SF,san_francisco_49ers,2020,San Francisco 49ers
25,Salvon Ahmed,75,319.0,4.3,31,1,3,11,14,61,5.5,0,0,6,58.0,9.7,0.0%,IND,indianapolis_colts,2020,Indianapolis Colts
26,Samaje Perine,63,301.0,4.8,46,1,3,11,12,66,6.0,0,0,16,54.7,3.4,3.6%,CIN,cincinnati_bengals,2020,Cincinnati Bengals
27,Ty Johnson,54,254.0,4.7,34,1,1,16,21,99,6.2,1,0,13,47.3,3.6,5.2%,BUF,buffalo_bills,2020,Buffalo Bills
28,Deejay Dallas,34,108.0,3.2,13,0,2,17,20,111,6.5,1,0,12,39.9,3.3,0.1%,ARI,arizona_cardinals,2020,Arizona Cardinals
29,A.J. Dillon,46,242.0,5.3,30,2,2,2,2,21,10.5,0,0,11,38.3,3.5,5.6%,PHI,philadelphia_eagles,2020,Philadelphia Eagles
30,Jeremy Mcnichols,47,204.0,4.3,20,1,1,12,17,55,4.6,0,0,16,31.9,2.0,0.8%,WAS,washington_commanders,2020,Washington Commanders
31,Travis Homer,25,88.0,3.5,12,0,0,9,10,90,10.0,1,0,9,23.8,2.6,0.6%,CHI,chicago_bears,2020,Chicago Bears
32,Dare Ogunbowale,32,145.0,4.5,25,1,0,10,20,54,5.4,0,0,14,19.9,1.4,1.5%,HOU,houston_texans,2020,Houston Texans
33,C.J. Ham,5,18.0,3.6,10,0,0,8,14,97,12.1,1,0,15,17.5,1.2,0.6%,MIN,minnesota_vikings,2020,Minnesota Vikings
34,Alec Ingold,3,4.0,1.3,3,0,0,12,17,110,9.2,1,0,16,17.4,1.1,0.7%,MIA,miami_dolphins,2020,Miami Dolphins
35,Trayveon Williams,26,157.0,6.0,55,1,0,5,5,30,6.0,0,1,10,16.7,1.7,0.1%,NE,new_england_patriots,2020,New England Patriots
36,Darrynton Evans,14,54.0,3.9,9,0,0,2,4,27,13.5,1,0,5,14.1,2.8,0.0%,BUF,buffalo_bills,2020,Buffalo Bills
37,J.J. Taylor,23,110.0,4.8,28,1,0,1,2,4,4.0,0,0,6,11.4,1.9,0.6%,HOU,houston_texans,2020,Houston Texans
38,Jakob Johnson,0,0.0,0.0,0,0,0,8,9,35,4.4,1,0,16,9.5,0.6,0.0%,HOU,houston_texans,2020,Houston Texans
39,Saquon Barkley,19,34.0,1.8,18,0,0,6,9,60,10.0,0,0,2,9.4,4.7,99.0%,PHI,philadelphia_eagles,2020,Philadelphia Eagles
40,Patrick Ricard,1,-1.0,-1.0,0,0,0,9,12,45,5.0,1,1,15,8.4,0.6,0.8%,BAL,baltimore_ravens,2020,Baltimore Ravens
41,Justice Hill,12,60.0,5.0,19,0,0,5,5,20,4.0,0,0,12,8.0,0.7,21.4%,BAL,baltimore_ravens,2020,Baltimore Ravens
42,Reggie Gilliam,0,0.0,0.0,0,0,0,2,2,16,8.0,1,0,14,7.6,0.5,0.0%,BUF,buffalo_bills,2020,Buffalo Bills
43,Michael Burton,7,18.0,2.6,7,0,0,4,4,28,7.0,0,0,15,4.6,0.3,0.1%,DEN,denver_broncos,2020,Denver Broncos
44,Rico Dowdle,7,24.0,3.4,7,0,0,0,0,0,0.0,0,0,15,2.4,0.2,41.0%,CAR,carolina_panthers,2020,Carolina Panthers
45,Craig Reynolds,1,4.0,4.0,4,0,0,1,1,3,3.0,0,0,2,0.7,0.4,1.1%,DET,detroit_lions,2020,Detroit Lions
46,Cordarrelle Patterson,64,232.0,3.6,13,0,1,21,25,132,6.3,0,0,16,0.0,0.0,1.1%,PIT,pittsburgh_steelers,2020,Pittsburgh Steelers
47,Andrew Beck,0,0.0,0.0,0,0,0,0,0,0,0.0,0,0,10,0.0,0.0,0.0%,NYJ,new_york_jets,2020,New York Jets
1,Jonathan Taylor,332,0.0,5.5,83,14,18,40,51,360,9.0,2,2,17,333.1,19.6,98.3%,IND,indianapolis_colts,2021,Indianapolis Colts
2,Austin Ekeler,206,911.0,4.4,28,3,12,70,94,647,9.2,8,3,16,273.8,17.1,69.0%,WAS,washington_commanders,2021,Washington Commanders
3,Joe Mixon,292,0.0,4.1,32,6,13,42,48,314,7.5,3,1,16,245.9,15.4,96.9%,HOU,houston_texans,2021,Houston Texans
4,Najee Harris,307,0.0,3.9,37,6,7,74,94,467,6.3,3,0,17,226.7,13.3,83.5%,LAC,los_angeles_chargers,2021,Los Angeles Chargers
5,James Conner,202,752.0,3.7,35,3,15,37,39,375,10.1,3,0,15,220.7,14.7,93.3%,ARI,arizona_cardinals,2021,Arizona Cardinals
6,Nick Chubb,228,0.0,5.5,70,12,8,20,25,174,8.7,1,1,14,195.3,14.0,39.4%,HOU,houston_texans,2021,Houston Texans
7,Alvin Kamara,240,898.0,3.7,30,3,4,47,67,439,9.3,5,0,13,187.7,14.4,95.0%,NO,new_orleans_saints,2021,New Orleans Saints
8,Antonio Gibson,258,0.0,4.0,27,4,7,42,52,294,7.0,3,4,16,187.1,11.7,13.1%,NE,new_england_patriots,2021,New England Patriots
9,Cordarrelle Patterson,153,618.0,4.0,39,2,6,52,69,548,10.5,5,0,16,182.6,11.4,1.1%,PIT,pittsburgh_steelers,2021,Pittsburgh Steelers
10,Aaron Jones Sr.,171,799.0,4.7,57,5,4,52,65,391,7.5,6,1,15,177.0,11.8,90.4%,MIN,minnesota_vikings,2021,Minnesota Vikings
11,Derrick Henry,219,937.0,4.3,76,3,10,18,20,154,8.6,0,0,8,175.3,21.9,98.7%,BAL,baltimore_ravens,2021,Baltimore Ravens
12,Josh Jacobs,217,872.0,4.0,28,2,9,54,64,348,6.4,0,2,15,172.0,11.5,98.5%,GB,green_bay_packers,2021,Green Bay Packers
13,Javonte Williams,203,903.0,4.4,49,6,4,43,53,316,7.3,3,1,17,161.9,9.5,79.5%,DAL,dallas_cowboys,2021,Dallas Cowboys
14,Devin Singletary,188,870.0,4.6,46,6,7,40,50,228,5.7,1,0,17,157.8,9.3,7.9%,NYG,new_york_giants,2021,New York Giants
15,David Montgomery,225,849.0,3.8,41,5,7,42,51,301,7.2,0,1,14,154.0,11.0,94.0%,DET,detroit_lions,2021,Detroit Lions
16,A.J. Dillon,187,803.0,4.3,36,2,5,34,37,313,9.2,2,1,17,151.6,8.9,5.6%,PHI,philadelphia_eagles,2021,Philadelphia Eagles
17,D'Andre Swift,151,617.0,4.1,57,3,5,62,78,452,7.3,2,1,13,146.9,11.3,89.8%,CHI,chicago_bears,2021,Chicago Bears
18,Elijah Mitchell,207,963.0,4.7,39,6,5,19,20,137,7.2,1,0,12,146.0,12.2,7.3%,KC,kansas_city_chiefs,2021,Kansas City Chiefs
19,Tony Pollard,130,719.0,5.5,58,4,2,39,46,337,8.6,0,0,15,123.6,8.2,88.8%,TEN,tennessee_titans,2021,Tennessee Titans
20,Michael Carter,147,639.0,4.3,55,3,4,36,55,325,9.0,0,1,14,118.4,8.5,0.9%,ARI,arizona_cardinals,2021,Arizona Cardinals
21,Chuba Hubbard,172,612.0,3.6,26,3,5,25,37,174,7.0,1,1,16,112.6,7.0,94.9%,CAR,carolina_panthers,2021,Carolina Panthers
22,Saquon Barkley,162,593.0,3.7,41,3,2,41,57,263,6.4,2,1,14,107.6,7.7,99.0%,PHI,philadelphia_eagles,2021,Philadelphia Eagles
23,Rhamondre Stevenson,133,606.0,4.6,21,1,5,14,18,123,8.8,0,1,12,100.9,8.4,82.9%,NE,new_england_patriots,2021,New England Patriots
24,Clyde Edwards-Helaire,119,517.0,4.3,17,0,4,19,23,118,6.2,2,2,10,97.5,9.8,3.2%,NO,new_orleans_saints,2021,New Orleans Saints
25,Alexander Mattison,134,491.0,3.7,48,2,3,32,39,228,7.1,1,1,16,93.9,5.9,8.8%,MIA,miami_dolphins,2021,Miami Dolphins
26,Miles Sanders,137,754.0,5.5,38,7,0,26,34,158,6.1,0,1,12,91.2,7.6,12.8%,DAL,dallas_cowboys,2021,Dallas Cowboys
27,Christian Mccaffrey,99,442.0,4.5,18,0,1,37,41,343,9.3,1,0,7,90.5,12.9,98.5%,SF,san_francisco_49ers,2021,San Francisco 49ers
28,Kenneth Gainwell,68,291.0,4.3,18,0,5,33,50,253,7.7,1,1,16,90.4,5.7,3.8%,PIT,pittsburgh_steelers,2021,Pittsburgh Steelers
29,Kareem Hunt,78,386.0,4.9,33,2,5,22,27,174,7.9,0,0,8,88.0,11.0,30.0%,KC,kansas_city_chiefs,2021,Kansas City Chiefs
30,Ty Johnson,61,238.0,3.9,24,2,2,34,55,372,10.9,2,1,15,83.0,5.5,5.2%,BUF,buffalo_bills,2021,Buffalo Bills
31,Zack Moss,96,345.0,3.6,17,0,4,23,32,197,8.6,1,1,13,82.2,6.3,16.8%,CIN,cincinnati_bengals,2021,Cincinnati Bengals
32,Khalil Herbert,103,433.0,4.2,29,4,2,14,16,96,6.9,0,0,16,64.9,4.1,6.2%,IND,indianapolis_colts,2021,Indianapolis Colts
33,Samaje Perine,55,246.0,4.5,46,2,1,27,31,196,7.3,1,0,15,56.2,3.7,3.6%,CIN,cincinnati_bengals,2021,Cincinnati Bengals
34,Jaret Patterson,68,266.0,3.9,13,0,2,10,12,73,7.3,0,0,14,45.9,3.3,0.0%,LAC,los_angeles_chargers,2021,Los Angeles Chargers
35,Travis Homer,21,177.0,8.4,73,2,1,16,20,161,10.1,0,0,14,45.8,3.3,0.6%,CHI,chicago_bears,2021,Chicago Bears
36,Jeremy Mcnichols,41,156.0,3.8,14,0,0,28,38,240,8.6,1,0,13,45.6,3.5,0.8%,WAS,washington_commanders,2021,Washington Commanders
37,Kyle Juszczyk,8,22.0,2.8,6,0,1,30,38,296,9.9,1,0,15,43.8,2.9,1.5%,SF,san_francisco_49ers,2021,San Francisco 49ers
38,Deejay Dallas,33,138.0,4.2,15,0,2,21,23,133,6.3,0,0,17,39.1,2.3,0.1%,ARI,arizona_cardinals,2021,Arizona Cardinals
39,Dare Ogunbowale,43,137.0,3.2,12,0,1,13,21,114,8.8,1,0,13,37.1,2.9,1.5%,HOU,houston_texans,2021,Houston Texans
40,Demetric Felton Jr.,7,24.0,3.4,12,0,0,18,21,181,10.1,2,0,15,32.5,2.2,0.0%,WAS,washington_commanders,2021,Washington Commanders
41,Craig Reynolds,55,230.0,4.2,35,2,0,7,8,52,7.4,0,0,5,28.2,5.6,1.1%,DET,detroit_lions,2021,Detroit Lions
42,Salvon Ahmed,54,149.0,2.8,16,0,0,12,19,117,9.8,0,0,11,26.6,2.4,0.0%,IND,indianapolis_colts,2021,Indianapolis Colts
43,Trey Sermon,41,167.0,4.1,16,0,1,3,4,26,8.7,0,0,6,25.3,4.2,1.1%,PIT,pittsburgh_steelers,2021,Pittsburgh Steelers
44,Kene Nwangwu,13,61.0,4.7,19,0,0,4,5,9,2.3,0,0,9,19.0,2.1,0.0%,NYJ,new_york_jets,2021,New York Jets
45,C.J. Ham,7,34.0,4.9,30,1,0,17,18,125,7.4,0,0,15,15.9,1.1,0.6%,MIN,minnesota_vikings,2021,Minnesota Vikings
46,Patrick Taylor Jr.,23,89.0,3.9,12,0,1,2,2,3,1.5,0,0,5,15.2,3.0,0.8%,SF,san_francisco_49ers,2021,San Francisco 49ers
47,Alec Ingold,2,1.0,0.5,1,0,0,10,12,85,8.5,1,0,7,14.6,2.1,0.7%,MIA,miami_dolphins,2021,Miami Dolphins
48,J.J. Taylor,19,37.0,1.9,15,0,2,4,4,8,2.0,0,1,5,14.5,2.9,0.6%,HOU,houston_texans,2021,Houston Texans
49,Patrick Ricard,2,4.0,2.0,2,0,0,8,13,63,7.9,1,0,8,12.7,1.6,0.8%,BAL,baltimore_ravens,2021,Baltimore Ravens
50,Michael Burton,8,26.0,3.3,7,0,1,3,3,31,10.3,0,0,10,11.7,1.2,0.1%,DEN,denver_broncos,2021,Denver Broncos
51,Trayveon Williams,15,51.0,3.4,10,0,0,1,2,4,4.0,0,0,4,5.5,1.4,0.1%,NE,new_england_patriots,2021,New England Patriots
52,Jakob Johnson,0,0.0,0.0,0,0,0,4,5,43,10.8,0,0,7,4.3,0.6,0.0%,HOU,houston_texans,2021,Houston Texans
53,Reggie Gilliam,3,3.0,1.0,2,0,0,3,5,23,7.7,0,0,8,2.6,0.3,0.0%,BUF,buffalo_bills,2021,Buffalo Bills
54,Raheem Mostert,2,20.0,10.0,11,0,0,0,0,0,0.0,0,0,1,2.0,2.0,15.3%,LV,las_vegas_raiders,2021,Las Vegas Raiders
55,Darrynton Evans,2,7.0,3.5,5,0,0,2,2,11,5.5,0,0,2,1.8,0.9,0.0%,BUF,buffalo_bills,2021,Buffalo Bills
56,Cam Akers,5,3.0,0.6,2,0,0,3,3,10,3.3,0,0,2,1.3,0.7,2.9%,NO,new_orleans_saints,2021,New Orleans Saints
57,Gary Brightwell,1,4.0,4.0,4,0,0,1,1,6,6.0,0,0,7,1.0,0.1,0.0%,CIN,cincinnati_bengals,2021,Cincinnati Bengals
58,Avery Williams,0,0.0,0.0,0,0,0,0,0,0,0.0,0,0,15,0.0,0.0,0.6%,PHI,philadelphia_eagles,2021,Philadelphia Eagles
59,Andrew Beck,0,0.0,0.0,0,0,0,0,0,0,0.0,0,0,1,0.0,0.0,0.0%,NYJ,new_york_jets,2021,New York Jets
60,J.K. Dobbins,0,0.0,0.0,0,0,0,0,0,0,0.0,0,0,1,0.0,0.0,64.7%,DEN,denver_broncos,2021,Denver Broncos
1,Josh Jacobs,340,0.0,4.9,86,7,12,53,64,400,7.5,0,1,17,275.3,16.2,98.5%,GB,green_bay_packers,2022,Green Bay Packers
2,Christian Mccaffrey,244,0.0,4.7,49,9,8,85,108,741,8.7,5,0,17,271.4,16.0,98.5%,SF,san_francisco_49ers,2022,San Francisco 49ers
3,Derrick Henry,349,0.0,4.4,56,10,13,33,41,398,12.1,0,3,16,269.8,16.9,98.7%,BAL,baltimore_ravens,2022,Baltimore Ravens
4,Austin Ekeler,204,915.0,4.5,72,4,13,107,127,722,6.7,5,3,17,265.7,15.6,69.0%,WAS,washington_commanders,2022,Washington Commanders
5,Nick Chubb,302,0.0,5.0,41,13,12,27,37,239,8.9,1,1,17,254.4,15.0,39.4%,HOU,houston_texans,2022,Houston Texans
6,Saquon Barkley,295,0.0,4.4,68,9,10,57,76,338,5.9,0,0,16,227.0,14.2,99.0%,PHI,philadelphia_eagles,2022,Philadelphia Eagles
7,Tony Pollard,193,0.0,5.2,57,9,9,39,55,371,9.5,3,0,16,209.8,13.1,88.8%,TEN,tennessee_titans,2022,Tennessee Titans
8,Miles Sanders,259,0.0,4.9,40,9,11,20,26,78,3.9,0,2,17,196.7,11.6,12.8%,DAL,dallas_cowboys,2022,Dallas Cowboys
9,Aaron Jones Sr.,213,0.0,5.3,36,6,2,59,72,395,6.7,5,3,17,189.6,11.2,90.4%,MIN,minnesota_vikings,2022,Minnesota Vikings
10,Najee Harris,272,0.0,3.8,36,1,7,41,53,229,5.6,3,2,17,182.5,10.7,83.5%,LAC,los_angeles_chargers,2022,Los Angeles Chargers
11,Joe Mixon,212,826.0,3.9,40,4,7,60,75,441,7.4,2,0,15,180.7,12.0,96.9%,HOU,houston_texans,2022,Houston Texans
12,Rhamondre Stevenson,210,0.0,5.0,49,7,5,69,88,421,6.1,1,1,17,180.1,10.6,82.9%,NE,new_england_patriots,2022,New England Patriots
13,Kenneth Walker Iii,228,0.0,4.6,74,10,9,27,35,165,6.1,0,0,15,175.5,11.7,94.5%,SEA,seattle_seahawks,2022,Seattle Seahawks
14,Travis Etienne Jr.,220,0.0,5.1,62,8,5,35,45,316,9.0,0,3,17,170.1,10.0,84.0%,JAC,jacksonville_jaguars,2022,Jacksonville Jaguars
15,Alvin Kamara,223,897.0,4.0,27,3,2,57,77,490,8.6,2,4,15,154.7,10.3,95.0%,NO,new_orleans_saints,2022,New Orleans Saints
16,James Conner,183,782.0,4.3,23,3,7,46,58,300,6.5,1,1,13,154.2,11.9,93.3%,ARI,arizona_cardinals,2022,Arizona Cardinals
17,David Montgomery,201,801.0,4.0,28,2,5,34,40,316,9.3,1,2,16,143.7,9.0,94.0%,DET,detroit_lions,2022,Detroit Lions
18,Tyler Allgeier,210,0.0,4.9,44,6,3,16,17,139,8.7,1,0,16,143.4,9.0,49.2%,ATL,atlanta_falcons,2022,Atlanta Falcons
19,D'Andre Swift,99,542.0,5.5,50,3,5,48,70,389,8.1,3,0,14,143.1,10.2,89.8%,CHI,chicago_bears,2022,Chicago Bears
20,Devin Singletary,178,822.0,4.6,33,5,5,38,52,280,7.4,1,3,17,140.2,8.2,7.9%,NYG,new_york_giants,2022,New York Giants
21,A.J. Dillon,186,770.0,4.1,27,3,7,28,43,206,7.4,0,0,17,139.6,8.2,5.6%,PHI,philadelphia_eagles,2022,Philadelphia Eagles
22,Raheem Mostert,181,891.0,4.9,67,6,3,31,42,202,6.5,2,1,16,137.3,8.6,15.3%,LV,las_vegas_raiders,2022,Las Vegas Raiders
23,Dameon Pierce,220,939.0,4.3,75,7,4,30,39,165,5.5,1,2,13,136.4,10.5,10.0%,HOU,houston_texans,2022,Houston Texans
24,Cordarrelle Patterson,144,695.0,4.8,40,4,8,21,31,122,5.8,0,1,13,133.7,10.3,1.1%,PIT,pittsburgh_steelers,2022,Pittsburgh Steelers
25,Cam Akers,188,786.0,4.2,42,3,7,13,18,117,9.0,0,2,15,128.3,8.6,2.9%,NO,new_orleans_saints,2022,New Orleans Saints
26,Isiah Pacheco,170,830.0,4.9,31,3,5,13,14,130,10.0,0,2,17,122.0,7.2,90.9%,KC,kansas_city_chiefs,2022,Kansas City Chiefs
27,Antonio Gibson,149,546.0,3.7,20,1,3,46,58,353,7.7,2,0,15,119.9,8.0,13.1%,NE,new_england_patriots,2022,New England Patriots
28,Jonathan Taylor,192,861.0,4.5,66,5,4,28,40,143,5.1,0,3,12,118.4,9.9,98.3%,IND,indianapolis_colts,2022,Indianapolis Colts
29,Khalil Herbert,129,731.0,5.7,63,4,4,9,12,57,6.3,1,0,13,108.8,8.4,6.2%,IND,indianapolis_colts,2022,Indianapolis Colts
30,Samaje Perine,95,394.0,4.1,29,1,2,38,51,287,7.6,4,0,16,104.1,6.5,3.6%,CIN,cincinnati_bengals,2022,Cincinnati Bengals
31,Brian Robinson Jr.,205,797.0,3.9,24,2,2,9,12,60,6.7,1,0,12,103.7,8.6,87.3%,WAS,washington_commanders,2022,Washington Commanders
32,Breece Hall,80,463.0,5.8,62,3,4,19,31,218,11.5,1,1,7,96.1,13.7,96.7%,NYJ,new_york_jets,2022,New York Jets
33,Kareem Hunt,123,468.0,3.8,24,2,3,35,44,210,6.0,1,0,17,91.8,5.4,30.0%,KC,kansas_city_chiefs,2022,Kansas City Chiefs
34,Rachaad White,129,481.0,3.7,35,2,1,50,58,290,5.8,2,3,17,89.1,5.2,74.1%,TB,tampa_bay_buccaneers,2022,Tampa Bay Buccaneers
35,James Cook,91,525.0,5.8,33,6,2,21,32,180,8.6,1,1,17,86.5,5.1,97.7%,BUF,buffalo_bills,2022,Buffalo Bills
36,Michael Carter,114,402.0,3.5,25,3,3,41,54,288,7.0,0,1,16,85.0,5.3,0.9%,ARI,arizona_cardinals,2022,Arizona Cardinals
37,Clyde Edwards-Helaire,71,302.0,4.3,52,2,3,17,23,151,8.9,3,0,10,81.3,8.1,3.2%,NO,new_orleans_saints,2022,New Orleans Saints
38,J.K. Dobbins,92,520.0,5.7,44,4,2,7,8,42,6.0,1,0,8,74.2,9.3,64.7%,DEN,denver_broncos,2022,Denver Broncos
39,Chuba Hubbard,95,466.0,4.9,35,3,2,14,17,171,12.2,0,1,14,73.7,5.3,94.9%,CAR,carolina_panthers,2022,Carolina Panthers
40,Alexander Mattison,74,283.0,3.8,15,0,5,15,18,91,6.1,1,0,17,73.4,4.3,8.8%,MIA,miami_dolphins,2022,Miami Dolphins
41,Jaylen Warren,77,379.0,4.9,31,3,1,28,33,214,7.6,0,0,16,65.3,4.1,85.6%,PIT,pittsburgh_steelers,2022,Pittsburgh Steelers
42,Kenneth Gainwell,53,240.0,4.5,13,0,4,23,29,169,7.3,0,0,17,64.9,3.8,3.8%,PIT,pittsburgh_steelers,2022,Pittsburgh Steelers
43,Zack Moss,93,456.0,4.9,43,2,1,11,13,39,3.5,0,1,13,53.5,4.1,16.8%,CIN,cincinnati_bengals,2022,Cincinnati Bengals
44,Zonovan Knight,85,300.0,3.5,48,1,1,13,14,100,7.7,0,0,7,46.0,6.6,0.0%,NYJ,new_york_jets,2022,New York Jets
45,Elijah Mitchell,45,279.0,6.2,37,1,2,3,4,7,2.3,0,0,5,40.6,8.1,7.3%,KC,kansas_city_chiefs,2022,Kansas City Chiefs
46,Kyle Juszczyk,7,26.0,3.7,9,0,1,19,23,200,10.5,1,0,13,34.6,2.7,1.5%,SF,san_francisco_49ers,2022,San Francisco 49ers
47,Raheem Blackshear,23,77.0,3.3,16,0,3,10,12,93,9.3,0,1,13,33.0,2.5,1.0%,CAR,carolina_panthers,2022,Carolina Panthers
48,Jordan Mason,43,258.0,6.0,55,1,1,0,0,0,0.0,0,0,12,31.8,2.7,71.0%,MIN,minnesota_vikings,2022,Minnesota Vikings
49,Ty Johnson,30,160.0,5.3,32,2,1,12,24,88,7.3,0,0,12,30.8,2.6,5.2%,BUF,buffalo_bills,2022,Buffalo Bills
50,Deejay Dallas,35,186.0,5.3,27,1,0,17,19,126,7.4,0,0,15,30.2,2.0,0.1%,ARI,arizona_cardinals,2022,Arizona Cardinals
51,Justice Hill,49,262.0,5.3,34,1,0,12,12,58,4.8,0,1,15,30.0,2.0,21.4%,BAL,baltimore_ravens,2022,Baltimore Ravens
52,Dare Ogunbowale,42,123.0,2.9,11,0,1,20,26,104,5.2,0,0,15,28.7,1.9,1.5%,HOU,houston_texans,2022,Houston Texans
53,Travis Homer,19,74.0,3.9,16,0,0,16,18,157,9.8,1,1,12,27.1,2.3,0.6%,CHI,chicago_bears,2022,Chicago Bears
54,Javonte Williams,47,204.0,4.3,17,0,0,16,22,76,4.8,0,1,4,26.0,6.5,79.5%,DAL,dallas_cowboys,2022,Dallas Cowboys
55,Gary Brightwell,31,141.0,4.5,25,1,1,5,8,39,7.8,0,0,15,24.0,1.6,0.0%,CIN,cincinnati_bengals,2022,Cincinnati Bengals
56,Alec Ingold,6,8.0,1.3,2,0,1,15,23,105,7.0,1,0,13,23.3,1.8,0.7%,MIA,miami_dolphins,2022,Miami Dolphins
57,Craig Reynolds,23,102.0,4.4,21,1,0,9,10,116,12.9,0,0,7,21.8,3.1,1.1%,DET,detroit_lions,2022,Detroit Lions
58,Kyren Williams,35,139.0,4.0,17,0,0,9,12,76,8.4,0,0,8,21.5,2.7,97.7%,LAR,los_angeles_rams,2022,Los Angeles Rams
59,C.J. Ham,4,7.0,1.8,3,0,2,10,12,86,8.6,0,0,12,21.3,1.8,0.6%,MIN,minnesota_vikings,2022,Minnesota Vikings
60,Avery Williams,22,109.0,5.0,21,1,1,13,14,61,4.7,0,1,17,21.0,1.2,0.6%,PHI,philadelphia_eagles,2022,Philadelphia Eagles
61,Pierre Strong Jr.,10,100.0,10.0,44,1,1,7,7,42,6.0,0,0,10,20.2,2.0,1.0%,CLE,cleveland_browns,2022,Cleveland Browns
62,Hassan Haskins,25,93.0,3.7,12,0,0,11,12,57,5.2,0,0,14,15.0,1.1,0.6%,LAC,los_angeles_chargers,2022,Los Angeles Chargers
63,Keaontay Ingram,27,60.0,2.2,13,0,1,4,5,21,5.3,0,0,11,14.1,1.3,0.0%,KC,kansas_city_chiefs,2022,Kansas City Chiefs
64,Reggie Gilliam,0,0.0,0.0,0,0,0,9,11,76,8.4,1,0,11,13.6,1.2,0.0%,BUF,buffalo_bills,2022,Buffalo Bills
65,Salvon Ahmed,12,64.0,5.3,11,0,1,1,1,8,8.0,0,0,7,13.2,1.9,0.0%,IND,indianapolis_colts,2022,Indianapolis Colts
66,Tyrion Davis-Price,34,99.0,2.9,20,1,0,0,2,0,0.0,0,0,5,9.9,2.0,0.0%,TEN,tennessee_titans,2022,Tennessee Titans
67,Darrynton Evans,14,64.0,4.6,21,1,0,1,1,33,33.0,0,0,3,9.7,3.2,0.0%,BUF,buffalo_bills,2022,Buffalo Bills
68,Kene Nwangwu,9,14.0,1.6,8,0,0,2,2,21,10.5,0,0,14,9.5,0.7,0.0%,NYJ,new_york_jets,2022,New York Jets
69,Patrick Ricard,7,16.0,2.3,5,0,0,11,13,74,6.7,0,0,13,9.0,0.7,0.8%,BAL,baltimore_ravens,2022,Baltimore Ravens
70,Tyler Badie,1,0.0,0.0,0,0,0,1,1,24,24.0,1,0,1,8.4,8.4,0.7%,DEN,denver_broncos,2022,Denver Broncos
71,Jaret Patterson,17,78.0,4.6,14,0,0,0,1,0,0.0,0,0,2,7.8,3.9,0.0%,LAC,los_angeles_chargers,2022,Los Angeles Chargers
72,Zamir White,17,70.0,4.1,22,1,0,0,0,0,0.0,0,0,11,7.0,0.6,11.0%,LV,las_vegas_raiders,2022,Las Vegas Raiders
73,Trayveon Williams,6,30.0,5.0,16,0,0,2,3,30,15.0,0,0,9,6.0,0.7,0.1%,NE,new_england_patriots,2022,New England Patriots
74,Julius Chestnut,9,12.0,1.3,5,0,0,3,3,41,13.7,0,0,6,5.3,0.9,1.2%,TEN,tennessee_titans,2022,Tennessee Titans
75,Ronnie Rivers,9,21.0,2.3,5,0,0,5,5,29,5.8,0,0,2,5.0,2.5,0.6%,LAR,los_angeles_rams,2022,Los Angeles Rams
76,Patrick Taylor Jr.,10,31.0,3.1,6,0,0,1,1,17,17.0,0,0,7,4.8,0.7,0.8%,SF,san_francisco_49ers,2022,San Francisco 49ers
77,Ty Chandler,6,20.0,3.3,10,0,0,0,0,0,0.0,0,0,2,2.0,1.0,4.8%,MIN,minnesota_vikings,2022,Minnesota Vikings
78,Trey Sermon,2,19.0,9.5,14,0,0,0,0,0,0.0,0,0,1,1.9,1.9,1.1%,PIT,pittsburgh_steelers,2022,Pittsburgh Steelers
79,Michael Burton,5,7.0,1.4,6,0,0,2,3,11,5.5,0,0,12,1.8,0.2,0.1%,DEN,denver_broncos,2022,Denver Broncos
80,J.J. Taylor,10,9.0,0.9,5,0,0,1,1,8,8.0,0,0,1,1.7,1.7,0.6%,HOU,houston_texans,2022,Houston Texans
81,Jerome Ford,8,12.0,1.5,9,0,0,0,0,0,0.0,0,0,13,1.2,0.1,36.7%,CLE,cleveland_browns,2022,Cleveland Browns
82,Jakob Johnson,0,0.0,0.0,0,0,0,5,6,10,2.0,0,0,11,1.0,0.1,0.0%,HOU,houston_texans,2022,Houston Texans
83,Troy Hairston Ii,0,0.0,0.0,0,0,0,5,8,19,3.8,0,0,12,0.5,0.0,1.1%,CLE,cleveland_browns,2022,Cleveland Browns
84,Demetric Felton Jr.,1,-4.0,-4.0,0,0,0,2,4,8,4.0,0,0,6,0.4,0.1,0.0%,WAS,washington_commanders,2022,Washington Commanders
85,Rico Dowdle,0,0.0,0.0,0,0,0,0,0,0,0.0,0,0,2,0.0,0.0,41.0%,CAR,carolina_panthers,2022,Carolina Panthers
86,Jashaun Corbin,0,0.0,0.0,0,0,0,0,0,0,0.0,0,0,2,0.0,0.0,0.0%,ATL,atlanta_falcons,2022,Atlanta Falcons
87,Velus Jones Jr.,9,103.0,11.4,42,1,1,7,14,107,15.3,1,3,11,0.0,0.0,0.0%,NO,new_orleans_saints,2022,New Orleans Saints
88,Andrew Beck,2,0.0,0.0,1,0,0,5,11,69,13.8,0,0,9,0.0,0.0,0.0%,NYJ,new_york_jets,2022,New York Jets
1,Christian Mccaffrey,272,0.0,5.4,72,9,14,67,83,564,8.4,7,2,16,324.3,20.3,98.5%,SF,san_francisco_49ers,2023,San Francisco 49ers
2,Raheem Mostert,209,0.0,4.8,49,7,18,25,32,175,7.0,3,1,15,242.7,16.2,15.3%,LV,las_vegas_raiders,2023,Las Vegas Raiders
3,Travis Etienne Jr.,267,0.0,3.8,62,6,11,58,73,476,8.2,1,0,17,224.4,13.2,84.0%,JAC,jacksonville_jaguars,2023,Jacksonville Jaguars
4,Kyren Williams,228,0.0,5.0,56,7,12,32,48,206,6.4,3,2,12,223.0,18.6,97.7%,LAR,los_angeles_rams,2023,Los Angeles Rams
5,Derrick Henry,280,0.0,4.2,69,5,12,28,36,214,7.6,0,0,17,218.7,12.9,98.7%,BAL,baltimore_ravens,2023,Baltimore Ravens
6,Joe Mixon,257,0.0,4.0,44,3,9,52,64,376,7.2,3,0,17,215.0,12.6,96.9%,HOU,houston_texans,2023,Houston Texans
7,Breece Hall,223,994.0,4.5,83,7,5,76,95,591,7.8,4,0,17,214.5,12.6,96.7%,NYJ,new_york_jets,2023,New York Jets
8,Rachaad White,272,990.0,3.6,38,3,6,64,70,549,8.6,3,2,17,203.9,12.0,74.1%,TB,tampa_bay_buccaneers,2023,Tampa Bay Buccaneers
9,David Montgomery,219,0.0,4.6,75,4,13,16,24,117,7.3,0,1,14,191.2,13.7,94.0%,DET,detroit_lions,2023,Detroit Lions
10,Jahmyr Gibbs,182,945.0,5.2,36,10,10,52,71,316,6.1,1,1,15,190.1,12.7,99.0%,DET,detroit_lions,2023,Detroit Lions
11,James Cook,237,0.0,4.7,42,6,2,44,54,445,10.1,4,2,17,188.7,11.1,97.7%,BUF,buffalo_bills,2023,Buffalo Bills
12,Bijan Robinson,214,976.0,4.6,38,7,4,58,86,487,8.4,4,3,17,188.3,11.1,98.7%,ATL,atlanta_falcons,2023,Atlanta Falcons
13,Saquon Barkley,247,962.0,3.9,36,7,6,41,60,280,6.8,4,2,14,182.2,13.0,99.0%,PHI,philadelphia_eagles,2023,Philadelphia Eagles
14,James Conner,208,0.0,5.0,44,11,7,27,33,165,6.1,2,0,13,174.5,13.4,93.3%,ARI,arizona_cardinals,2023,Arizona Cardinals
15,Kenneth Walker Iii,219,905.0,4.1,45,7,8,29,37,259,8.9,1,0,15,170.4,11.4,94.5%,SEA,seattle_seahawks,2023,Seattle Seahawks
16,Isiah Pacheco,205,935.0,4.6,48,6,7,44,49,244,5.5,2,1,14,169.9,12.1,90.9%,KC,kansas_city_chiefs,2023,Kansas City Chiefs
17,Tony Pollard,252,0.0,4.0,31,6,6,55,67,311,5.7,0,1,17,167.6,9.9,88.8%,TEN,tennessee_titans,2023,Tennessee Titans
18,Jerome Ford,204,813.0,4.0,69,5,4,44,63,319,7.3,5,1,17,167.2,9.8,36.7%,CLE,cleveland_browns,2023,Cleveland Browns
19,Najee Harris,255,0.0,4.1,25,8,8,29,38,170,5.9,0,1,17,166.5,9.8,83.5%,LAC,los_angeles_chargers,2023,Los Angeles Chargers
20,De'Von Achane,103,800.0,7.8,76,8,8,27,37,197,7.3,3,1,11,163.7,14.9,98.3%,MIA,miami_dolphins,2023,Miami Dolphins
21,Brian Robinson Jr.,178,733.0,4.1,29,4,5,36,43,368,10.2,4,2,15,162.1,10.8,87.3%,WAS,washington_commanders,2023,Washington Commanders
22,D'Andre Swift,229,0.0,4.6,43,6,5,39,49,214,5.5,1,1,16,160.3,10.0,89.8%,CHI,chicago_bears,2023,Chicago Bears
23,Alvin Kamara,180,694.0,3.9,17,0,5,75,86,466,6.2,1,0,13,158.0,12.2,95.0%,NO,new_orleans_saints,2023,New Orleans Saints
24,Josh Jacobs,233,805.0,3.5,63,3,6,37,54,296,8.0,0,1,13,144.1,11.1,98.5%,GB,green_bay_packers,2023,Green Bay Packers
25,Chuba Hubbard,238,902.0,3.8,22,4,5,39,44,233,6.0,0,0,17,143.5,8.4,94.9%,CAR,carolina_panthers,2023,Carolina Panthers
26,Zack Moss,183,794.0,4.3,56,6,5,27,37,192,7.1,2,0,14,142.6,10.2,16.8%,CIN,cincinnati_bengals,2023,Cincinnati Bengals
27,Jonathan Taylor,169,741.0,4.4,49,4,7,19,23,153,8.1,1,0,10,137.4,13.7,98.3%,IND,indianapolis_colts,2023,Indianapolis Colts
28,Devin Singletary,216,898.0,4.2,34,3,4,30,38,193,6.4,0,0,17,137.3,8.1,7.9%,NYG,new_york_giants,2023,New York Giants
29,Jaylen Warren,149,784.0,5.3,74,6,4,61,74,370,6.1,0,2,17,135.4,8.0,85.6%,PIT,pittsburgh_steelers,2023,Pittsburgh Steelers
30,Austin Ekeler,179,628.0,3.5,55,3,5,51,74,436,8.5,1,4,14,134.4,9.6,69.0%,WAS,washington_commanders,2023,Washington Commanders
31,Javonte Williams,217,774.0,3.6,31,2,3,47,58,228,4.9,2,1,16,132.2,8.3,79.5%,DAL,dallas_cowboys,2023,Dallas Cowboys
32,Tyler Allgeier,186,683.0,3.7,31,2,4,18,23,193,10.7,1,0,17,119.6,7.0,49.2%,ATL,atlanta_falcons,2023,Atlanta Falcons
33,Rhamondre Stevenson,156,619.0,4.0,64,1,4,38,51,238,6.3,0,1,12,107.7,9.0,82.9%,NE,new_england_patriots,2023,New England Patriots
34,Aaron Jones Sr.,142,656.0,4.6,39,3,2,30,43,233,7.8,1,1,11,104.9,9.5,90.4%,MIN,minnesota_vikings,2023,Minnesota Vikings
35,Kareem Hunt,135,411.0,3.0,16,0,9,15,21,84,5.6,0,0,15,103.5,6.9,30.0%,KC,kansas_city_chiefs,2023,Kansas City Chiefs
36,Alexander Mattison,180,700.0,3.9,21,1,0,30,44,192,6.4,3,2,16,103.2,6.5,8.8%,MIA,miami_dolphins,2023,Miami Dolphins
37,Tyjae Spears,100,453.0,4.5,23,3,2,52,70,385,7.4,1,0,17,101.8,6.0,69.7%,TEN,tennessee_titans,2023,Tennessee Titans
38,A.J. Dillon,178,613.0,3.4,40,1,2,22,28,223,10.1,0,0,15,95.6,6.4,5.6%,PHI,philadelphia_eagles,2023,Philadelphia Eagles
39,Khalil Herbert,132,611.0,4.6,38,5,2,20,31,134,6.7,1,1,12,92.5,7.7,6.2%,IND,indianapolis_colts,2023,Indianapolis Colts
40,Justice Hill,84,387.0,4.6,41,2,3,28,39,206,7.4,1,1,16,81.3,5.1,21.4%,BAL,baltimore_ravens,2023,Baltimore Ravens
41,Ty Chandler,102,461.0,4.5,31,3,3,21,25,159,7.6,0,0,16,80.0,5.0,4.8%,MIN,minnesota_vikings,2023,Minnesota Vikings
42,Antonio Gibson,65,265.0,4.1,16,0,1,48,59,389,8.1,2,2,16,79.4,5.0,13.1%,NE,new_england_patriots,2023,New England Patriots
43,Jaleel Mclaughlin,76,410.0,5.4,38,4,1,31,36,160,5.2,2,0,17,75.0,4.4,16.1%,DEN,denver_broncos,2023,Denver Broncos
44,Rico Dowdle,89,361.0,4.1,21,2,2,17,22,144,8.5,2,0,16,74.5,4.7,41.0%,CAR,carolina_panthers,2023,Carolina Panthers
45,Zach Charbonnet,108,462.0,4.3,23,4,1,33,40,209,6.3,0,0,16,73.1,4.6,80.8%,SEA,seattle_seahawks,2023,Seattle Seahawks
46,Samaje Perine,53,238.0,4.5,24,1,1,50,56,455,9.1,0,2,17,71.3,4.2,3.6%,CIN,cincinnati_bengals,2023,Cincinnati Bengals
47,Dameon Pierce,145,416.0,2.9,22,1,2,13,17,101,7.8,0,0,14,69.7,5.0,10.0%,HOU,houston_texans,2023,Houston Texans
48,Roschon Johnson,81,352.0,4.3,29,2,2,34,40,209,6.1,0,0,15,68.1,4.5,28.0%,CHI,chicago_bears,2023,Chicago Bears
49,Kenneth Gainwell,84,364.0,4.3,32,3,2,30,37,183,6.1,0,1,16,67.4,4.2,3.8%,PIT,pittsburgh_steelers,2023,Pittsburgh Steelers
50,Keaton Mitchell,47,396.0,8.4,60,7,2,9,11,93,10.3,0,0,7,60.9,8.7,14.5%,BAL,baltimore_ravens,2023,Baltimore Ravens
51,Miles Sanders,129,432.0,3.3,48,1,1,27,41,154,5.7,0,2,16,60.6,3.8,12.8%,DAL,dallas_cowboys,2023,Dallas Cowboys
52,Zamir White,104,451.0,4.3,43,2,1,15,19,98,6.5,0,1,15,58.9,3.9,11.0%,LV,las_vegas_raiders,2023,Las Vegas Raiders
53,Clyde Edwards-Helaire,70,223.0,3.2,20,1,1,17,22,188,11.1,1,0,15,53.1,3.5,3.2%,NO,new_orleans_saints,2023,New Orleans Saints
54,Emari Demercado,58,284.0,4.9,49,1,2,21,30,119,5.7,0,0,14,52.3,3.7,1.8%,ARI,arizona_cardinals,2023,Arizona Cardinals
55,Jordan Mason,40,206.0,5.2,26,1,3,3,4,31,10.3,0,0,16,41.7,2.6,71.0%,MIN,minnesota_vikings,2023,Minnesota Vikings
56,Elijah Mitchell,75,281.0,3.7,18,0,2,6,8,14,2.3,0,0,11,41.5,3.8,7.3%,KC,kansas_city_chiefs,2023,Kansas City Chiefs
57,Chase Brown,44,179.0,4.1,31,2,0,14,15,156,11.1,1,0,12,39.5,3.3,95.2%,CIN,cincinnati_bengals,2023,Cincinnati Bengals
58,Pierre Strong Jr.,63,291.0,4.6,40,2,1,5,8,47,9.4,0,1,17,37.8,2.2,1.0%,CLE,cleveland_browns,2023,Cleveland Browns
59,Chris Rodriguez Jr.,51,247.0,4.8,16,0,2,2,2,12,6.0,0,1,11,35.9,3.3,2.5%,WAS,washington_commanders,2023,Washington Commanders
60,Cam Akers,60,167.0,2.8,19,0,2,11,12,70,6.4,0,0,7,35.7,5.1,2.9%,NO,new_orleans_saints,2023,New Orleans Saints
61,Michael Carter,30,187.0,6.2,21,1,0,24,31,101,4.2,1,0,15,34.8,2.3,0.9%,ARI,arizona_cardinals,2023,Arizona Cardinals
62,Kendre Miller,41,156.0,3.8,18,0,1,10,11,117,11.7,0,0,8,33.3,4.2,19.4%,NO,new_orleans_saints,2023,New Orleans Saints
63,Cordarrelle Patterson,50,181.0,3.6,18,0,0,9,12,38,4.2,1,0,12,27.9,2.3,1.1%,PIT,pittsburgh_steelers,2023,Pittsburgh Steelers
64,Salvon Ahmed,22,61.0,2.8,10,0,1,16,23,88,5.5,1,0,8,26.9,3.4,0.0%,IND,indianapolis_colts,2023,Indianapolis Colts
65,Ty Johnson,30,132.0,4.4,13,0,0,7,7,62,8.9,1,0,9,25.4,2.8,5.2%,BUF,buffalo_bills,2023,Buffalo Bills
66,Craig Reynolds,41,179.0,4.4,19,0,1,5,5,47,9.4,0,2,15,24.6,1.6,1.1%,DET,detroit_lions,2023,Detroit Lions
67,Kyle Juszczyk,5,6.0,1.2,3,0,0,14,17,119,8.5,2,0,17,24.5,1.4,1.5%,SF,san_francisco_49ers,2023,San Francisco 49ers
68,Darrynton Evans,32,121.0,3.8,13,0,1,7,12,49,7.0,0,0,6,23.0,3.8,0.0%,BUF,buffalo_bills,2023,Buffalo Bills
69,Tank Bigsby,50,132.0,2.6,12,0,2,1,4,6,6.0,0,2,16,21.8,1.4,73.6%,JAC,jacksonville_jaguars,2023,Jacksonville Jaguars
70,Nick Chubb,28,170.0,6.1,20,1,0,4,4,21,5.3,0,0,2,19.1,9.6,39.4%,HOU,houston_texans,2023,Houston Texans
71,Patrick Taylor Jr.,32,141.0,4.4,24,1,0,11,17,49,4.5,0,0,11,19.0,1.7,0.8%,SF,san_francisco_49ers,2023,San Francisco 49ers
72,Trey Sermon,35,160.0,4.6,27,1,0,3,6,13,4.3,0,0,8,17.3,2.2,1.1%,PIT,pittsburgh_steelers,2023,Pittsburgh Steelers
73,Ronnie Rivers,32,129.0,4.0,10,0,0,5,5,22,4.4,0,0,9,15.1,1.7,0.6%,LAR,los_angeles_rams,2023,Los Angeles Rams
74,Tyler Goodson,13,87.0,6.7,31,1,0,6,9,34,5.7,0,0,6,12.1,2.0,1.6%,IND,indianapolis_colts,2023,Indianapolis Colts
75,Alec Ingold,2,0.0,0.0,0,0,0,13,16,119,9.2,0,0,17,11.9,0.7,0.7%,MIA,miami_dolphins,2023,Miami Dolphins
76,Patrick Ricard,0,0.0,0.0,0,0,0,5,7,52,10.4,1,0,17,11.2,0.7,0.8%,BAL,baltimore_ravens,2023,Baltimore Ravens
77,Raheem Blackshear,14,46.0,3.3,9,0,0,6,7,45,7.5,0,0,11,11.1,1.0,1.0%,CAR,carolina_panthers,2023,Carolina Panthers
78,Emanuel Wilson,14,85.0,6.1,31,1,0,4,5,23,5.8,0,0,7,10.8,1.5,3.3%,GB,green_bay_packers,2023,Green Bay Packers
79,Chris Brooks,19,106.0,5.6,52,2,0,0,0,0,0.0,0,0,3,10.6,3.5,0.6%,GB,green_bay_packers,2023,Green Bay Packers
80,Keaontay Ingram,35,74.0,2.1,14,0,0,4,4,26,6.5,0,0,7,10.0,1.4,0.0%,KC,kansas_city_chiefs,2023,Kansas City Chiefs
81,J.K. Dobbins,8,22.0,2.8,4,0,1,2,3,15,7.5,0,0,1,9.7,9.7,64.7%,DEN,denver_broncos,2023,Denver Broncos
82,Hunter Luepke,6,19.0,3.2,9,0,1,3,4,18,6.0,0,0,17,9.7,0.6,0.1%,DAL,dallas_cowboys,2023,Dallas Cowboys
83,Israel Abanikanda,22,70.0,3.2,12,0,0,7,11,43,6.1,0,1,7,9.3,1.3,1.4%,SF,san_francisco_49ers,2023,San Francisco 49ers
84,Dare Ogunbowale,8,35.0,4.4,17,0,0,2,7,18,9.0,0,0,10,8.3,0.8,1.5%,HOU,houston_texans,2023,Houston Texans
85,Deuce Vaughn,23,40.0,1.7,13,0,0,7,7,40,5.7,0,0,7,8.0,1.1,1.6%,DAL,dallas_cowboys,2023,Dallas Cowboys
86,Trayveon Williams,15,69.0,4.6,15,0,0,7,9,10,1.4,0,0,16,7.9,0.5,0.1%,NE,new_england_patriots,2023,New England Patriots
87,Eric Gray,17,48.0,2.8,12,0,0,6,7,22,3.7,0,0,14,7.0,0.5,0.7%,NYG,new_york_giants,2023,New York Giants
88,Gary Brightwell,9,19.0,2.1,5,0,0,5,7,47,9.4,0,0,4,6.6,1.7,0.0%,CIN,cincinnati_bengals,2023,Cincinnati Bengals
89,Michael Burton,7,9.0,1.3,4,0,0,3,3,8,2.7,0,0,17,3.7,0.2,0.1%,DEN,denver_broncos,2023,Denver Broncos
90,Sean Tucker,15,23.0,1.5,7,0,0,2,2,9,4.5,0,0,5,3.2,0.6,8.2%,TB,tampa_bay_buccaneers,2023,Tampa Bay Buccaneers
91,C.J. Ham,1,7.0,7.0,7,0,0,7,9,25,3.6,0,0,17,3.2,0.2,0.6%,MIN,minnesota_vikings,2023,Minnesota Vikings
92,Deejay Dallas,10,36.0,3.6,8,0,0,6,9,26,4.3,0,2,17,2.2,0.1,0.1%,ARI,arizona_cardinals,2023,Arizona Cardinals
93,Zonovan Knight,3,13.0,4.3,8,0,0,1,1,8,8.0,0,0,2,2.1,1.1,0.0%,NYJ,new_york_jets,2023,New York Jets
94,Tyrion Davis-Price,6,21.0,3.5,15,0,0,0,0,0,0.0,0,0,1,2.1,2.1,0.0%,TEN,tennessee_titans,2023,Tennessee Titans
95,Elijah Dotson,4,6.0,1.5,2,0,0,2,2,13,6.5,0,0,1,1.9,1.9,0.0%,ATL,atlanta_falcons,2023,Atlanta Falcons
96,Zach Evans,9,19.0,2.1,5,0,0,0,0,0,0.0,0,0,4,1.9,0.5,1.2%,NYJ,new_york_jets,2023,New York Jets
97,Jashaun Corbin,1,1.0,1.0,1,0,0,3,3,12,4.0,0,0,3,1.3,0.4,0.0%,ATL,atlanta_falcons,2023,Atlanta Falcons
98,Kene Nwangwu,5,13.0,2.6,8,0,0,0,0,0,0.0,0,0,8,1.3,0.2,0.0%,NYJ,new_york_jets,2023,New York Jets
99,Jakob Johnson,0,0.0,0.0,0,0,0,1,2,12,12.0,0,0,8,1.2,0.2,0.0%,HOU,houston_texans,2023,Houston Texans
100,Evan Hull,1,1.0,1.0,1,0,0,1,1,6,6.0,0,0,1,0.7,0.7,1.2%,PIT,pittsburgh_steelers,2023,Pittsburgh Steelers
101,Reggie Gilliam,0,0.0,0.0,0,0,0,1,1,3,3.0,0,0,16,0.3,0.0,0.0%,BUF,buffalo_bills,2023,Buffalo Bills
102,Scott Matlock,0,0.0,0.0,0,0,0,0,0,0,0.0,0,0,12,0.0,0.0,15.9%,LAC,los_angeles_chargers,2023,Los Angeles Chargers
103,Julius Chestnut,0,0.0,0.0,0,0,0,0,0,0,0.0,0,0,2,0.0,0.0,1.2%,TEN,tennessee_titans,2023,Tennessee Titans
104,Ben Vansumeren,0,0.0,0.0,0,0,0,0,0,0,0.0,0,0,5,0.0,0.0,1.3%,PHI,philadelphia_eagles,2023,Philadelphia Eagles
105,Brady Russell,0,0.0,0.0,0,0,0,0,0,0,0.0,0,0,10,0.0,0.0,0.0%,SEA,seattle_seahawks,2023,Seattle Seahawks
106,Velus Jones Jr.,8,51.0,6.4,17,0,0,4,7,20,5.0,0,0,13,0.0,0.0,0.0%,NO,new_orleans_saints,2023,New Orleans Saints
107,Jeremy Mcnichols,0,0.0,0.0,0,0,0,0,0,0,0.0,0,0,2,0.0,0.0,0.8%,WAS,washington_commanders,2023,Washington Commanders
108,Travis Homer,0,0.0,0.0,0,0,0,0,1,0,0.0,0,0,9,0.0,0.0,0.6%,CHI,chicago_bears,2023,Chicago Bears
109,Andrew Beck,5,3.0,0.6,2,0,1,11,13,55,5.0,2,1,13,0.0,0.0,0.0%,NYJ,new_york_jets,2023,New York Jets
1,Saquon Barkley,345,0.0,5.8,72,17,13,33,43,278,8.4,2,1,16,322.3,20.1,99.0%,PHI,philadelphia_eagles,2024,Philadelphia Eagles
2,Derrick Henry,325,0.0,5.9,87,19,16,19,22,193,10.2,2,1,17,317.4,18.7,98.7%,BAL,baltimore_ravens,2024,Baltimore Ravens
3,Jahmyr Gibbs,250,0.0,5.6,70,13,16,52,63,517,9.9,4,1,17,310.9,18.3,99.0%,DET,detroit_lions,2024,Detroit Lions
4,Bijan Robinson,304,0.0,4.8,37,5,14,61,72,431,7.1,1,0,17,280.7,16.5,98.7%,ATL,atlanta_falcons,2024,Atlanta Falcons
5,Josh Jacobs,301,0.0,4.4,38,7,15,36,43,342,9.5,1,3,17,257.1,15.1,98.5%,GB,green_bay_packers,2024,Green Bay Packers
6,Kyren Williams,316,0.0,4.1,30,2,14,34,40,182,5.4,2,3,16,238.1,14.9,97.7%,LAR,los_angeles_rams,2024,Los Angeles Rams
7,James Cook,207,0.0,4.9,65,6,16,32,38,258,8.1,2,0,16,234.7,14.7,97.7%,BUF,buffalo_bills,2024,Buffalo Bills
8,Jonathan Taylor,303,0.0,4.7,70,11,11,18,31,136,7.6,1,1,14,226.7,16.2,98.3%,IND,indianapolis_colts,2024,Indianapolis Colts
9,De'Von Achane,203,907.0,4.5,61,5,6,78,87,592,7.6,6,0,17,221.9,13.1,98.3%,MIA,miami_dolphins,2024,Miami Dolphins
10,James Conner,236,0.0,4.6,53,6,8,47,55,414,8.8,1,1,16,206.8,12.9,93.3%,ARI,arizona_cardinals,2024,Arizona Cardinals
11,Joe Mixon,245,0.0,4.1,59,8,11,36,52,309,8.6,1,0,14,204.5,14.6,96.9%,HOU,houston_texans,2024,Houston Texans
12,Chase Brown,229,990.0,4.3,40,8,7,54,65,360,6.7,4,1,16,201.0,12.6,95.2%,CIN,cincinnati_bengals,2024,Cincinnati Bengals
13,Chuba Hubbard,250,0.0,4.8,38,8,10,43,54,171,4.0,1,3,15,198.6,13.2,94.9%,CAR,carolina_panthers,2024,Carolina Panthers
14,Bucky Irving,207,0.0,5.4,56,8,8,47,52,392,8.3,0,1,17,197.4,11.6,98.4%,TB,tampa_bay_buccaneers,2024,Tampa Bay Buccaneers
15,Alvin Kamara,228,950.0,4.2,24,3,6,68,89,543,8.0,2,0,14,197.3,14.1,95.0%,NO,new_orleans_saints,2024,New Orleans Saints
16,Aaron Jones Sr.,255,0.0,4.5,41,3,5,51,62,408,8.0,2,3,17,190.6,11.2,90.4%,MIN,minnesota_vikings,2024,Minnesota Vikings
17,David Montgomery,185,775.0,4.2,21,1,12,36,38,341,9.5,0,1,14,185.7,13.3,94.0%,DET,detroit_lions,2024,Detroit Lions
18,Breece Hall,209,876.0,4.2,42,3,5,57,76,483,8.5,3,2,16,183.9,11.5,96.7%,NYJ,new_york_jets,2024,New York Jets
19,D'Andre Swift,253,959.0,3.8,56,5,6,42,52,386,9.2,0,0,17,172.5,10.1,89.8%,CHI,chicago_bears,2024,Chicago Bears
20,Najee Harris,263,0.0,4.0,36,9,6,36,48,283,7.9,0,0,17,168.6,9.9,83.5%,LAC,los_angeles_chargers,2024,Los Angeles Chargers
21,J.K. Dobbins,195,905.0,4.6,61,6,9,32,38,153,4.8,0,0,13,159.8,12.3,64.7%,DEN,denver_broncos,2024,Denver Broncos
22,Tony Pollard,260,0.0,4.2,41,6,5,41,57,238,5.8,0,2,16,159.7,10.0,88.8%,TEN,tennessee_titans,2024,Tennessee Titans
23,Rico Dowdle,235,0.0,4.6,27,2,2,39,49,249,6.4,3,2,16,158.8,9.9,41.0%,CAR,carolina_panthers,2024,Carolina Panthers
24,Rachaad White,144,613.0,4.3,56,2,3,51,57,393,7.7,6,3,16,148.6,9.3,74.1%,TB,tampa_bay_buccaneers,2024,Tampa Bay Buccaneers
25,Zach Charbonnet,135,569.0,4.2,51,3,8,42,52,340,8.1,1,0,17,144.9,8.5,80.8%,SEA,seattle_seahawks,2024,Seattle Seahawks
26,Tyrone Tracy Jr.,192,839.0,4.4,45,6,5,38,53,284,7.5,1,2,17,144.3,8.5,86.3%,NYG,new_york_giants,2024,New York Giants
27,Rhamondre Stevenson,207,801.0,3.9,33,2,7,33,41,168,5.1,1,3,15,142.9,9.5,82.9%,NE,new_england_patriots,2024,New England Patriots
28,Brian Robinson Jr.,187,799.0,4.3,40,4,8,20,25,159,8.0,0,2,14,139.8,10.0,87.3%,WAS,washington_commanders,2024,Washington Commanders
29,Kenneth Walker Iii,153,573.0,3.7,28,5,7,46,53,299,6.5,1,0,11,135.2,12.3,94.5%,SEA,seattle_seahawks,2024,Seattle Seahawks
30,Kareem Hunt,200,728.0,3.6,20,1,7,23,32,176,7.7,0,0,13,132.4,10.2,30.0%,KC,kansas_city_chiefs,2024,Kansas City Chiefs
31,Tank Bigsby,168,766.0,4.6,65,4,7,7,12,54,7.7,0,1,16,122.0,7.6,73.6%,JAC,jacksonville_jaguars,2024,Jacksonville Jaguars
32,Javonte Williams,139,513.0,3.7,20,1,4,52,70,346,6.7,0,2,17,105.9,6.2,79.5%,DAL,dallas_cowboys,2024,Dallas Cowboys
33,Jordan Mason,153,789.0,5.2,38,9,3,11,14,91,8.3,0,1,12,104.0,8.7,71.0%,MIN,minnesota_vikings,2024,Minnesota Vikings
34,Alexander Mattison,132,420.0,3.2,24,1,4,36,48,294,8.2,1,1,14,101.4,7.2,8.8%,MIA,miami_dolphins,2024,Miami Dolphins
35,Ray Davis,113,442.0,3.9,23,2,3,17,19,189,11.1,3,0,17,99.1,5.8,45.0%,BUF,buffalo_bills,2024,Buffalo Bills
36,Austin Ekeler,77,367.0,4.8,50,4,4,35,41,366,10.5,0,0,12,97.3,8.1,69.0%,WAS,washington_commanders,2024,Washington Commanders
37,Jerome Ford,104,565.0,5.4,66,5,3,37,43,225,6.1,0,0,14,97.0,6.9,36.7%,CLE,cleveland_browns,2024,Cleveland Browns
38,Tyler Allgeier,137,644.0,4.7,25,4,3,13,13,88,6.8,0,0,17,93.2,5.5,49.2%,ATL,atlanta_falcons,2024,Atlanta Falcons
39,Travis Etienne Jr.,150,558.0,3.7,22,2,2,39,52,254,6.5,0,1,15,91.2,6.1,84.0%,JAC,jacksonville_jaguars,2024,Jacksonville Jaguars
40,Jaylen Warren,120,511.0,4.3,22,1,1,38,47,310,8.2,0,1,15,86.1,5.7,85.6%,PIT,pittsburgh_steelers,2024,Pittsburgh Steelers
41,Justice Hill,47,228.0,4.9,51,2,1,42,51,383,9.1,3,0,15,85.1,5.7,21.4%,BAL,baltimore_ravens,2024,Baltimore Ravens
42,Emanuel Wilson,103,502.0,4.9,21,1,4,11,14,48,4.4,1,0,17,85.0,5.0,3.3%,GB,green_bay_packers,2024,Green Bay Packers
43,Tyjae Spears,84,312.0,3.7,23,1,4,30,35,224,7.5,1,0,12,83.6,7.0,69.7%,TEN,tennessee_titans,2024,Tennessee Titans
44,Antonio Gibson,120,538.0,4.5,45,4,1,23,29,206,9.0,0,0,17,80.4,4.7,13.1%,NE,new_england_patriots,2024,New England Patriots
45,Cam Akers,104,444.0,4.3,58,2,2,14,18,68,4.9,3,1,16,79.2,5.0,2.9%,NO,new_orleans_saints,2024,New Orleans Saints
46,Isaac Guerendo,84,420.0,5.0,76,2,4,15,16,152,10.1,0,1,16,79.2,5.0,55.4%,SF,san_francisco_49ers,2024,San Francisco 49ers
47,Devin Singletary,113,437.0,3.9,43,2,4,21,24,119,5.7,0,2,16,75.6,4.7,7.9%,NYG,new_york_giants,2024,New York Giants
48,Ty Johnson,41,213.0,5.2,19,0,1,18,25,284,15.8,3,0,17,73.7,4.3,5.2%,BUF,buffalo_bills,2024,Buffalo Bills
49,Jaleel Mclaughlin,113,496.0,4.4,21,1,1,24,27,76,3.2,2,1,16,73.2,4.6,16.1%,DEN,denver_broncos,2024,Denver Broncos
50,Braelon Allen,92,334.0,3.6,20,1,2,19,27,148,7.8,1,0,17,66.2,3.9,28.8%,NYJ,new_york_jets,2024,New York Jets
51,Roschon Johnson,55,150.0,2.7,9,0,6,16,20,104,6.5,0,0,13,61.4,4.7,28.0%,CHI,chicago_bears,2024,Chicago Bears
52,Sean Tucker,50,308.0,6.2,36,2,2,9,12,109,12.1,1,0,17,59.7,3.5,8.2%,TB,tampa_bay_buccaneers,2024,Tampa Bay Buccaneers
53,Zack Moss,74,242.0,3.3,16,0,2,23,27,187,8.1,1,1,9,58.9,6.5,16.8%,CIN,cincinnati_bengals,2024,Cincinnati Bengals
54,Nick Chubb,102,332.0,3.3,19,0,3,5,11,31,6.2,1,1,8,58.3,7.3,39.4%,HOU,houston_texans,2024,Houston Texans
55,Jeremy Mcnichols,55,261.0,4.7,28,2,4,9,12,27,3.0,0,0,17,54.8,3.2,0.8%,WAS,washington_commanders,2024,Washington Commanders
56,Samaje Perine,20,92.0,4.6,13,0,1,28,35,322,11.5,1,0,17,53.4,3.1,3.6%,CIN,cincinnati_bengals,2024,Cincinnati Bengals
57,Miles Sanders,55,205.0,3.7,26,1,2,24,30,148,6.2,1,0,11,53.3,4.8,12.8%,DAL,dallas_cowboys,2024,Dallas Cowboys
58,Raheem Mostert,85,278.0,3.3,21,1,2,19,23,161,8.5,0,2,13,51.9,4.0,15.3%,LV,las_vegas_raiders,2024,Las Vegas Raiders
59,Kenneth Gainwell,75,290.0,3.9,20,1,1,16,22,116,7.3,0,0,17,46.6,2.7,3.8%,PIT,pittsburgh_steelers,2024,Pittsburgh Steelers
60,Isiah Pacheco,83,310.0,3.7,34,1,1,12,16,79,6.6,0,0,7,44.9,6.4,90.9%,KC,kansas_city_chiefs,2024,Kansas City Chiefs
61,Audric Estime,76,310.0,4.1,21,1,2,5,5,27,5.4,0,1,13,43.7,3.4,13.3%,DEN,denver_broncos,2024,Denver Broncos
62,Dameon Pierce,40,293.0,7.3,92,2,2,2,4,2,1.0,0,0,11,41.5,3.8,10.0%,HOU,houston_texans,2024,Houston Texans
63,Trey Benson,63,291.0,4.6,20,1,1,6,6,59,9.8,0,0,13,41.0,3.2,47.8%,ARI,arizona_cardinals,2024,Arizona Cardinals
64,Emari Demercado,24,223.0,9.3,53,2,1,16,20,104,6.5,0,0,13,38.7,3.0,1.8%,ARI,arizona_cardinals,2024,Arizona Cardinals
65,Kyle Juszczyk,5,26.0,5.2,14,0,1,19,31,200,10.5,2,1,17,38.6,2.3,1.5%,SF,san_francisco_49ers,2024,San Francisco 49ers
66,Trey Sermon,56,159.0,2.8,17,0,2,16,19,99,6.2,0,0,15,37.8,2.5,1.1%,PIT,pittsburgh_steelers,2024,Pittsburgh Steelers
67,Dare Ogunbowale,30,112.0,3.7,35,1,0,19,28,198,10.4,1,0,17,37.0,2.2,1.5%,HOU,houston_texans,2024,Houston Texans
68,Isaiah Davis,30,174.0,5.8,20,1,1,9,12,75,8.3,1,0,14,36.9,2.6,7.5%,NYJ,new_york_jets,2024,New York Jets
69,Tyler Goodson,32,153.0,4.8,33,1,1,11,15,61,5.5,1,0,16,33.4,2.1,1.6%,IND,indianapolis_colts,2024,Indianapolis Colts
70,Christian Mccaffrey,50,202.0,4.0,19,0,0,15,19,146,9.7,0,1,4,32.8,8.2,98.5%,SF,san_francisco_49ers,2024,San Francisco 49ers
71,Chris Brooks,36,183.0,5.1,23,1,1,11,13,69,6.3,0,0,13,31.2,2.4,0.6%,GB,green_bay_packers,2024,Green Bay Packers
72,Chris Rodriguez Jr.,35,173.0,4.9,25,1,2,1,1,12,12.0,0,0,8,30.5,3.8,2.5%,WAS,washington_commanders,2024,Washington Commanders
73,Hassan Haskins,34,89.0,2.6,12,0,2,3,3,49,16.3,1,1,15,29.8,2.0,0.6%,LAC,los_angeles_chargers,2024,Los Angeles Chargers
74,Kimani Vidal,43,155.0,3.6,19,0,0,5,9,62,12.4,1,0,10,27.7,2.8,5.0%,LAC,los_angeles_chargers,2024,Los Angeles Chargers
75,Patrick Taylor Jr.,39,183.0,4.7,29,1,1,3,11,25,8.3,0,0,9,26.8,3.0,0.8%,SF,san_francisco_49ers,2024,San Francisco 49ers
76,Blake Corum,58,207.0,3.6,12,0,0,7,8,58,8.3,0,0,15,26.5,1.8,29.9%,LAR,los_angeles_rams,2024,Los Angeles Rams
77,Cordarrelle Patterson,32,135.0,4.2,14,0,0,12,14,80,6.7,1,1,13,25.5,2.0,1.1%,PIT,pittsburgh_steelers,2024,Pittsburgh Steelers
78,Michael Carter,35,131.0,3.7,13,0,1,11,11,57,5.2,0,0,4,24.8,6.2,0.9%,ARI,arizona_cardinals,2024,Arizona Cardinals
79,Kendre Miller,39,148.0,3.8,17,0,1,5,8,33,6.6,0,0,7,24.1,3.4,19.4%,NO,new_orleans_saints,2024,New Orleans Saints
80,Jaylen Wright,68,249.0,3.7,20,1,0,3,6,8,2.7,0,1,15,23.7,1.6,35.1%,MIA,miami_dolphins,2024,Miami Dolphins
81,Zamir White,65,183.0,2.8,17,0,1,6,8,30,5.0,0,2,8,23.3,2.9,11.0%,LV,las_vegas_raiders,2024,Las Vegas Raiders
82,Ty Chandler,56,182.0,3.3,25,1,0,6,6,42,7.0,0,0,15,22.4,1.5,4.8%,MIN,minnesota_vikings,2024,Minnesota Vikings
83,Khalil Herbert,36,130.0,3.6,14,0,1,10,11,25,2.5,0,0,12,21.5,1.8,6.2%,IND,indianapolis_colts,2024,Indianapolis Colts
84,Pierre Strong Jr.,26,108.0,4.2,19,0,0,14,22,104,7.4,0,0,13,21.2,1.6,1.0%,CLE,cleveland_browns,2024,Cleveland Browns
85,Sincere Mccormick,39,183.0,4.7,29,1,0,6,7,29,4.8,0,0,4,21.2,5.3,2.1%,LV,las_vegas_raiders,2024,Las Vegas Raiders
86,Kenny Mcintosh,31,172.0,5.5,25,1,0,3,4,22,7.3,0,0,12,19.4,1.6,1.1%,SEA,seattle_seahawks,2024,Seattle Seahawks
87,Michael Burton,7,8.0,1.1,3,0,1,10,10,65,6.5,1,0,17,19.3,1.1,0.1%,DEN,denver_broncos,2024,Denver Broncos
88,Deejay Dallas,9,49.0,5.4,22,1,0,3,3,11,3.7,1,0,16,18.0,1.1,0.1%,ARI,arizona_cardinals,2024,Arizona Cardinals
89,Craig Reynolds,31,139.0,4.5,19,0,0,3,5,40,13.3,0,0,14,17.9,1.3,1.1%,DET,detroit_lions,2024,Detroit Lions
90,Carson Steele,56,183.0,3.3,9,0,0,7,11,26,3.7,0,2,16,16.9,1.1,0.6%,KC,kansas_city_chiefs,2024,Kansas City Chiefs
91,Alec Ingold,10,17.0,1.7,6,0,1,11,12,96,8.7,0,1,15,15.3,1.0,0.7%,MIA,miami_dolphins,2024,Miami Dolphins
92,Hunter Luepke,12,38.0,3.2,10,0,0,12,16,111,9.3,0,0,16,14.9,0.9,0.1%,DAL,dallas_cowboys,2024,Dallas Cowboys
93,Patrick Ricard,0,0.0,0.0,0,0,0,3,5,22,7.3,1,0,17,14.2,0.8,0.8%,BAL,baltimore_ravens,2024,Baltimore Ravens
94,Ronnie Rivers,22,99.0,4.5,12,0,0,5,6,34,6.8,0,0,7,13.3,1.9,0.6%,LAR,los_angeles_rams,2024,Los Angeles Rams
95,Will Shipley,30,82.0,2.7,9,0,0,4,4,35,8.8,0,0,13,11.7,0.9,16.6%,PHI,philadelphia_eagles,2024,Philadelphia Eagles
96,Julius Chestnut,22,102.0,4.6,12,0,0,2,3,11,5.5,0,0,14,11.3,0.8,1.2%,TEN,tennessee_titans,2024,Tennessee Titans
97,Deuce Vaughn,17,70.0,4.1,12,0,0,3,5,18,6.0,0,0,6,8.8,1.5,1.6%,DAL,dallas_cowboys,2024,Dallas Cowboys
98,C.J. Ham,2,10.0,5.0,8,0,1,5,6,35,7.0,0,1,17,8.5,0.5,0.6%,MIN,minnesota_vikings,2024,Minnesota Vikings
99,Raheem Blackshear,15,80.0,5.3,26,1,0,0,0,0,0.0,0,0,16,8.0,0.5,1.0%,CAR,carolina_panthers,2024,Carolina Panthers
100,Eric Gray,14,31.0,2.2,6,0,0,10,11,82,8.2,0,2,16,7.3,0.5,0.7%,NYG,new_york_giants,2024,New York Giants
101,Clyde Edwards-Helaire,13,46.0,3.5,12,0,0,3,5,24,8.0,0,0,2,7.0,3.5,3.2%,NO,new_orleans_saints,2024,New Orleans Saints
102,Tyler Badie,11,86.0,7.8,43,1,0,3,3,-2,-0.7,0,1,3,6.4,2.1,0.7%,DEN,denver_broncos,2024,Denver Broncos
103,Kene Nwangwu,0,0.0,0.0,0,0,0,0,0,0,0.0,0,0,2,6.0,3.0,0.0%,NYJ,new_york_jets,2024,New York Jets
104,Keaton Mitchell,15,30.0,2.0,7,0,0,1,1,28,28.0,0,0,4,5.8,1.5,14.5%,BAL,baltimore_ravens,2024,Baltimore Ravens
105,Sione Vaki,6,14.0,2.3,7,0,0,3,3,37,12.3,0,0,12,5.1,0.4,0.6%,DET,detroit_lions,2024,Detroit Lions
106,Jonathon Brooks,9,22.0,2.4,9,0,0,3,3,23,7.7,0,0,3,4.5,1.5,8.0%,CAR,carolina_panthers,2024,Carolina Panthers
107,J.J. Taylor,10,44.0,4.4,9,0,0,2,3,0,0.0,0,0,4,4.4,1.1,0.6%,HOU,houston_texans,2024,Houston Texans
108,Travis Homer,6,23.0,3.8,6,0,0,3,3,11,3.7,0,0,9,3.4,0.4,0.6%,CHI,chicago_bears,2024,Chicago Bears
109,Terrell Jennings,13,33.0,2.5,7,0,0,0,1,0,0.0,0,0,2,3.3,1.7,0.1%,NE,new_england_patriots,2024,New England Patriots
110,Rasheen Ali,10,31.0,3.1,9,0,0,0,2,0,0.0,0,0,5,3.1,0.6,1.1%,BAL,baltimore_ravens,2024,Baltimore Ravens
111,Blake Watson,4,10.0,2.5,7,0,0,1,2,13,13.0,0,0,3,2.3,0.8,1.3%,DEN,denver_broncos,2024,Denver Broncos
112,Marshawn Lloyd,6,15.0,2.5,5,0,0,1,1,3,3.0,0,0,1,1.8,1.8,22.9%,GB,green_bay_packers,2024,Green Bay Packers
113,George Holani,3,10.0,3.3,8,0,0,1,1,-1,-1.0,0,0,3,0.9,0.3,0.0%,SEA,seattle_seahawks,2024,Seattle Seahawks
114,Cody Schrader,1,3.0,3.0,3,0,0,1,1,6,6.0,0,0,1,0.9,0.9,1.0%,LAR,los_angeles_rams,2024,Los Angeles Rams
115,Chris Collier,5,12.0,2.4,4,0,0,1,2,-4,-4.0,0,0,6,0.8,0.1,0.0%,LV,las_vegas_raiders,2024,Las Vegas Raiders
116,Tyrion Davis-Price,3,7.0,2.3,5,0,0,0,0,0,0.0,0,0,1,0.7,0.7,0.0%,TEN,tennessee_titans,2024,Tennessee Titans
117,Reggie Gilliam,3,7.0,2.3,4,0,0,0,0,0,0.0,0,0,14,0.7,0.1,0.0%,BUF,buffalo_bills,2024,Buffalo Bills
118,Darrynton Evans,3,3.0,1.0,4,0,0,0,0,0,0.0,0,0,2,0.3,0.2,0.0%,BUF,buffalo_bills,2024,Buffalo Bills
119,British Brooks,1,2.0,2.0,2,0,0,0,0,0,0.0,0,0,3,0.2,0.1,0.0%,HOU,houston_texans,2024,Houston Texans
120,Kazmeir Allen,0,0.0,0.0,0,0,0,0,0,0,0.0,0,0,1,0.0,0.0,0.0%,WAS,washington_commanders,2024,Washington Commanders
121,Scott Matlock,0,0.0,0.0,0,0,0,4,5,28,7.0,0,0,17,0.0,0.0,15.9%,LAC,los_angeles_chargers,2024,Los Angeles Chargers
122,Troy Hairston Ii,0,0.0,0.0,0,0,0,0,0,0,0.0,0,0,2,0.0,0.0,1.1%,CLE,cleveland_browns,2024,Cleveland Browns
123,Colson Yankoff,0,0.0,0.0,0,0,0,0,0,0,0.0,0,0,4,0.0,0.0,1.1%,WAS,washington_commanders,2024,Washington Commanders
124,Dante Miller,0,0.0,0.0,0,0,0,0,0,0,0.0,0,0,2,0.0,0.0,0.0%,NYG,new_york_giants,2024,New York Giants
125,Brady Russell,0,0.0,0.0,0,0,0,0,0,0,0.0,0,0,11,0.0,0.0,0.0%,SEA,seattle_seahawks,2024,Seattle Seahawks
126,Ben Vansumeren,0,0.0,0.0,0,0,0,1,1,0,0.0,0,0,7,0.0,0.0,1.3%,PHI,philadelphia_eagles,2024,Philadelphia Eagles
127,Kendall Milton,0,0.0,0.0,0,0,0,0,0,0,0.0,0,0,2,0.0,0.0,0.0%,CIN,cincinnati_bengals,2024,Cincinnati Bengals
128,D.J. Williams,0,0.0,0.0,0,0,0,0,0,0,0.0,0,0,1,0.0,0.0,0.0%,TB,tampa_bay_buccaneers,2024,Tampa Bay Buccaneers
129,Keilan Robinson,0,0.0,0.0,0,0,0,0,0,0,0.0,0,0,1,0.0,0.0,0.1%,PHI,philadelphia_eagles,2024,Philadelphia Eagles
130,Velus Jones Jr.,3,11.0,3.7,6,0,0,1,1,8,8.0,0,1,2,0.0,0.0,0.0%,NO,new_orleans_saints,2024,New Orleans Saints
131,Avery Williams,0,0.0,0.0,0,0,0,0,0,0,0.0,0,0,17,0.0,0.0,0.6%,PHI,philadelphia_eagles,2024,Philadelphia Eagles
132,Gary Brightwell,0,0.0,0.0,0,0,0,0,0,0,0.0,0,0,1,0.0,0.0,0.0%,CIN,cincinnati_bengals,2024,Cincinnati Bengals
133,Keaontay Ingram,0,0.0,0.0,0,0,0,0,0,0,0.0,0,0,1,0.0,0.0,0.0%,KC,kansas_city_chiefs,2024,Kansas City Chiefs
134,Trayveon Williams,0,0.0,0.0,0,0,0,0,0,0,0.0,0,0,5,0.0,0.0,0.1%,NE,new_england_patriots,2024,New England Patriots
135,Andrew Beck,0,0.0,0.0,0,0,0,0,2,0,0.0,0,0,2,0.0,0.0,0.0%,NYJ,new_york_jets,2024,New York Jets
136,Jakob Johnson,0,0.0,0.0,0,0,0,0,0,0,0.0,0,0,1,0.0,0.0,0.0%,HOU,houston_texans,2024,Houston Texans
137,Dylan Laube,1,0.0,0.0,0,0,0,0,0,0,0.0,0,1,6,-2.0,-0.3,0.8%,LV,las_vegas_raiders,2024,Las Vegas Raiders
48,Dalvin Cook,312,0.0,5.0,70,6,16,44,54,361,8.2,1,3,14,293.8,21.0,0.6%,FA,free_agent,2020,Free Agent
49,James Robinson,240,0.0,4.5,47,5,7,49,60,344,7.0,3,1,14,201.4,14.4,0.0%,FA,free_agent,2020,Free Agent
50,Ezekiel Elliott,244,979.0,4.0,31,3,6,52,71,338,6.5,2,5,15,171.7,11.4,5.1%,FA,free_agent,2020,Free Agent
51,Kenyan Drake,239,955.0,4.0,69,6,10,25,31,137,5.5,0,1,15,167.2,11.1,1.1%,FA,free_agent,2020,Free Agent
52,Melvin Gordon Iii,215,986.0,4.6,65,5,9,32,44,158,4.9,1,4,15,166.4,11.1,0.0%,FA,free_agent,2020,Free Agent
53,Ronald Jones Ii,192,978.0,5.1,98,6,7,28,42,165,5.9,1,2,14,158.3,11.3,0.0%,FA,free_agent,2020,Free Agent
54,Chris Carson,141,681.0,4.8,29,3,5,37,46,287,7.8,4,0,12,150.8,12.6,0.3%,FA,free_agent,2020,Free Agent
55,Mike Davis,165,642.0,3.9,25,2,6,59,70,373,6.3,2,1,15,147.5,9.8,1.0%,FA,free_agent,2020,Free Agent
56,David Johnson,147,691.0,4.7,48,4,6,33,46,314,9.5,2,1,12,146.5,12.2,0.0%,FA,free_agent,2020,Free Agent
57,Todd Gurley Ii,195,678.0,3.5,35,2,9,25,35,164,6.6,0,0,15,138.2,9.2,0.6%,FA,free_agent,2020,Free Agent
58,Nyheim Hines,89,380.0,4.3,31,3,3,63,76,482,7.7,4,0,16,130.2,8.1,0.1%,FA,free_agent,2020,Free Agent
59,Jeff Wilson Jr.,126,600.0,4.8,34,3,7,13,28,133,10.2,3,2,12,129.3,10.8,1.0%,FA,free_agent,2020,Free Agent
60,Myles Gaskin,142,584.0,4.1,26,3,3,41,47,388,9.5,2,2,10,123.2,12.3,0.0%,FA,free_agent,2020,Free Agent
61,Gus Edwards,144,723.0,5.0,36,8,6,9,13,129,14.3,0,1,16,119.2,7.5,2.2%,FA,free_agent,2020,Free Agent
62,Wayne Gallman Jr.,147,682.0,4.6,60,3,6,21,27,114,5.4,0,0,15,115.6,7.7,0.0%,FA,free_agent,2020,Free Agent
63,Chase Edmonds,97,448.0,4.6,32,4,1,53,67,402,7.6,4,0,16,115.0,7.2,0.0%,FA,free_agent,2020,Free Agent
64,Darrell Henderson Jr.,138,624.0,4.5,40,3,5,16,24,159,9.9,1,0,15,114.3,7.6,0.0%,FA,free_agent,2020,Free Agent
65,Latavius Murray,146,656.0,4.5,36,3,4,23,26,176,7.7,1,0,15,113.2,7.5,0.0%,FA,free_agent,2020,Free Agent
66,Adrian Peterson,156,604.0,3.9,38,4,7,12,18,101,8.4,0,0,16,112.5,7.0,2.0%,FA,free_agent,2020,Free Agent
67,J.D. Mckissic,85,365.0,4.3,17,0,1,80,110,589,7.4,2,1,16,111.4,7.0,1.0%,FA,free_agent,2020,Free Agent
68,Giovani Bernard,124,416.0,3.4,15,0,3,47,59,355,7.6,3,1,16,111.1,6.9,0.0%,FA,free_agent,2020,Free Agent
69,Jamaal Williams,119,505.0,4.2,25,1,2,31,35,236,7.6,1,0,14,96.1,6.9,1.1%,FA,free_agent,2020,Free Agent
70,Leonard Fournette,97,367.0,3.8,46,3,6,36,47,233,6.5,0,0,13,96.0,7.4,0.0%,FA,free_agent,2020,Free Agent
71,Jerick Mckinnon,81,319.0,3.9,55,1,5,33,46,253,7.7,1,0,16,93.2,5.8,0.0%,FA,free_agent,2020,Free Agent
72,Damien Harris,137,691.0,5.0,41,4,2,5,7,52,10.4,0,0,10,86.3,8.6,4.6%,FA,free_agent,2020,Free Agent
73,Malcolm Brown,101,419.0,4.1,19,0,5,23,33,162,7.0,0,1,16,86.1,5.4,0.0%,FA,free_agent,2020,Free Agent
74,Frank Gore,187,653.0,3.5,17,0,2,16,19,89,5.6,0,1,15,84.2,5.6,8.4%,FA,free_agent,2020,Free Agent
75,Rex Burkhead,67,274.0,4.1,18,0,3,25,33,192,7.7,3,0,10,82.6,8.3,10.0%,FA,free_agent,2020,Free Agent
76,Boston Scott,80,374.0,4.7,56,2,1,25,36,212,8.5,1,0,16,70.6,4.4,0.0%,FA,free_agent,2020,Free Agent
77,Brian Hill,100,465.0,4.7,62,3,1,25,30,199,8.0,0,1,16,70.4,4.4,0.0%,FA,free_agent,2020,Free Agent
78,Carlos Hyde,81,356.0,4.4,50,2,4,16,20,93,5.8,0,0,10,68.9,6.9,0.0%,FA,free_agent,2020,Free Agent
79,Devontae Booker,93,423.0,4.5,43,4,3,17,21,84,4.9,0,0,16,68.7,4.3,0.0%,FA,free_agent,2020,Free Agent
80,Sony Michel,79,449.0,5.7,48,4,1,7,9,114,16.3,1,0,9,68.3,7.6,0.0%,FA,free_agent,2020,Free Agent
81,James White,35,121.0,3.5,10,0,2,49,62,375,7.7,1,0,14,67.6,4.8,0.1%,FA,free_agent,2020,Free Agent
82,Kalen Ballage,91,303.0,3.3,17,0,3,29,37,166,5.7,0,0,11,64.9,5.9,0.0%,FA,free_agent,2020,Free Agent
83,Benny Snell Jr.,111,368.0,3.3,30,3,4,10,14,61,6.1,0,1,16,64.9,4.1,0.0%,FA,free_agent,2020,Free Agent
84,Phillip Lindsay,118,502.0,4.3,55,6,1,7,14,28,4.0,0,0,11,59.0,5.4,0.0%,FA,free_agent,2020,Free Agent
85,Le'Veon Bell,82,328.0,4.0,16,0,2,16,20,138,8.6,0,0,11,58.6,5.3,0.2%,FA,free_agent,2020,Free Agent
86,Joshua Kelley,111,354.0,3.2,33,3,2,23,23,148,6.4,0,2,14,58.2,4.2,0.0%,FA,free_agent,2020,Free Agent
87,Duke Johnson Jr.,77,235.0,3.1,23,1,1,28,35,249,8.9,1,2,11,56.4,5.1,0.0%,FA,free_agent,2020,Free Agent
88,Kerryon Johnson,52,181.0,3.5,14,0,2,19,26,187,9.8,1,1,16,52.8,3.3,1.0%,FA,free_agent,2020,Free Agent
89,Peyton Barber,94,258.0,2.7,15,0,4,4,7,12,3.0,0,0,16,51.0,3.2,1.0%,FA,free_agent,2020,Free Agent
90,Jordan Wilkins,84,308.0,3.7,22,1,1,12,16,105,8.8,0,0,15,49.3,3.3,0.0%,FA,free_agent,2020,Free Agent
91,Mark Ingram Ii,72,299.0,4.2,30,2,2,6,8,50,8.3,0,0,11,46.9,4.3,0.6%,FA,free_agent,2020,Free Agent
92,Justin Jackson,59,270.0,4.6,36,3,0,19,24,173,9.1,0,0,9,46.3,5.1,0.0%,FA,free_agent,2020,Free Agent
93,La'Mical Perine,64,232.0,3.6,20,1,2,11,15,63,5.7,0,0,10,41.5,4.2,0.0%,FA,free_agent,2020,Free Agent
94,Ito Smith,63,268.0,4.3,24,1,1,17,26,75,4.4,0,0,14,40.3,2.9,1.0%,FA,free_agent,2020,Free Agent
95,Dion Lewis,29,115.0,4.0,19,0,2,19,30,127,6.7,1,2,16,38.2,2.4,2.0%,FA,free_agent,2020,Free Agent
96,Alfred Morris,55,238.0,4.3,20,1,1,3,4,19,6.3,1,0,9,37.7,4.2,0.0%,FA,free_agent,2020,Free Agent
97,Darrel Williams,39,169.0,4.3,13,0,1,18,26,116,6.4,0,0,16,36.5,2.3,0.0%,FA,free_agent,2020,Free Agent
98,Matt Breida,59,254.0,4.3,24,1,0,9,10,96,10.7,0,1,12,33.0,2.8,0.0%,FA,free_agent,2020,Free Agent
99,Jalen Richard,22,123.0,5.6,20,1,1,19,23,138,7.3,0,0,13,32.1,2.5,1.0%,FA,free_agent,2020,Free Agent
100,Josh Adams,29,157.0,5.4,25,1,2,6,8,29,4.8,0,0,8,30.6,3.8,0.0%,FA,free_agent,2020,Free Agent
101,Jordan Howard,35,60.0,1.7,11,0,4,1,1,-3,-3.0,0,0,7,29.7,4.2,0.0%,FA,free_agent,2020,Free Agent
102,Devonta Freeman,54,172.0,3.2,14,0,1,7,10,58,8.3,0,0,5,29.0,5.8,0.0%,FA,free_agent,2020,Free Agent
103,Rodney Smith,41,156.0,3.8,13,0,1,9,11,59,6.6,0,0,7,27.5,3.9,0.0%,FA,free_agent,2020,Free Agent
104,Darwin Thompson,27,97.0,3.6,14,0,1,7,11,65,9.3,1,1,13,26.2,2.0,0.0%,FA,free_agent,2020,Free Agent
105,Royce Freeman,35,170.0,4.9,23,2,0,12,13,81,6.8,0,0,16,25.1,1.6,0.0%,FA,free_agent,2020,Free Agent
106,Jamycal Hasty,39,148.0,3.8,20,1,1,7,8,33,4.7,0,0,8,24.1,3.0,1.1%,FA,free_agent,2020,Free Agent
107,Chris Thompson,7,20.0,2.9,5,0,0,20,23,146,7.3,1,0,8,22.6,2.8,0.0%,FA,free_agent,2020,Free Agent
108,Ameer Abdullah,8,42.0,5.3,13,0,0,8,9,58,7.3,2,0,16,22.0,1.4,0.8%,FA,free_agent,2020,Free Agent
109,Antonio Williams,12,63.0,5.3,18,0,2,1,1,20,20.0,0,0,1,20.3,20.3,0.0%,FA,free_agent,2020,Free Agent
110,Alex Collins,18,77.0,4.3,13,0,2,1,2,4,4.0,0,0,3,20.1,6.7,19.0%,FA,free_agent,2020,Free Agent
111,Ke'Shawn Vaughn,26,109.0,4.2,19,0,0,5,10,34,6.8,1,1,10,18.3,1.8,0.0%,FA,free_agent,2020,Free Agent
112,D'Ernest Johnson,33,166.0,5.0,28,3,0,3,4,14,4.7,0,0,16,18.0,1.1,1.0%,FA,free_agent,2020,Free Agent
113,Anthony Mcfarland Jr.,33,113.0,3.4,20,1,0,6,10,54,9.0,0,0,11,16.7,1.5,1.1%,FA,free_agent,2020,Free Agent
114,Corey Clement,21,75.0,3.6,7,0,1,5,6,25,5.0,0,0,15,16.0,1.1,0.0%,FA,free_agent,2020,Free Agent
115,D'Onta Foreman,22,95.0,4.3,15,0,0,1,1,5,5.0,1,0,6,16.0,2.7,2.7%,FA,free_agent,2020,Free Agent
116,T.J. Yeldon,10,70.0,7.0,34,1,0,1,4,22,22.0,1,0,3,15.2,5.1,0.0%,FA,free_agent,2020,Free Agent
117,Gabe Nabers,2,7.0,3.5,4,0,0,5,7,25,5.0,2,0,16,15.2,1.0,0.6%,FA,free_agent,2020,Free Agent
118,Tyler Ervin,13,67.0,5.2,21,1,0,11,15,84,7.6,0,0,8,15.1,1.9,0.0%,FA,free_agent,2020,Free Agent
119,Reggie Bonnafon,12,69.0,5.8,22,1,0,2,2,18,9.0,1,0,2,14.7,7.4,0.0%,FA,free_agent,2020,Free Agent
120,Lesean Mccoy,10,31.0,3.1,14,0,0,15,19,101,6.7,0,0,10,13.2,1.3,2.0%,FA,free_agent,2020,Free Agent
121,Mike Boone,11,59.0,5.4,19,0,1,2,2,10,5.0,0,0,16,12.9,0.8,1.0%,FA,free_agent,2020,Free Agent
122,Ty Montgomery Ii,19,101.0,5.3,36,1,0,3,6,27,9.0,0,0,6,12.8,2.1,0.0%,FA,free_agent,2020,Free Agent
123,Ryan Nall,3,0.0,0.0,0,0,0,8,9,67,8.4,1,0,15,12.7,0.8,0.0%,FA,free_agent,2020,Free Agent
124,Deandre Washington,31,91.0,2.9,16,0,0,5,10,30,6.0,0,0,4,12.1,3.0,11.0%,FA,free_agent,2020,Free Agent
125,Patrick Laird,13,72.0,5.5,17,0,0,10,12,68,6.8,0,1,16,12.0,0.8,0.0%,FA,free_agent,2020,Free Agent
126,Troymaine Pope,15,76.0,5.1,26,1,0,8,10,42,5.3,0,0,6,11.8,2.0,0.0%,FA,free_agent,2020,Free Agent
127,Tarik Cohen,14,74.0,5.3,17,0,0,6,9,41,6.8,0,0,3,11.5,3.8,0.0%,FA,free_agent,2020,Free Agent
128,Artavis Pierce,6,34.0,5.7,23,1,1,0,0,0,0.0,0,0,5,9.4,1.9,0.0%,FA,free_agent,2020,Free Agent
129,Tevin Coleman,28,53.0,1.9,12,0,0,4,5,34,8.5,0,0,8,8.7,1.1,0.0%,FA,free_agent,2020,Free Agent
130,C.J. Prosise,10,19.0,1.9,7,0,0,5,5,18,3.6,1,1,10,7.7,0.8,0.0%,FA,free_agent,2020,Free Agent
131,Jaylen Samuels,9,28.0,3.1,6,0,0,9,14,46,5.1,0,0,14,7.4,0.5,0.0%,FA,free_agent,2020,Free Agent
132,Anthony Sherman,3,8.0,2.7,6,0,0,1,2,5,5.0,1,0,12,7.3,0.6,1.2%,FA,free_agent,2020,Free Agent
133,Jonathan Ward,0,0.0,0.0,0,0,0,1,1,11,11.0,1,0,14,7.1,0.5,0.0%,FA,free_agent,2020,Free Agent
134,Buddy Howell,16,64.0,4.0,9,0,0,1,2,3,3.0,0,0,14,6.7,0.5,0.0%,FA,free_agent,2020,Free Agent
135,Keith Smith,4,7.0,1.8,3,0,0,11,15,59,5.4,0,0,16,6.6,0.4,0.0%,FA,free_agent,2020,Free Agent
136,Theo Riddick,6,14.0,2.3,11,0,0,5,6,43,8.6,0,0,5,5.7,1.1,0.0%,FA,free_agent,2020,Free Agent
137,Marlon Mack,4,26.0,6.5,18,0,0,3,3,30,10.0,0,0,1,5.6,5.6,0.0%,FA,free_agent,2020,Free Agent
138,Dontrell Hilliard,9,48.0,5.3,19,0,0,1,1,2,2.0,0,0,7,5.0,0.7,0.0%,FA,free_agent,2020,Free Agent
139,Trenton Cannon,10,33.0,3.3,13,0,0,3,3,16,5.3,0,0,14,4.9,0.4,0.0%,FA,free_agent,2020,Free Agent
140,Devine Ozigbo,1,1.0,1.0,1,0,0,9,9,42,4.7,0,0,8,4.3,0.5,1.0%,FA,free_agent,2020,Free Agent
141,Khari Blasingame,0,0.0,0.0,0,0,0,4,5,39,9.8,0,0,15,3.9,0.3,0.0%,FA,free_agent,2020,Free Agent
142,Elijhaa Penny,6,15.0,2.5,5,0,0,2,3,20,10.0,0,0,14,3.5,0.3,0.0%,FA,free_agent,2020,Free Agent
143,Rashaad Penny,11,34.0,3.1,7,0,0,0,0,0,0.0,0,0,3,3.4,1.1,0.0%,FA,free_agent,2020,Free Agent
144,Bo Scarbrough,6,31.0,5.2,12,0,0,0,0,0,0.0,0,0,1,3.1,3.1,0.0%,FA,free_agent,2020,Free Agent
145,Austin Walter,1,3.0,3.0,3,0,0,1,1,27,27.0,0,0,4,3.0,0.8,0.0%,FA,free_agent,2020,Free Agent
146,Alex Armah Jr.,6,9.0,1.5,3,0,0,5,9,18,3.6,0,0,16,2.7,0.2,0.0%,FA,free_agent,2020,Free Agent
147,Jason Huntley,5,19.0,3.8,10,0,0,1,2,0,0.0,0,0,5,1.9,0.4,0.0%,FA,free_agent,2020,Free Agent
148,Andy Janovich,2,4.0,2.0,2,0,0,2,5,13,6.5,0,0,14,1.7,0.1,0.0%,FA,free_agent,2020,Free Agent
149,Scottie Phillips,2,9.0,4.5,5,0,0,1,1,7,7.0,0,0,8,1.6,0.2,0.0%,FA,free_agent,2020,Free Agent
150,Levante Bellamy,4,11.0,2.8,8,0,0,1,1,5,5.0,0,0,5,1.6,0.3,0.0%,FA,free_agent,2020,Free Agent
151,Dwayne Washington,8,15.0,1.9,5,0,0,0,0,0,0.0,0,0,11,1.5,0.1,0.0%,FA,free_agent,2020,Free Agent
152,Tony Jones Jr.,3,13.0,4.3,6,0,0,0,0,0,0.0,0,0,1,1.3,1.3,0.0%,FA,free_agent,2020,Free Agent
153,Chandler Cox,0,0.0,0.0,0,0,0,2,2,9,4.5,0,0,8,0.9,0.1,0.0%,FA,free_agent,2020,Free Agent
154,D.J. Foster,2,2.0,1.0,2,0,0,1,1,7,7.0,0,0,10,0.9,0.1,0.0%,FA,free_agent,2020,Free Agent
155,Senorise Perry,2,9.0,4.5,6,0,0,0,0,0,0.0,0,0,7,0.9,0.1,0.0%,FA,free_agent,2020,Free Agent
156,Dexter Williams,2,8.0,4.0,5,0,0,0,0,0,0.0,0,0,3,0.8,0.3,0.0%,FA,free_agent,2020,Free Agent
157,Jonathan Williams,1,5.0,5.0,5,0,0,4,4,21,5.3,0,1,5,0.6,0.1,0.0%,FA,free_agent,2020,Free Agent
158,Cullen Gillaspia,0,0.0,0.0,0,0,0,1,1,6,6.0,0,0,7,0.6,0.1,0.0%,FA,free_agent,2020,Free Agent
159,Lamar Miller,0,0.0,0.0,0,0,0,2,2,6,3.0,0,0,1,0.6,0.6,0.0%,FA,free_agent,2020,Free Agent
160,Tony Brooks-James,3,4.0,1.3,4,0,0,0,0,0,0.0,0,0,1,0.4,0.4,0.0%,FA,free_agent,2020,Free Agent
161,Qadree Ollison,1,3.0,3.0,3,0,0,0,0,0,0.0,0,0,3,0.3,0.1,0.0%,FA,free_agent,2020,Free Agent
162,Kirk Merritt,0,0.0,0.0,0,0,0,0,0,0,0.0,0,0,1,0.0,0.0,0.0%,FA,free_agent,2020,Free Agent
163,Sewo Olonilua,0,0.0,0.0,0,0,0,0,0,0,0.0,0,0,2,0.0,0.0,0.0%,FA,free_agent,2020,Free Agent
164,Raymond Calais,0,0.0,0.0,0,0,0,0,0,0,0.0,0,0,4,0.0,0.0,0.0%,FA,free_agent,2020,Free Agent
165,Jake Bargas,0,0.0,0.0,0,0,0,0,0,0,0.0,0,0,1,0.0,0.0,0.0%,FA,free_agent,2020,Free Agent
166,Nathan Cottrell,0,0.0,0.0,0,0,0,0,0,0,0.0,0,0,8,0.0,0.0,0.0%,FA,free_agent,2020,Free Agent
167,Bruce Miller,0,0.0,0.0,0,0,0,1,2,2,2.0,0,0,8,0.0,0.0,1.0%,FA,free_agent,2020,Free Agent
168,Taiwan Jones,0,0.0,0.0,0,0,0,0,2,0,0.0,0,0,13,0.0,0.0,1.0%,FA,free_agent,2020,Free Agent
169,Kenjon Barner,0,0.0,0.0,0,0,0,0,1,0,0.0,0,0,6,0.0,0.0,0.0%,FA,free_agent,2020,Free Agent
170,Trey Edmunds,0,0.0,0.0,0,0,0,0,0,0,0.0,0,0,4,0.0,0.0,0.0%,FA,free_agent,2020,Free Agent
171,Jason Cabinda,1,0.0,0.0,0,0,0,2,3,8,4.0,0,0,16,0.0,0.0,1.1%,FA,free_agent,2020,Free Agent
172,Cethan Carter,0,0.0,0.0,0,0,0,5,7,53,10.6,0,0,15,0.0,0.0,0.0%,FA,free_agent,2020,Free Agent
173,Brandin Bryant,0,0.0,0.0,0,0,0,0,0,0,0.0,0,0,1,0.0,0.0,0.0%,FA,free_agent,2020,Free Agent
174,John Lovett,3,6.0,2.0,4,0,0,0,0,0,0.0,0,0,8,0.0,0.0,0.0%,FA,free_agent,2020,Free Agent
175,Jeremy Cox,0,0.0,0.0,0,0,0,0,0,0,0.0,0,0,7,0.0,0.0,0.0%,FA,free_agent,2020,Free Agent
176,Xavier Jones,0,0.0,0.0,0,0,0,0,0,0,0.0,0,0,13,0.0,0.0,0.0%,FA,free_agent,2020,Free Agent
177,Darius Bradwell,0,0.0,0.0,0,0,0,0,0,0,0.0,0,0,2,0.0,0.0,0.0%,FA,free_agent,2020,Free Agent
178,Javon Leake,0,0.0,0.0,0,0,0,0,0,0,0.0,0,0,1,0.0,0.0,0.0%,FA,free_agent,2020,Free Agent
179,Michael Warren Ii,0,0.0,0.0,0,0,0,0,0,0,0.0,0,0,1,0.0,0.0,1.4%,FA,free_agent,2020,Free Agent
180,Johnny Stanton Iv,0,0.0,0.0,0,0,0,0,0,0,0.0,0,0,1,0.0,0.0,0.0%,FA,free_agent,2020,Free Agent
181,Elijah Holyfield,0,0.0,0.0,0,0,0,0,0,0,0.0,0,0,1,0.0,0.0,0.0%,FA,free_agent,2020,Free Agent
182,Derek Watt,0,0.0,0.0,0,0,0,0,0,0,0.0,0,0,12,0.0,0.0,0.0%,FA,free_agent,2020,Free Agent
183,Wendell Smallwood,0,0.0,0.0,0,0,0,0,0,0,0.0,0,0,1,0.0,0.0,0.0%,FA,free_agent,2020,Free Agent
184,J.P. Holtz,0,0.0,0.0,0,0,0,0,1,0,0.0,0,0,16,0.0,0.0,0.0%,FA,free_agent,2020,Free Agent
185,Adrian Killins Jr.,1,-12.0,-12.0,0,0,0,1,1,2,2.0,0,0,1,-1.0,-1.0,0.0%,FA,free_agent,2020,Free Agent
61,Ezekiel Elliott,237,0.0,4.2,47,3,10,47,65,287,6.1,2,1,17,205.1,12.1,5.1%,FA,free_agent,2021,Free Agent
62,Damien Harris,202,929.0,4.6,64,8,15,18,20,132,7.3,0,2,15,192.1,12.8,4.6%,FA,free_agent,2021,Free Agent
63,Leonard Fournette,180,812.0,4.5,47,5,8,69,84,454,6.6,2,0,14,186.6,13.3,0.0%,FA,free_agent,2021,Free Agent
64,Dalvin Cook,249,0.0,4.7,66,9,6,34,49,224,6.6,0,2,13,172.3,13.3,0.6%,FA,free_agent,2021,Free Agent
65,Melvin Gordon Iii,203,918.0,4.5,70,3,8,28,38,213,7.6,2,3,16,167.2,10.5,0.0%,FA,free_agent,2021,Free Agent
66,Darrel Williams,144,558.0,3.9,21,1,6,47,57,452,9.6,2,0,17,149.0,8.8,0.0%,FA,free_agent,2021,Free Agent
67,James Robinson,164,767.0,4.7,58,4,8,31,46,222,7.2,0,2,14,142.9,10.2,0.0%,FA,free_agent,2021,Free Agent
68,Darrell Henderson Jr.,149,688.0,4.6,29,1,5,29,40,176,6.1,3,0,12,134.4,11.2,0.0%,FA,free_agent,2021,Free Agent
69,Sony Michel,208,845.0,4.1,39,2,4,21,33,128,6.1,1,1,17,125.3,7.4,0.0%,FA,free_agent,2021,Free Agent
70,Myles Gaskin,173,612.0,3.5,30,2,3,49,63,234,4.8,4,1,17,124.6,7.3,0.0%,FA,free_agent,2021,Free Agent
71,Rashaad Penny,119,749.0,6.3,62,11,6,6,8,48,8.0,0,0,10,115.7,11.6,0.0%,FA,free_agent,2021,Free Agent
72,Devonta Freeman,133,576.0,4.3,32,4,5,34,42,190,5.6,1,0,16,112.6,7.0,0.0%,FA,free_agent,2021,Free Agent
73,Devontae Booker,145,593.0,4.1,31,3,2,40,45,268,6.7,1,0,16,104.1,6.5,0.0%,FA,free_agent,2021,Free Agent
74,Chase Edmonds,116,592.0,5.1,54,3,2,43,53,311,7.2,0,1,12,100.3,8.4,0.0%,FA,free_agent,2021,Free Agent
75,Mike Davis,138,503.0,3.6,18,0,3,44,58,259,5.9,1,3,17,94.2,5.5,1.0%,FA,free_agent,2021,Free Agent
76,Jamaal Williams,153,601.0,3.9,20,1,3,26,28,157,6.0,0,0,13,93.8,7.2,1.1%,FA,free_agent,2021,Free Agent
77,Latavius Murray,119,501.0,4.2,46,3,6,10,13,75,7.5,0,0,14,93.6,6.7,0.0%,FA,free_agent,2021,Free Agent
78,Boston Scott,87,373.0,4.3,23,2,7,13,16,83,6.4,0,1,11,85.6,7.8,0.0%,FA,free_agent,2021,Free Agent
79,D'Ernest Johnson,100,534.0,5.3,30,4,3,19,25,137,7.2,0,0,13,85.1,6.5,1.0%,FA,free_agent,2021,Free Agent
80,D'Onta Foreman,133,566.0,4.3,35,4,3,9,11,123,13.7,0,1,9,84.9,9.4,2.7%,FA,free_agent,2021,Free Agent
81,J.D. Mckissic,48,212.0,4.4,15,0,2,43,53,397,9.2,2,0,11,84.9,7.7,1.0%,FA,free_agent,2021,Free Agent
82,Brandon Bolden,44,226.0,5.1,24,2,1,41,49,405,9.9,2,0,16,83.1,5.2,0.0%,FA,free_agent,2021,Free Agent
83,Mark Ingram Ii,160,554.0,3.5,28,2,2,27,35,162,6.0,0,1,14,81.6,5.8,0.6%,FA,free_agent,2021,Free Agent
84,Rex Burkhead,122,427.0,3.5,36,2,3,25,32,186,7.4,0,0,15,79.3,5.3,10.0%,FA,free_agent,2021,Free Agent
85,Nyheim Hines,56,276.0,4.9,34,2,2,40,57,310,7.8,1,2,17,72.6,4.3,0.1%,FA,free_agent,2021,Free Agent
86,Kenyan Drake,63,254.0,4.0,21,1,2,30,40,291,9.7,1,0,12,72.5,6.0,1.1%,FA,free_agent,2021,Free Agent
87,Ronald Jones Ii,101,428.0,4.2,30,1,4,10,13,64,6.4,0,2,15,69.2,4.6,0.0%,FA,free_agent,2021,Free Agent
88,Justin Jackson,68,364.0,5.4,75,2,2,22,25,178,8.1,0,1,14,64.2,4.6,0.0%,FA,free_agent,2021,Free Agent
89,Jordan Howard,86,406.0,4.7,25,1,3,2,5,19,9.5,0,0,7,60.5,8.6,0.0%,FA,free_agent,2021,Free Agent
90,Alex Collins,108,411.0,3.8,25,2,2,9,10,87,9.7,0,1,11,59.8,5.4,19.0%,FA,free_agent,2021,Free Agent
91,Duke Johnson Jr.,71,330.0,4.6,27,1,3,4,5,41,10.3,0,0,5,55.1,11.0,0.0%,FA,free_agent,2021,Free Agent
92,Dontrell Hilliard,56,350.0,6.3,68,2,2,19,26,87,4.6,0,1,8,53.7,6.7,0.0%,FA,free_agent,2021,Free Agent
93,Ameer Abdullah,51,166.0,3.3,15,0,0,38,53,289,7.6,1,0,17,51.5,3.0,0.8%,FA,free_agent,2021,Free Agent
94,David Johnson,67,228.0,3.4,15,0,0,32,42,225,7.0,1,1,13,49.3,3.8,0.0%,FA,free_agent,2021,Free Agent
95,Derrick Gore,51,256.0,5.0,51,2,2,8,9,105,13.1,0,0,8,48.1,6.0,0.0%,FA,free_agent,2021,Free Agent
96,Damien Williams,40,164.0,4.1,23,1,2,16,23,103,6.4,1,0,12,44.7,3.7,0.0%,FA,free_agent,2021,Free Agent
97,Jeff Wilson Jr.,79,294.0,3.7,17,0,2,7,8,31,4.4,0,0,9,44.5,4.9,1.0%,FA,free_agent,2021,Free Agent
98,Chris Carson,54,232.0,4.3,33,2,3,6,6,29,4.8,0,1,4,42.1,10.5,0.3%,FA,free_agent,2021,Free Agent
99,Phillip Lindsay,88,249.0,2.8,35,1,1,4,5,45,11.3,1,0,14,41.4,3.0,0.0%,FA,free_agent,2021,Free Agent
100,Tevin Coleman,84,356.0,4.2,20,1,0,11,16,49,4.5,0,0,11,40.5,3.7,0.0%,FA,free_agent,2021,Free Agent
101,Peyton Barber,55,212.0,3.9,27,1,2,10,13,67,6.7,0,0,10,39.9,4.0,1.0%,FA,free_agent,2021,Free Agent
102,Giovani Bernard,8,58.0,7.3,24,1,0,23,29,123,5.3,3,0,10,36.1,3.6,0.0%,FA,free_agent,2021,Free Agent
103,Matt Breida,26,125.0,4.8,28,1,1,7,9,72,10.3,2,1,7,35.7,5.1,0.0%,FA,free_agent,2021,Free Agent
104,Chris Evans,17,77.0,4.5,13,0,0,15,17,151,10.1,2,0,9,34.8,3.9,0.0%,FA,free_agent,2021,Free Agent
105,Carlos Hyde,72,253.0,3.5,18,0,1,12,22,65,5.4,0,2,12,33.8,2.8,0.0%,FA,free_agent,2021,Free Agent
106,Le'Veon Bell,39,101.0,2.6,12,0,2,5,7,30,6.0,1,0,8,33.1,4.1,0.2%,FA,free_agent,2021,Free Agent
107,Ty'Son Williams,35,185.0,5.3,35,2,1,9,12,84,9.3,0,0,8,32.9,4.1,1.2%,FA,free_agent,2021,Free Agent
108,Ke'Shawn Vaughn,36,180.0,5.0,55,1,2,4,8,26,6.5,0,0,6,32.6,5.4,0.0%,FA,free_agent,2021,Free Agent
109,Elijhaa Penny,24,99.0,4.1,12,0,1,9,13,30,3.3,1,0,13,26.9,2.1,0.0%,FA,free_agent,2021,Free Agent
110,Jamycal Hasty,16,68.0,4.3,21,1,1,23,29,157,6.8,0,1,11,26.5,2.4,1.1%,FA,free_agent,2021,Free Agent
111,Royce Freeman,56,169.0,3.0,13,0,0,10,16,77,7.7,0,0,12,24.6,2.1,0.0%,FA,free_agent,2021,Free Agent
112,Corey Clement,33,140.0,4.2,38,1,0,6,7,29,4.8,1,0,11,22.9,2.1,0.0%,FA,free_agent,2021,Free Agent
113,Jerick Mckinnon,12,62.0,5.2,18,0,0,13,20,107,8.2,1,0,9,22.9,2.5,0.0%,FA,free_agent,2021,Free Agent
114,Adrian Peterson,38,98.0,2.6,16,0,2,4,4,8,2.0,0,0,4,22.6,5.7,2.0%,FA,free_agent,2021,Free Agent
115,Eno Benjamin,34,118.0,3.5,21,1,1,6,7,42,7.0,0,0,8,22.0,2.8,0.0%,FA,free_agent,2021,Free Agent
116,Jermar Jefferson,15,74.0,4.9,28,1,2,4,5,23,5.8,0,0,5,21.7,4.3,0.6%,FA,free_agent,2021,Free Agent
117,Malcolm Brown,33,125.0,3.8,24,1,1,3,5,10,3.3,0,0,6,19.5,3.3,0.0%,FA,free_agent,2021,Free Agent
118,James White,10,38.0,3.8,10,0,1,12,14,94,7.8,0,0,3,19.2,6.4,0.1%,FA,free_agent,2021,Free Agent
119,Tony Jones Jr.,54,142.0,2.6,11,0,0,5,8,29,5.8,0,0,10,17.1,1.7,0.0%,FA,free_agent,2021,Free Agent
120,Austin Walter,26,101.0,3.9,14,0,1,2,3,9,4.5,0,0,4,17.0,4.3,0.0%,FA,free_agent,2021,Free Agent
121,Jonathan Williams,17,79.0,4.6,23,1,1,4,6,28,7.0,0,0,5,16.7,3.3,0.0%,FA,free_agent,2021,Free Agent
122,Qadree Ollison,21,105.0,5.0,19,0,1,4,6,12,3.0,0,1,6,15.7,2.6,0.0%,FA,free_agent,2021,Free Agent
123,Larry Rountree Iii,36,87.0,2.4,13,0,1,1,2,-1,-1.0,0,0,10,14.6,1.5,0.0%,FA,free_agent,2021,Free Agent
124,Godwin Igwebuike,18,118.0,6.6,42,1,1,7,10,60,8.6,0,2,15,14.0,0.9,0.0%,FA,free_agent,2021,Free Agent
125,Ty Montgomery Ii,15,44.0,2.9,9,0,0,16,26,95,5.9,0,0,14,13.9,1.0,0.0%,FA,free_agent,2021,Free Agent
126,Wayne Gallman Jr.,28,104.0,3.7,17,0,0,1,3,21,21.0,0,0,9,12.5,1.4,0.0%,FA,free_agent,2021,Free Agent
127,Joshua Kelley,33,102.0,3.1,14,0,0,5,6,38,7.6,0,1,8,12.0,1.5,0.0%,FA,free_agent,2021,Free Agent
128,Jalen Richard,9,40.0,4.4,23,1,0,12,14,72,6.0,0,0,9,11.2,1.2,1.0%,FA,free_agent,2021,Free Agent
129,Benny Snell Jr.,36,98.0,2.7,9,0,0,2,4,13,6.5,0,0,16,11.1,0.7,0.0%,FA,free_agent,2021,Free Agent
130,Marlon Mack,28,101.0,3.6,22,1,0,2,5,8,4.0,0,0,6,10.9,1.8,0.0%,FA,free_agent,2021,Free Agent
131,Ryquell Armstead,15,80.0,5.3,26,1,0,3,4,16,5.3,0,0,2,9.6,4.8,0.2%,FA,free_agent,2021,Free Agent
132,Deon Jackson,13,31.0,2.4,10,0,1,0,0,0,0.0,0,0,5,9.1,1.8,0.0%,FA,free_agent,2021,Free Agent
133,Jaquan Hardy,4,29.0,7.3,22,1,1,0,0,0,0.0,0,0,2,8.9,4.5,0.0%,FA,free_agent,2021,Free Agent
134,Andy Janovich,2,0.0,0.0,1,0,1,3,4,9,3.0,0,0,6,8.9,1.5,0.0%,FA,free_agent,2021,Free Agent
135,Keith Smith,9,31.0,3.4,8,0,0,9,10,56,6.2,0,0,13,8.7,0.7,0.0%,FA,free_agent,2021,Free Agent
136,Alex Armah Jr.,5,21.0,4.2,9,0,0,1,1,1,1.0,1,0,10,8.2,0.8,0.0%,FA,free_agent,2021,Free Agent
137,Johnny Stanton Iv,3,5.0,1.7,3,0,0,2,2,7,3.5,1,0,3,7.2,2.4,0.0%,FA,free_agent,2021,Free Agent
138,Jonathan Ward,9,33.0,3.7,7,0,0,3,4,34,11.3,0,0,9,6.7,0.7,0.0%,FA,free_agent,2021,Free Agent
139,Ito Smith,1,4.0,4.0,4,0,1,0,0,0,0.0,0,0,1,6.4,6.4,1.0%,FA,free_agent,2021,Free Agent
140,Mike Boone,4,35.0,8.8,16,0,0,2,2,22,11.0,0,0,3,5.7,1.9,1.0%,FA,free_agent,2021,Free Agent
141,Jason Huntley,13,51.0,3.9,18,0,0,0,1,0,0.0,0,0,1,5.1,5.1,0.0%,FA,free_agent,2021,Free Agent
142,Rodney Smith,0,0.0,0.0,0,0,0,5,5,48,9.6,0,0,1,4.8,4.8,0.0%,FA,free_agent,2021,Free Agent
143,Wendell Smallwood,5,25.0,5.0,13,0,0,4,5,22,5.5,0,0,2,4.7,2.4,0.0%,FA,free_agent,2021,Free Agent
144,Kalen Ballage,12,36.0,3.0,13,0,0,2,7,8,4.0,0,0,9,4.4,0.5,0.0%,FA,free_agent,2021,Free Agent
145,La'Mical Perine,8,31.0,3.9,14,0,0,0,0,0,0.0,0,0,2,3.1,1.6,0.0%,FA,free_agent,2021,Free Agent
146,Kylin Hill,10,24.0,2.4,8,0,0,1,2,5,5.0,0,0,8,2.9,0.4,0.0%,FA,free_agent,2021,Free Agent
147,Dwayne Washington,4,16.0,4.0,5,0,0,2,2,12,6.0,0,0,8,2.8,0.4,0.0%,FA,free_agent,2021,Free Agent
148,Gabe Nabers,3,8.0,2.7,4,0,0,3,3,17,5.7,0,0,7,2.5,0.4,0.6%,FA,free_agent,2021,Free Agent
149,Jaylen Samuels,5,9.0,1.8,3,0,0,3,4,14,4.7,0,0,3,2.3,0.8,0.0%,FA,free_agent,2021,Free Agent
150,Scottie Phillips,6,13.0,2.2,4,0,0,2,3,9,4.5,0,0,3,2.2,0.7,0.0%,FA,free_agent,2021,Free Agent
151,Patrick Laird,1,4.0,4.0,4,0,0,3,3,17,5.7,0,0,3,2.1,0.7,0.0%,FA,free_agent,2021,Free Agent
152,Adam Prentice,3,5.0,1.7,2,0,0,3,3,16,5.3,0,0,5,2.1,0.4,0.0%,FA,free_agent,2021,Free Agent
153,Nick Bawden,0,0.0,0.0,0,0,0,1,1,20,20.0,0,0,1,2.0,2.0,0.0%,FA,free_agent,2021,Free Agent
154,Reggie Bonnafon,1,4.0,4.0,4,0,0,2,2,12,6.0,0,0,1,1.6,1.6,0.0%,FA,free_agent,2021,Free Agent
155,Derek Watt,1,1.0,1.0,1,0,0,3,3,15,5.0,0,0,11,1.6,0.1,0.0%,FA,free_agent,2021,Free Agent
156,Trey Ragas,1,9.0,9.0,9,0,0,2,2,6,3.0,0,0,1,1.5,1.5,0.0%,FA,free_agent,2021,Free Agent
157,Anthony Mcfarland Jr.,3,3.0,1.0,3,0,0,1,1,11,11.0,0,0,3,1.4,0.5,1.1%,FA,free_agent,2021,Free Agent
158,John Kelly Jr.,2,13.0,6.5,11,0,0,0,0,0,0.0,0,0,1,1.3,1.3,0.0%,FA,free_agent,2021,Free Agent
159,Jacques Patrick,2,12.0,6.0,8,0,0,0,0,0,0.0,0,0,1,1.2,1.2,0.0%,FA,free_agent,2021,Free Agent
160,Buddy Howell,5,11.0,2.2,4,0,0,0,0,0,0.0,0,0,5,1.1,0.2,0.0%,FA,free_agent,2021,Free Agent
161,Mekhi Sargent,5,11.0,2.2,3,0,0,0,1,0,0.0,0,0,5,1.1,0.2,0.0%,FA,free_agent,2021,Free Agent
162,Ryan Nall,1,4.0,4.0,4,0,0,1,1,4,4.0,0,0,5,0.8,0.2,0.0%,FA,free_agent,2021,Free Agent
163,Damarea Crockett,3,7.0,2.3,6,0,0,0,0,0,0.0,0,0,1,0.7,0.7,0.0%,FA,free_agent,2021,Free Agent
164,Jake Funk,2,5.0,2.5,6,0,0,0,0,0,0.0,0,0,5,0.5,0.1,0.0%,FA,free_agent,2021,Free Agent
165,Devine Ozigbo,1,-3.0,-3.0,0,0,0,1,1,7,7.0,0,0,2,0.4,0.2,1.0%,FA,free_agent,2021,Free Agent
166,Nathan Cottrell,1,3.0,3.0,3,0,0,0,0,0,0.0,0,0,3,0.3,0.1,0.0%,FA,free_agent,2021,Free Agent
167,Sandro Platzgummer,0,0.0,0.0,0,0,0,0,0,0,0.0,0,0,3,0.0,0.0,1.0%,FA,free_agent,2021,Free Agent
168,Sewo Olonilua,0,0.0,0.0,0,0,0,0,0,0,0.0,0,0,1,0.0,0.0,0.0%,FA,free_agent,2021,Free Agent
169,Artavis Pierce,0,0.0,0.0,0,0,0,0,0,0,0.0,0,0,1,0.0,0.0,0.0%,FA,free_agent,2021,Free Agent
170,Pooka Williams Jr.,0,0.0,0.0,0,0,0,0,0,0,0.0,0,0,1,0.0,0.0,0.0%,FA,free_agent,2021,Free Agent
171,Kirk Merritt,0,0.0,0.0,0,0,0,1,3,13,13.0,0,0,1,0.0,0.0,0.0%,FA,free_agent,2021,Free Agent
172,Josh Johnson,0,0.0,0.0,0,0,0,0,0,0,0.0,0,0,1,0.0,0.0,0.0%,FA,free_agent,2021,Free Agent
173,B.J. Emmons,0,0.0,0.0,0,0,0,0,0,0,0.0,0,0,1,0.0,0.0,0.0%,FA,free_agent,2021,Free Agent
174,Nick Ralston,0,0.0,0.0,0,0,0,0,0,0,0.0,0,0,1,0.0,0.0,0.0%,FA,free_agent,2021,Free Agent
175,Tory Carter,0,0.0,0.0,0,0,0,0,1,0,0.0,0,0,5,0.0,0.0,0.0%,FA,free_agent,2021,Free Agent
176,Gerrid Doaks,0,0.0,0.0,0,0,0,0,0,0,0.0,0,0,4,0.0,0.0,0.0%,FA,free_agent,2021,Free Agent
177,Spencer Brown,0,0.0,0.0,0,0,0,0,0,0,0.0,0,0,1,0.0,0.0,0.0%,FA,free_agent,2021,Free Agent
178,Darius Bradwell,0,0.0,0.0,0,0,0,0,1,0,0.0,0,0,2,0.0,0.0,0.0%,FA,free_agent,2021,Free Agent
179,Taiwan Jones,0,0.0,0.0,0,0,0,0,0,0,0.0,0,0,7,0.0,0.0,1.0%,FA,free_agent,2021,Free Agent
180,Kenjon Barner,4,0.0,0.0,1,0,0,0,0,0,0.0,0,0,3,0.0,0.0,0.0%,FA,free_agent,2021,Free Agent
181,Trey Edmunds,0,0.0,0.0,0,0,0,0,0,0,0.0,0,0,1,0.0,0.0,0.0%,FA,free_agent,2021,Free Agent
182,Jordan Wilkins,0,0.0,0.0,0,0,0,0,0,0,0.0,0,0,2,0.0,0.0,0.0%,FA,free_agent,2021,Free Agent
183,Jason Cabinda,3,23.0,7.7,21,1,0,4,7,16,4.0,1,0,10,0.0,0.0,1.1%,FA,free_agent,2021,Free Agent
184,Elijah Mcguire,0,0.0,0.0,0,0,0,0,0,0,0.0,0,0,3,0.0,0.0,0.0%,FA,free_agent,2021,Free Agent
185,Tarik Cohen,0,0.0,0.0,0,0,0,0,0,0,0.0,0,0,1,0.0,0.0,0.0%,FA,free_agent,2021,Free Agent
186,Brian Hill,0,0.0,0.0,0,0,0,0,0,0,0.0,0,0,1,0.0,0.0,0.0%,FA,free_agent,2021,Free Agent
187,Brandin Bryant,0,0.0,0.0,0,0,0,0,0,0,0.0,0,0,3,0.0,0.0,0.0%,FA,free_agent,2021,Free Agent
188,Cethan Carter,0,0.0,0.0,0,0,0,2,2,16,8.0,0,0,8,0.0,0.0,0.0%,FA,free_agent,2021,Free Agent
189,Sutton Smith,0,0.0,0.0,0,0,0,0,0,0,0.0,0,0,1,0.0,0.0,0.0%,FA,free_agent,2021,Free Agent
190,Cullen Gillaspia,0,0.0,0.0,0,0,0,0,0,0,0.0,0,0,4,0.0,0.0,0.0%,FA,free_agent,2021,Free Agent
191,Darwin Thompson,0,0.0,0.0,0,0,0,0,0,0,0.0,0,0,2,0.0,0.0,0.0%,FA,free_agent,2021,Free Agent
192,Levante Bellamy,0,0.0,0.0,0,0,0,0,0,0,0.0,0,0,1,0.0,0.0,0.0%,FA,free_agent,2021,Free Agent
193,J.P. Holtz,0,0.0,0.0,0,0,0,0,0,0,0.0,0,0,5,0.0,0.0,0.0%,FA,free_agent,2021,Free Agent
194,Nate Mccrary,1,-1.0,-1.0,0,0,0,0,0,0,0.0,0,0,1,-0.1,-0.1,0.0%,FA,free_agent,2021,Free Agent
195,Khari Blasingame,3,6.0,2.0,3,0,0,2,2,4,2.0,0,1,5,-1.0,-0.2,0.0%,FA,free_agent,2021,Free Agent
196,Trenton Cannon,3,4.0,1.3,3,0,0,0,0,0,0.0,0,1,10,-1.6,-0.2,0.0%,FA,free_agent,2021,Free Agent
89,Jamaal Williams,262,0.0,4.1,58,4,17,12,16,73,6.1,0,2,17,213.9,12.6,1.1%,FA,free_agent,2022,Free Agent
90,Dalvin Cook,264,0.0,4.4,81,5,8,39,56,295,7.6,2,4,17,198.8,11.7,0.6%,FA,free_agent,2022,Free Agent
91,Ezekiel Elliott,231,876.0,3.8,27,5,12,17,23,92,5.4,0,0,15,168.8,11.3,5.1%,FA,free_agent,2022,Free Agent
92,Leonard Fournette,189,668.0,3.5,23,1,3,73,83,523,7.2,3,0,16,154.1,9.6,0.0%,FA,free_agent,2022,Free Agent
93,Jerick Mckinnon,72,291.0,4.0,30,2,1,56,71,512,9.1,9,1,17,140.3,8.3,0.0%,FA,free_agent,2022,Free Agent
94,Jeff Wilson Jr.,176,860.0,4.9,41,7,5,22,37,185,8.4,1,2,16,136.5,8.5,1.0%,FA,free_agent,2022,Free Agent
95,Latavius Murray,171,760.0,4.4,52,5,6,27,35,132,4.9,0,0,14,127.2,9.1,0.0%,FA,free_agent,2022,Free Agent
96,D'Onta Foreman,203,914.0,4.5,60,8,5,5,9,26,5.2,0,0,16,126.0,7.9,2.7%,FA,free_agent,2022,Free Agent
97,Kenyan Drake,109,482.0,4.4,40,5,4,17,26,89,5.2,1,0,12,87.1,7.3,1.1%,FA,free_agent,2022,Free Agent
98,James Robinson,110,425.0,3.9,50,4,3,11,14,51,4.6,2,0,11,77.6,7.1,0.0%,FA,free_agent,2022,Free Agent
99,Damien Harris,106,462.0,4.4,30,2,3,17,23,97,5.7,0,0,11,73.9,6.7,4.6%,FA,free_agent,2022,Free Agent
100,Eno Benjamin,77,313.0,4.1,45,1,2,25,34,193,7.7,0,0,13,64.6,5.0,0.0%,FA,free_agent,2022,Free Agent
101,Melvin Gordon Iii,90,318.0,3.5,17,0,2,25,32,223,8.9,0,2,10,62.1,6.2,0.0%,FA,free_agent,2022,Free Agent
102,Gus Edwards,87,433.0,5.0,37,3,3,0,2,0,0.0,0,1,9,59.3,6.6,2.2%,FA,free_agent,2022,Free Agent
103,Chase Edmonds,68,245.0,3.6,28,3,2,16,24,157,9.8,1,0,13,58.2,4.5,0.0%,FA,free_agent,2022,Free Agent
104,Darrell Henderson Jr.,70,283.0,4.0,23,1,3,17,22,102,6.0,0,0,10,56.5,5.7,0.0%,FA,free_agent,2022,Free Agent
105,Dontrell Hilliard,22,145.0,6.6,30,2,0,21,26,177,8.4,4,0,12,56.2,4.7,0.0%,FA,free_agent,2022,Free Agent
106,Deon Jackson,68,236.0,3.5,17,0,1,30,34,209,7.0,1,1,12,54.5,4.5,0.0%,FA,free_agent,2022,Free Agent
107,Nyheim Hines,24,33.0,1.4,9,0,1,30,37,241,8.0,1,0,16,51.4,3.2,0.1%,FA,free_agent,2022,Free Agent
108,Joshua Kelley,69,287.0,4.2,22,1,2,14,25,101,7.2,0,0,12,50.8,4.2,0.0%,FA,free_agent,2022,Free Agent
109,Jamycal Hasty,46,194.0,4.2,61,1,2,21,27,121,5.8,1,0,14,49.5,3.5,1.1%,FA,free_agent,2022,Free Agent
110,Rashaad Penny,57,346.0,6.1,41,5,2,4,5,16,4.0,0,0,5,48.2,9.6,0.0%,FA,free_agent,2022,Free Agent
111,Caleb Huntley,76,366.0,4.8,30,2,1,2,2,3,1.5,0,0,12,42.9,3.6,0.0%,FA,free_agent,2022,Free Agent
112,Boston Scott,54,217.0,4.0,21,1,3,5,6,15,3.0,0,0,15,41.2,2.7,0.0%,FA,free_agent,2022,Free Agent
113,Matt Breida,54,220.0,4.1,18,0,1,20,25,118,5.9,0,0,17,39.8,2.3,0.0%,FA,free_agent,2022,Free Agent
114,Justin Jackson,42,170.0,4.0,27,1,1,12,19,101,8.4,1,0,15,39.1,2.6,0.0%,FA,free_agent,2022,Free Agent
115,Rex Burkhead,26,80.0,3.1,9,0,0,37,51,204,5.5,1,0,15,34.4,2.3,10.0%,FA,free_agent,2022,Free Agent
116,Mark Ingram Ii,62,233.0,3.8,14,0,1,16,18,68,4.3,0,2,10,34.1,3.4,0.6%,FA,free_agent,2022,Free Agent
117,Marlon Mack,16,84.0,5.3,17,0,1,8,10,99,12.4,1,0,8,30.3,3.8,0.0%,FA,free_agent,2022,Free Agent
118,Ameer Abdullah,4,20.0,5.0,7,0,0,25,32,211,8.4,1,0,16,29.1,1.8,0.8%,FA,free_agent,2022,Free Agent
119,J.D. Mckissic,22,95.0,4.3,33,1,0,27,40,173,6.4,0,0,9,28.8,3.2,1.0%,FA,free_agent,2022,Free Agent
120,Malik Davis,38,161.0,4.2,23,2,1,6,7,63,10.5,0,0,6,28.4,4.7,1.1%,FA,free_agent,2022,Free Agent
121,Mike Boone,24,102.0,4.3,18,0,0,9,15,96,10.7,0,0,8,19.8,2.5,1.0%,FA,free_agent,2022,Free Agent
122,Jonathan Williams,37,152.0,4.1,23,1,0,7,10,40,5.7,0,0,9,19.2,2.1,0.0%,FA,free_agent,2022,Free Agent
123,Tevin Coleman,12,26.0,2.2,14,0,1,3,3,44,14.7,1,0,3,19.0,6.3,0.0%,FA,free_agent,2022,Free Agent
124,Brandon Bolden,17,66.0,3.9,12,0,0,10,10,62,6.2,1,0,12,18.8,1.6,0.0%,FA,free_agent,2022,Free Agent
125,Malcolm Brown,18,81.0,4.5,23,1,1,5,6,37,7.4,0,0,7,17.8,2.5,0.0%,FA,free_agent,2022,Free Agent
126,Darrel Williams,21,102.0,4.9,30,1,1,4,8,9,2.3,0,0,5,17.1,3.4,0.0%,FA,free_agent,2022,Free Agent
127,Corey Clement,15,55.0,3.7,12,0,1,5,7,54,10.8,0,0,5,16.9,3.4,0.0%,FA,free_agent,2022,Free Agent
128,Benny Snell Jr.,20,90.0,4.5,16,0,1,2,2,17,8.5,0,0,9,16.7,1.9,0.0%,FA,free_agent,2022,Free Agent
129,Sony Michel,36,106.0,2.9,12,0,0,9,13,53,5.9,0,0,10,15.9,1.6,0.0%,FA,free_agent,2022,Free Agent
130,Ronald Jones Ii,17,70.0,4.1,13,0,1,1,1,22,22.0,0,0,5,15.2,3.0,0.0%,FA,free_agent,2022,Free Agent
131,Derek Watt,9,21.0,2.3,4,0,1,5,5,11,2.2,1,0,12,15.2,1.3,0.0%,FA,free_agent,2022,Free Agent
132,Zander Horvath,4,8.0,2.0,3,0,0,5,8,8,1.6,2,0,8,13.6,1.7,1.2%,FA,free_agent,2022,Free Agent
133,Royce Freeman,41,117.0,2.9,11,0,0,6,8,33,5.5,0,1,5,13.0,2.6,0.0%,FA,free_agent,2022,Free Agent
134,Kevin Harris,18,52.0,2.9,14,0,1,0,0,0,0.0,0,0,5,11.2,2.2,0.0%,FA,free_agent,2022,Free Agent
135,Snoop Conner,12,42.0,3.5,8,0,1,0,0,0,0.0,0,0,5,10.2,2.0,0.0%,FA,free_agent,2022,Free Agent
136,Chris Evans,0,0.0,0.0,0,0,0,3,4,38,12.7,1,0,10,9.8,1.0,0.0%,FA,free_agent,2022,Free Agent
137,Phillip Lindsay,15,49.0,3.3,15,0,0,6,8,19,3.2,0,0,3,8.8,2.9,0.0%,FA,free_agent,2022,Free Agent
138,Jordan Wilkins,13,58.0,4.5,9,0,0,6,8,29,4.8,0,0,4,8.7,2.2,0.0%,FA,free_agent,2022,Free Agent
139,Ty Montgomery Ii,2,-2.0,-1.0,0,0,0,3,4,15,5.0,1,0,1,7.3,7.3,0.0%,FA,free_agent,2022,Free Agent
140,Ke'Shawn Vaughn,17,53.0,3.1,12,0,0,3,4,19,6.3,0,0,9,7.2,0.8,0.0%,FA,free_agent,2022,Free Agent
141,Tony Jones Jr.,10,24.0,2.4,7,0,0,5,8,30,6.0,0,0,3,5.4,1.8,0.0%,FA,free_agent,2022,Free Agent
142,Myles Gaskin,10,26.0,2.6,10,0,0,4,6,28,7.0,0,0,2,5.4,2.7,0.0%,FA,free_agent,2022,Free Agent
143,Isaiah Spiller,18,41.0,2.3,11,0,0,3,3,13,4.3,0,0,5,5.4,1.1,0.0%,FA,free_agent,2022,Free Agent
144,Spencer Brown,9,43.0,4.8,7,0,0,2,4,10,5.0,0,0,2,5.3,2.7,0.0%,FA,free_agent,2022,Free Agent
145,David Johnson,12,24.0,2.0,5,0,0,4,4,47,11.8,0,1,4,5.1,1.3,0.0%,FA,free_agent,2022,Free Agent
146,Dwayne Washington,11,38.0,3.5,8,0,0,1,1,7,7.0,0,0,7,4.5,0.6,0.0%,FA,free_agent,2022,Free Agent
147,Trestan Ebner,24,54.0,2.3,11,0,0,2,8,8,4.0,0,1,11,4.2,0.4,0.0%,FA,free_agent,2022,Free Agent
148,Anthony Mcfarland Jr.,6,30.0,5.0,14,0,0,2,2,11,5.5,0,0,1,4.1,4.1,1.1%,FA,free_agent,2022,Free Agent
149,Larry Rountree Iii,13,19.0,1.5,5,0,0,2,2,14,7.0,0,0,3,3.3,1.1,0.0%,FA,free_agent,2022,Free Agent
150,Jonathan Ward,5,25.0,5.0,12,0,0,2,3,7,3.5,0,0,4,3.2,0.8,0.0%,FA,free_agent,2022,Free Agent
151,Giovani Bernard,8,28.0,3.5,8,0,0,2,2,-1,-0.5,0,0,4,2.7,0.7,0.0%,FA,free_agent,2022,Free Agent
152,D'Ernest Johnson,4,17.0,4.3,7,0,0,3,3,7,2.3,0,0,10,2.4,0.2,1.0%,FA,free_agent,2022,Free Agent
153,Mike Davis,8,18.0,2.3,10,0,0,2,2,4,2.0,0,0,5,2.2,0.4,1.0%,FA,free_agent,2022,Free Agent
154,Adam Prentice,4,9.0,2.3,3,0,0,3,3,9,3.0,0,0,6,1.8,0.3,0.0%,FA,free_agent,2022,Free Agent
155,Keith Smith,1,2.0,2.0,2,0,0,1,2,8,8.0,0,0,10,1.0,0.1,0.0%,FA,free_agent,2022,Free Agent
156,Reggie Bonnafon,3,8.0,2.7,5,0,0,0,0,0,0.0,0,0,1,0.8,0.8,0.0%,FA,free_agent,2022,Free Agent
157,Godwin Igwebuike,3,4.0,1.3,4,0,0,1,1,3,3.0,0,0,5,0.7,0.1,0.0%,FA,free_agent,2022,Free Agent
158,Devine Ozigbo,3,4.0,1.3,4,0,0,1,1,3,3.0,0,0,3,0.7,0.2,1.0%,FA,free_agent,2022,Free Agent
159,Kylin Hill,1,7.0,7.0,7,0,0,0,0,0,0.0,0,0,1,0.7,0.7,0.0%,FA,free_agent,2022,Free Agent
160,Ty'Son Williams,0,0.0,0.0,0,0,0,1,1,5,5.0,0,0,1,0.5,0.5,1.2%,FA,free_agent,2022,Free Agent
161,Duke Johnson Jr.,2,4.0,2.0,4,0,0,0,0,0,0.0,0,0,1,0.4,0.4,0.0%,FA,free_agent,2022,Free Agent
162,Damien Williams,2,2.0,1.0,2,0,0,0,0,0,0.0,0,0,1,0.2,0.2,0.0%,FA,free_agent,2022,Free Agent
163,Jordan Howard,1,1.0,1.0,1,0,0,0,0,0,0.0,0,0,1,0.1,0.1,0.0%,FA,free_agent,2022,Free Agent
164,Jermar Jefferson,0,0.0,0.0,0,0,0,0,0,0,0.0,0,0,1,0.0,0.0,0.6%,FA,free_agent,2022,Free Agent
165,Sandro Platzgummer,0,0.0,0.0,0,0,0,0,0,0,0.0,0,0,1,0.0,0.0,1.0%,FA,free_agent,2022,Free Agent
166,Kirk Merritt,0,0.0,0.0,0,0,0,0,0,0,0.0,0,0,1,0.0,0.0,0.0%,FA,free_agent,2022,Free Agent
167,Bryant Koback,0,0.0,0.0,0,0,0,0,0,0,0.0,0,0,2,0.0,0.0,0.0%,FA,free_agent,2022,Free Agent
168,John Lovett,0,0.0,0.0,0,0,0,0,0,0,0.0,0,0,1,0.0,0.0,1.0%,FA,free_agent,2022,Free Agent
169,Brittain Brown,0,0.0,0.0,0,0,0,0,0,0,0.0,0,0,1,0.0,0.0,1.2%,FA,free_agent,2022,Free Agent
170,Ben Mason,0,0.0,0.0,0,0,0,0,0,0,0.0,0,0,1,0.0,0.0,0.0%,FA,free_agent,2022,Free Agent
171,Jake Funk,0,0.0,0.0,0,0,0,0,0,0,0.0,0,0,1,0.0,0.0,0.0%,FA,free_agent,2022,Free Agent
172,Kenjon Barner,0,0.0,0.0,0,0,0,0,0,0,0.0,0,0,1,0.0,0.0,0.0%,FA,free_agent,2022,Free Agent
173,La'Mical Perine,0,0.0,0.0,0,0,0,0,0,0,0.0,0,0,1,0.0,0.0,0.0%,FA,free_agent,2022,Free Agent
174,Trenton Cannon,0,0.0,0.0,0,0,0,0,0,0,0.0,0,0,2,0.0,0.0,0.0%,FA,free_agent,2022,Free Agent
175,Jason Cabinda,1,4.0,4.0,4,0,0,1,4,5,5.0,0,0,7,0.0,0.0,1.1%,FA,free_agent,2022,Free Agent
176,Brandin Bryant,0,0.0,0.0,0,0,0,0,0,0,0.0,0,0,2,0.0,0.0,0.0%,FA,free_agent,2022,Free Agent
177,Cullen Gillaspia,0,0.0,0.0,0,0,0,0,0,0,0.0,0,0,4,0.0,0.0,0.0%,FA,free_agent,2022,Free Agent
178,Qadree Ollison,0,0.0,0.0,0,0,0,0,0,0,0.0,0,0,3,0.0,0.0,0.0%,FA,free_agent,2022,Free Agent
179,Khari Blasingame,0,0.0,0.0,0,0,0,0,1,0,0.0,0,0,5,0.0,0.0,0.0%,FA,free_agent,2022,Free Agent
180,J.P. Holtz,0,0.0,0.0,0,0,0,0,0,0,0.0,0,0,1,0.0,0.0,0.0%,FA,free_agent,2022,Free Agent
181,Taiwan Jones,0,0.0,0.0,0,0,0,0,0,0,0.0,0,1,7,-2.0,-0.3,1.0%,FA,free_agent,2022,Free Agent
110,Gus Edwards,198,810.0,4.1,42,6,13,12,13,180,15.0,0,2,17,175.0,10.3,2.2%,FA,free_agent,2023,Free Agent
111,Ezekiel Elliott,184,642.0,3.5,17,0,3,51,65,313,6.1,2,1,17,123.5,7.3,5.1%,FA,free_agent,2023,Free Agent
112,D'Onta Foreman,109,425.0,3.9,22,1,4,11,16,77,7.0,1,0,9,80.2,8.9,2.7%,FA,free_agent,2023,Free Agent
113,Latavius Murray,79,300.0,3.8,29,2,4,17,22,119,7.0,0,0,15,65.9,4.4,0.0%,FA,free_agent,2023,Free Agent
114,Jerick Mckinnon,21,60.0,2.9,10,0,1,25,32,192,7.7,4,0,12,59.4,5.0,0.0%,FA,free_agent,2023,Free Agent
115,Joshua Kelley,107,405.0,3.8,49,2,2,8,12,32,4.0,0,1,17,53.7,3.2,0.0%,FA,free_agent,2023,Free Agent
116,Royce Freeman,77,319.0,4.1,23,1,2,1,2,13,13.0,0,0,11,45.2,4.1,0.0%,FA,free_agent,2023,Free Agent
117,Jamaal Williams,106,306.0,2.9,17,0,1,18,20,62,3.4,0,0,13,42.8,3.3,1.1%,FA,free_agent,2023,Free Agent
118,Darrell Henderson Jr.,46,112.0,2.4,16,0,2,10,14,103,10.3,0,0,4,33.5,8.4,0.0%,FA,free_agent,2023,Free Agent
119,Matt Breida,55,151.0,2.7,9,0,1,17,21,88,5.2,0,0,15,29.9,2.0,0.0%,FA,free_agent,2023,Free Agent
120,Jeff Wilson Jr.,41,188.0,4.6,15,0,0,14,17,85,6.1,0,0,9,27.3,3.0,1.0%,FA,free_agent,2023,Free Agent
121,Chase Edmonds,49,176.0,3.6,21,1,0,14,17,81,5.8,0,0,13,25.7,2.0,0.0%,FA,free_agent,2023,Free Agent
122,Dalvin Cook,67,214.0,3.2,14,0,0,15,20,78,5.2,0,2,14,25.2,1.8,0.6%,FA,free_agent,2023,Free Agent
123,Tony Jones Jr.,26,95.0,3.7,19,0,2,7,10,37,5.3,0,0,6,25.2,4.2,0.0%,FA,free_agent,2023,Free Agent
124,D'Ernest Johnson,41,108.0,2.6,19,0,0,10,12,140,14.0,0,0,16,24.8,1.6,1.0%,FA,free_agent,2023,Free Agent
125,Ameer Abdullah,15,89.0,5.9,12,0,0,19,24,131,6.9,0,0,16,22.0,1.4,0.8%,FA,free_agent,2023,Free Agent
126,Kevin Harris,16,65.0,4.1,18,0,1,3,3,58,19.3,0,0,4,18.3,4.6,0.0%,FA,free_agent,2023,Free Agent
127,Damien Harris,23,94.0,4.1,11,0,1,2,2,16,8.0,0,0,7,17.0,2.4,4.6%,FA,free_agent,2023,Free Agent
128,Melvin Gordon Iii,26,81.0,3.1,22,1,1,3,3,46,15.3,0,1,4,16.7,4.2,0.0%,FA,free_agent,2023,Free Agent
129,Isaiah Spiller,37,96.0,2.6,8,0,0,6,6,34,5.7,0,0,9,13.0,1.4,0.0%,FA,free_agent,2023,Free Agent
130,Boston Scott,20,86.0,4.3,18,0,0,4,6,52,13.0,0,1,12,11.8,1.0,0.0%,FA,free_agent,2023,Free Agent
131,Brandon Bolden,4,31.0,7.8,26,1,1,0,0,0,0.0,0,0,5,11.1,2.2,0.0%,FA,free_agent,2023,Free Agent
132,La'Mical Perine,22,77.0,3.5,10,0,0,3,5,33,11.0,0,0,2,11.0,5.5,0.0%,FA,free_agent,2023,Free Agent
133,Nick Bawden,2,4.0,2.0,3,0,1,3,3,21,7.0,0,0,6,8.5,1.4,0.0%,FA,free_agent,2023,Free Agent
134,Mike Boone,5,23.0,4.6,11,0,0,7,9,40,5.7,0,0,9,6.3,0.7,1.0%,FA,free_agent,2023,Free Agent
135,Damien Williams,11,43.0,3.9,9,0,0,2,2,12,6.0,0,0,3,5.5,1.8,0.0%,FA,free_agent,2023,Free Agent
136,Ty Montgomery Ii,3,9.0,3.0,7,0,0,5,12,40,8.0,0,0,11,4.9,0.4,0.0%,FA,free_agent,2023,Free Agent
137,Ke'Shawn Vaughn,24,42.0,1.8,9,0,0,2,5,2,1.0,0,0,5,4.4,0.9,0.0%,FA,free_agent,2023,Free Agent
138,Leonard Fournette,12,40.0,3.3,9,0,0,0,0,0,0.0,0,0,2,4.0,2.0,0.0%,FA,free_agent,2023,Free Agent
139,Rashaad Penny,11,33.0,3.0,7,0,0,1,1,5,5.0,0,0,3,3.8,1.3,0.0%,FA,free_agent,2023,Free Agent
140,Keith Smith,0,0.0,0.0,0,0,0,3,3,33,11.0,0,0,11,3.3,0.3,0.0%,FA,free_agent,2023,Free Agent
141,Khari Blasingame,8,26.0,3.3,6,0,0,3,6,2,0.7,0,0,8,2.8,0.4,0.0%,FA,free_agent,2023,Free Agent
142,Derrick Gore,3,26.0,8.7,23,1,0,0,0,0,0.0,0,0,3,2.6,0.9,0.0%,FA,free_agent,2023,Free Agent
143,Jake Funk,2,10.0,5.0,7,0,0,1,1,12,12.0,0,0,1,2.2,2.2,0.0%,FA,free_agent,2023,Free Agent
144,Devine Ozigbo,3,5.0,1.7,4,0,0,1,1,8,8.0,0,0,1,1.3,1.3,1.0%,FA,free_agent,2023,Free Agent
145,Alex Armah Jr.,0,0.0,0.0,0,0,0,3,3,13,4.3,0,0,4,1.3,0.3,0.0%,FA,free_agent,2023,Free Agent
146,Anthony Mcfarland Jr.,0,0.0,0.0,0,0,0,2,2,11,5.5,0,0,3,1.1,0.4,1.1%,FA,free_agent,2023,Free Agent
147,Kenyan Drake,2,0.0,0.0,0,0,0,2,3,31,15.5,0,1,2,1.1,0.6,1.1%,FA,free_agent,2023,Free Agent
148,Chris Evans,2,12.0,6.0,7,0,0,1,1,-1,-1.0,0,0,3,1.1,0.4,0.0%,FA,free_agent,2023,Free Agent
149,Jonathan Ward,3,11.0,3.7,8,0,0,0,0,0,0.0,0,0,2,1.1,0.6,0.0%,FA,free_agent,2023,Free Agent
150,Adam Prentice,2,12.0,6.0,7,0,0,2,3,12,6.0,0,1,6,0.4,0.1,0.0%,FA,free_agent,2023,Free Agent
151,Kirk Merritt,0,0.0,0.0,0,0,0,0,0,0,0.0,0,0,1,0.0,0.0,0.0%,FA,free_agent,2023,Free Agent
152,James Robinson,1,2.0,2.0,2,0,0,1,1,-2,-2.0,0,0,1,0.0,0.0,0.0%,FA,free_agent,2023,Free Agent
153,Jamycal Hasty,0,0.0,0.0,0,0,0,0,2,0,0.0,0,0,1,0.0,0.0,1.1%,FA,free_agent,2023,Free Agent
154,Mohamed Ibrahim,0,0.0,0.0,0,0,0,0,0,0,0.0,0,0,1,0.0,0.0,0.0%,FA,free_agent,2023,Free Agent
155,Henry Pearson,0,0.0,0.0,0,0,0,0,0,0,0.0,0,0,1,0.0,0.0,0.0%,FA,free_agent,2023,Free Agent
156,Sarodorick Thompson Jr.,0,0.0,0.0,0,0,0,0,0,0,0.0,0,0,1,0.0,0.0,0.0%,FA,free_agent,2023,Free Agent
157,Derek Parish,0,0.0,0.0,0,0,0,0,0,0,0.0,0,0,1,0.0,0.0,0.0%,FA,free_agent,2023,Free Agent
158,Brittain Brown,0,0.0,0.0,0,0,0,0,0,0,0.0,0,0,1,0.0,0.0,1.2%,FA,free_agent,2023,Free Agent
159,Jordan Mims,0,0.0,0.0,0,0,0,0,2,0,0.0,0,0,3,0.0,0.0,0.0%,FA,free_agent,2023,Free Agent
160,Malik Davis,0,0.0,0.0,0,0,0,0,0,0,0.0,0,0,2,0.0,0.0,1.1%,FA,free_agent,2023,Free Agent
161,Bryant Koback,0,0.0,0.0,0,0,0,0,0,0,0.0,0,0,1,0.0,0.0,0.0%,FA,free_agent,2023,Free Agent
162,Jason Cabinda,1,0.0,0.0,0,0,0,0,0,0,0.0,0,0,4,0.0,0.0,1.1%,FA,free_agent,2023,Free Agent
163,Godwin Igwebuike,0,0.0,0.0,0,0,0,0,0,0,0.0,0,0,7,0.0,0.0,0.0%,FA,free_agent,2023,Free Agent
164,Marlon Mack,0,0.0,0.0,0,0,0,0,0,0,0.0,0,0,2,0.0,0.0,0.0%,FA,free_agent,2023,Free Agent
165,Corey Clement,0,0.0,0.0,0,0,0,0,0,0,0.0,0,0,2,0.0,0.0,0.0%,FA,free_agent,2023,Free Agent
166,Austin Walter,0,0.0,0.0,0,0,0,0,0,0,0.0,0,0,1,0.0,0.0,0.0%,FA,free_agent,2023,Free Agent
167,Patrick Laird,0,0.0,0.0,0,0,0,0,0,0,0.0,0,0,2,0.0,0.0,0.0%,FA,free_agent,2023,Free Agent
168,Dwayne Washington,0,0.0,0.0,0,0,0,0,0,0,0.0,0,0,3,0.0,0.0,0.0%,FA,free_agent,2023,Free Agent
169,Jonathan Williams,1,-2.0,-2.0,0,0,0,0,1,0,0.0,0,0,1,-0.2,-0.2,0.0%,FA,free_agent,2023,Free Agent
170,Deon Jackson,14,16.0,1.1,7,0,0,5,6,14,2.8,0,2,2,-1.0,-0.5,0.0%,FA,free_agent,2023,Free Agent
138,Ameer Abdullah,66,311.0,4.7,40,1,2,40,47,261,6.5,3,1,15,85.2,5.7,0.8%,FA,free_agent,2024,Free Agent
139,Gus Edwards,101,365.0,3.6,43,1,4,3,5,6,2.0,0,0,11,61.1,5.6,2.2%,FA,free_agent,2024,Free Agent
140,Ezekiel Elliott,74,226.0,3.1,11,0,3,12,15,69,5.8,0,1,15,45.5,3.0,5.1%,FA,free_agent,2024,Free Agent
141,Jamaal Williams,48,164.0,3.4,14,0,1,9,11,57,6.3,0,0,14,28.1,2.0,1.1%,FA,free_agent,2024,Free Agent
142,D'Onta Foreman,71,232.0,3.3,25,1,0,6,8,54,9.0,0,1,10,26.6,2.7,2.7%,FA,free_agent,2024,Free Agent
143,D'Ernest Johnson,32,143.0,4.5,22,1,0,12,19,96,8.0,0,0,12,23.9,2.0,1.0%,FA,free_agent,2024,Free Agent
144,Jamycal Hasty,20,69.0,3.5,15,0,0,10,12,59,5.9,1,0,12,18.8,1.6,1.1%,FA,free_agent,2024,Free Agent
145,Jordan Mims,20,70.0,3.5,9,0,0,12,18,71,5.9,0,0,8,14.1,1.8,0.0%,FA,free_agent,2024,Free Agent
146,Tony Jones Jr.,4,55.0,13.8,46,1,1,0,0,0,0.0,0,0,1,11.5,11.5,0.0%,FA,free_agent,2024,Free Agent
147,Jeff Wilson Jr.,16,57.0,3.6,14,0,0,3,3,19,6.3,0,0,7,7.6,1.1,1.0%,FA,free_agent,2024,Free Agent
148,Mike Boone,13,51.0,3.9,9,0,0,1,3,-2,-2.0,0,0,5,4.9,1.0,1.0%,FA,free_agent,2024,Free Agent
149,Jacob Kibodi,5,24.0,4.8,17,0,0,1,3,15,15.0,0,0,1,3.9,3.9,0.0%,FA,free_agent,2024,Free Agent
150,Jase Mcclellan,13,32.0,2.5,8,0,0,0,0,0,0.0,0,0,3,3.2,1.1,0.6%,FA,free_agent,2024,Free Agent
151,Jermar Jefferson,6,22.0,3.7,8,0,0,1,1,10,10.0,0,0,2,3.2,1.6,0.6%,FA,free_agent,2024,Free Agent
152,Dalvin Cook,8,20.0,2.5,4,0,0,1,1,10,10.0,0,0,2,3.0,1.5,0.6%,FA,free_agent,2024,Free Agent
153,Jonathan Ward,5,22.0,4.4,7,0,0,0,0,0,0.0,0,0,4,2.2,0.6,0.0%,FA,free_agent,2024,Free Agent
154,Aaron Shampklin,6,17.0,2.8,5,0,0,0,0,0,0.0,0,0,3,1.7,0.6,1.1%,FA,free_agent,2024,Free Agent
155,Tyreik Mcallister,2,11.0,5.5,10,0,0,0,0,0,0.0,0,0,2,1.1,0.6,1.0%,FA,free_agent,2024,Free Agent
156,Myles Gaskin,3,-1.0,-0.3,2,0,0,1,1,11,11.0,0,0,4,1.0,0.3,0.0%,FA,free_agent,2024,Free Agent
157,Ke'Shawn Vaughn,2,4.0,2.0,3,0,0,0,0,0,0.0,0,0,1,0.4,0.4,0.0%,FA,free_agent,2024,Free Agent
158,Joshua Kelley,1,2.0,2.0,2,0,0,0,0,0,0.0,0,0,1,0.2,0.2,0.0%,FA,free_agent,2024,Free Agent
159,La'Mical Perine,0,0.0,0.0,0,0,0,0,0,0,0.0,0,0,1,0.0,0.0,0.0%,FA,free_agent,2024,Free Agent
160,Jabari Small,0,0.0,0.0,0,0,0,0,0,0,0.0,0,0,1,0.0,0.0,0.0%,FA,free_agent,2024,Free Agent
161,Adam Prentice,0,0.0,0.0,0,0,0,0,4,0,0.0,0,0,9,0.0,0.0,0.0%,FA,free_agent,2024,Free Agent
162,John Kelly Jr.,0,0.0,0.0,0,0,0,0,0,0,0.0,0,0,1,0.0,0.0,0.0%,FA,free_agent,2024,Free Agent
163,Nyheim Hines,0,0.0,0.0,0,0,0,0,0,0,0.0,0,0,2,0.0,0.0,0.1%,FA,free_agent,2024,Free Agent
164,Khari Blasingame,0,0.0,0.0,0,0,0,0,0,0,0.0,0,0,2,0.0,0.0,0.0%,FA,free_agent,2024,Free Agent
