Rank,Player,yds,td,FR,FF,DEF TD,SFTY,SPC TD,games_played,fpts_ppr,fpts_ppr_per_game,ROST,player_name,team,position,year,fpts,fpts_per_game,player_id,season
1.0,Seattle Seahawks (SEA),47.0,18.0,7.0,7.0,3.0,0.0,4.0,17.0,179.0,10.5,87.9,Seattle Seahawks,seattle_seahawks,DST,2026,179.0,10.53,60ff619a89c2ef31208acc9f4cad44ab,2026-2027
2.0,Houston Texans (HOU),47.0,19.0,10.0,12.0,4.0,0.0,0.0,17.0,164.0,9.6,88.7,Houston Texans,houston_texans,DST,2026,164.0,9.65,2c3d40342b0dbea4f36933c62c80045f,2026-2027
3.0,Jacksonville Jaguars (JAC),32.0,22.0,9.0,9.0,2.0,1.0,2.0,17.0,144.0,8.5,51.6,Jacksonville Jaguars,jacksonville_jaguars,DST,2026,144.0,8.47,097f36052d6b851a0105d3a6fcb79abb,2026-2027
4.0,Denver Broncos (DEN),68.0,10.0,4.0,7.0,1.0,0.0,1.0,17.0,143.0,8.4,91.2,Denver Broncos,denver_broncos,DST,2026,143.0,8.41,0499751af48de6ddfad7499e80a63c7c,2026-2027
5.0,Los Angeles Rams (LAR),47.0,16.0,9.0,12.0,1.0,0.0,1.0,17.0,136.0,8.0,54.2,Los Angeles Rams,los_angeles_rams,DST,2026,136.0,8.0,013f05e988ed8b195de670a33d5e7802,2026-2027
6.0,Minnesota Vikings (MIN),49.0,8.0,13.0,16.0,2.0,0.0,0.0,17.0,136.0,8.0,38.5,Minnesota Vikings,minnesota_vikings,DST,2026,136.0,8.0,2ebc2316ebcfcf3929a3871d857f3dc4,2026-2027
7.0,Philadelphia Eagles (PHI),42.0,12.0,9.0,12.0,1.0,0.0,2.0,17.0,135.0,7.9,69.0,Philadelphia Eagles,philadelphia_eagles,DST,2026,135.0,7.94,5902babb5950641cc3f1f01ce4be54ad,2026-2027
8.0,Cleveland Browns (CLE),53.0,11.0,7.0,14.0,4.0,0.0,0.0,17.0,133.0,7.8,45.2,Cleveland Browns,cleveland_browns,DST,2026,133.0,7.82,3b45d5d19b2dc000c356a173becd7e88,2026-2027
9.0,Pittsburgh Steelers (PIT),48.0,15.0,12.0,16.0,3.0,1.0,0.0,17.0,130.0,7.6,66.8,Pittsburgh Steelers,pittsburgh_steelers,DST,2026,130.0,7.65,e5503c0c96df1547663b0fcc1cb146e1,2026-2027
10.0,New England Patriots (NE),35.0,10.0,9.0,9.0,2.0,1.0,3.0,17.0,127.0,7.5,77.3,New England Patriots,new_england_patriots,DST,2026,127.0,7.47,b263234e5bb65163a514706b6345fadc,2026-2027
11.0,Atlanta Falcons (ATL),57.0,16.0,7.0,12.0,1.0,0.0,0.0,17.0,122.0,7.2,20.5,Atlanta Falcons,atlanta_falcons,DST,2026,122.0,7.18,88dea9315e92b7a30ed88ea8ac35dfe5,2026-2027
12.0,New Orleans Saints (NO),45.0,10.0,10.0,12.0,3.0,0.0,0.0,17.0,118.0,6.9,44.2,New Orleans Saints,new_orleans_saints,DST,2026,118.0,6.94,ce9ad040d50b09a96e1a02f00df062fd,2026-2027
13.0,Chicago Bears (CHI),35.0,23.0,10.0,11.0,2.0,0.0,0.0,17.0,115.0,6.8,24.8,Chicago Bears,chicago_bears,DST,2026,115.0,6.76,61aa881865eac33d0656a134896c4a29,2026-2027
14.0,Los Angeles Chargers (LAC),45.0,19.0,4.0,9.0,0.0,1.0,0.0,17.0,111.0,6.5,35.4,Los Angeles Chargers,los_angeles_chargers,DST,2026,111.0,6.53,b4c46b0fdbb96fb552c27bb4980ff004,2026-2027
15.0,Buffalo Bills (BUF),36.0,13.0,7.0,12.0,2.0,0.0,1.0,17.0,110.0,6.5,52.3,Buffalo Bills,buffalo_bills,DST,2026,110.0,6.47,548c2523fa9fb1c90893ca8a56d023d6,2026-2027
16.0,Carolina Panthers (CAR),30.0,15.0,6.0,7.0,2.0,0.0,0.0,17.0,103.0,6.1,10.5,Carolina Panthers,carolina_panthers,DST,2026,103.0,6.06,b9e367d75ca1cfc7a0a53d2db9fb2b6a,2026-2027
18.0,Indianapolis Colts (IND),39.0,14.0,7.0,9.0,1.0,0.0,0.0,17.0,99.0,5.8,27.3,Indianapolis Colts,indianapolis_colts,DST,2026,99.0,5.82,df6d40c6a311d99213ac27f88ddc87c8,2026-2027
17.0,Tampa Bay Buccaneers (TB),37.0,13.0,10.0,12.0,2.0,1.0,0.0,17.0,99.0,5.8,36.9,Tampa Bay Buccaneers,tampa_bay_buccaneers,DST,2026,99.0,5.82,165eb94a83829ef011e2505c58875b03,2026-2027
19.0,Baltimore Ravens (BAL),30.0,11.0,9.0,11.0,2.0,0.0,0.0,17.0,97.0,5.7,39.4,Baltimore Ravens,baltimore_ravens,DST,2026,97.0,5.71,546482590765b5b945a18f243c43cb40,2026-2027
20.0,Detroit Lions (DET),49.0,13.0,6.0,15.0,0.0,1.0,1.0,17.0,97.0,5.7,57.8,Detroit Lions,detroit_lions,DST,2026,97.0,5.71,cde94d9d0bbee255cb7bb769a8b08fed,2026-2027
21.0,Miami Dolphins (MIA),39.0,9.0,11.0,10.0,0.0,0.0,1.0,17.0,95.0,5.6,11.8,Miami Dolphins,miami_dolphins,DST,2026,95.0,5.59,ade77d1b7bafd6262f236ed59a2d997b,2026-2027
22.0,Kansas City Chiefs (KC),35.0,10.0,4.0,6.0,0.0,0.0,0.0,17.0,92.0,5.4,38.0,Kansas City Chiefs,kansas_city_chiefs,DST,2026,92.0,5.41,31dbf5eff5a8fa4cfebfba1a6e4a4017,2026-2027
23.0,Tennessee Titans (TEN),42.0,6.0,8.0,7.0,2.0,1.0,2.0,17.0,87.0,5.1,17.1,Tennessee Titans,tennessee_titans,DST,2026,87.0,5.12,b4f9759352f893941bc644d0ee4c6b72,2026-2027
24.0,Green Bay Packers (GB),36.0,7.0,7.0,7.0,0.0,0.0,0.0,17.0,79.0,4.6,42.1,Green Bay Packers,green_bay_packers,DST,2026,79.0,4.65,abd552788cb468bb35a0083efacca942,2026-2027
25.0,Cincinnati Bengals (CIN),35.0,13.0,7.0,11.0,1.0,0.0,1.0,17.0,79.0,4.6,8.7,Cincinnati Bengals,cincinnati_bengals,DST,2026,79.0,4.65,ba8d320581e53e4a8e7d72eb95cbe923,2026-2027
26.0,San Francisco 49ers (SF),20.0,6.0,10.0,10.0,1.0,0.0,0.0,17.0,78.0,4.6,34.5,San Francisco 49ers,san_francisco_49ers,DST,2026,78.0,4.59,4d636a30633ce46864ce3ce521345e14,2026-2027
27.0,Arizona Cardinals (ARI),30.0,10.0,9.0,11.0,2.0,1.0,0.0,17.0,77.0,4.5,5.6,Arizona Cardinals,arizona_cardinals,DST,2026,77.0,4.53,acb6bc2624504fa93b9d4416d9818a11,2026-2027
28.0,New York Giants (NYG),39.0,9.0,6.0,10.0,1.0,0.0,1.0,17.0,77.0,4.5,23.6,New York Giants,new_york_giants,DST,2026,77.0,4.53,fe44f1beffaf390b91b614131cffb8e4,2026-2027
29.0,Washington Commanders (WAS),42.0,8.0,2.0,9.0,0.0,1.0,2.0,17.0,76.0,4.5,22.3,Washington Commanders,washington_commanders,DST,2026,76.0,4.47,5607536a364bd6a76d1228dbc1f9f7cc,2026-2027
30.0,Las Vegas Raiders (LV),37.0,8.0,8.0,10.0,0.0,1.0,0.0,17.0,75.0,4.4,14.5,Las Vegas Raiders,las_vegas_raiders,DST,2026,75.0,4.41,84d10fc9ab00beaab090ab2ddf54b782,2026-2027
31.0,Dallas Cowboys (DAL),35.0,6.0,6.0,10.0,1.0,1.0,1.0,17.0,59.0,3.5,23.5,Dallas Cowboys,dallas_cowboys,DST,2026,59.0,3.47,e9d7b4c6e0c15dce052d9831f6fb0d92,2026-2027
32.0,New York Jets (NYJ),26.0,0.0,4.0,8.0,0.0,1.0,4.0,17.0,47.0,2.8,8.6,New York Jets,new_york_jets,DST,2026,47.0,2.76,36625a19100d319b782802299ceb1545,2026-2027
1.0,Seattle Seahawks (SEA),47.0,18.0,7.0,7.0,3.0,0.0,4.0,17.0,179.0,10.5,87.9,Seattle Seahawks,seattle_seahawks,DST,2025,179.0,10.53,60ff619a89c2ef31208acc9f4cad44ab,2025-2026
2.0,Houston Texans (HOU),47.0,19.0,10.0,12.0,4.0,0.0,0.0,17.0,164.0,9.6,88.7,Houston Texans,houston_texans,DST,2025,164.0,9.65,2c3d40342b0dbea4f36933c62c80045f,2025-2026
3.0,Jacksonville Jaguars (JAC),32.0,22.0,9.0,9.0,2.0,1.0,2.0,17.0,144.0,8.5,51.6,Jacksonville Jaguars,jacksonville_jaguars,DST,2025,144.0,8.47,097f36052d6b851a0105d3a6fcb79abb,2025-2026
4.0,Denver Broncos (DEN),68.0,10.0,4.0,7.0,1.0,0.0,1.0,17.0,143.0,8.4,91.2,Denver Broncos,denver_broncos,DST,2025,143.0,8.41,0499751af48de6ddfad7499e80a63c7c,2025-2026
5.0,Los Angeles Rams (LAR),47.0,16.0,9.0,12.0,1.0,0.0,1.0,17.0,136.0,8.0,54.2,Los Angeles Rams,los_angeles_rams,DST,2025,136.0,8.0,013f05e988ed8b195de670a33d5e7802,2025-2026
6.0,Minnesota Vikings (MIN),49.0,8.0,13.0,16.0,2.0,0.0,0.0,17.0,136.0,8.0,38.5,Minnesota Vikings,minnesota_vikings,DST,2025,136.0,8.0,2ebc2316ebcfcf3929a3871d857f3dc4,2025-2026
7.0,Philadelphia Eagles (PHI),42.0,12.0,9.0,12.0,1.0,0.0,2.0,17.0,135.0,7.9,69.0,Philadelphia Eagles,philadelphia_eagles,DST,2025,135.0,7.94,5902babb5950641cc3f1f01ce4be54ad,2025-2026
8.0,Cleveland Browns (CLE),53.0,11.0,7.0,14.0,4.0,0.0,0.0,17.0,133.0,7.8,45.2,Cleveland Browns,cleveland_browns,DST,2025,133.0,7.82,3b45d5d19b2dc000c356a173becd7e88,2025-2026
9.0,Pittsburgh Steelers (PIT),48.0,15.0,12.0,16.0,3.0,1.0,0.0,17.0,130.0,7.6,66.8,Pittsburgh Steelers,pittsburgh_steelers,DST,2025,130.0,7.65,e5503c0c96df1547663b0fcc1cb146e1,2025-2026
10.0,New England Patriots (NE),35.0,10.0,9.0,9.0,2.0,1.0,3.0,17.0,127.0,7.5,77.3,New England Patriots,new_england_patriots,DST,2025,127.0,7.47,b263234e5bb65163a514706b6345fadc,2025-2026
11.0,Atlanta Falcons (ATL),57.0,16.0,7.0,12.0,1.0,0.0,0.0,17.0,122.0,7.2,20.5,Atlanta Falcons,atlanta_falcons,DST,2025,122.0,7.18,88dea9315e92b7a30ed88ea8ac35dfe5,2025-2026
12.0,New Orleans Saints (NO),45.0,10.0,10.0,12.0,3.0,0.0,0.0,17.0,118.0,6.9,44.2,New Orleans Saints,new_orleans_saints,DST,2025,118.0,6.94,ce9ad040d50b09a96e1a02f00df062fd,2025-2026
13.0,Chicago Bears (CHI),35.0,23.0,10.0,11.0,2.0,0.0,0.0,17.0,115.0,6.8,24.8,Chicago Bears,chicago_bears,DST,2025,115.0,6.76,61aa881865eac33d0656a134896c4a29,2025-2026
14.0,Los Angeles Chargers (LAC),45.0,19.0,4.0,9.0,0.0,1.0,0.0,17.0,111.0,6.5,35.4,Los Angeles Chargers,los_angeles_chargers,DST,2025,111.0,6.53,b4c46b0fdbb96fb552c27bb4980ff004,2025-2026
15.0,Buffalo Bills (BUF),36.0,13.0,7.0,12.0,2.0,0.0,1.0,17.0,110.0,6.5,52.3,Buffalo Bills,buffalo_bills,DST,2025,110.0,6.47,548c2523fa9fb1c90893ca8a56d023d6,2025-2026
16.0,Carolina Panthers (CAR),30.0,15.0,6.0,7.0,2.0,0.0,0.0,17.0,103.0,6.1,10.5,Carolina Panthers,carolina_panthers,DST,2025,103.0,6.06,b9e367d75ca1cfc7a0a53d2db9fb2b6a,2025-2026
18.0,Indianapolis Colts (IND),39.0,14.0,7.0,9.0,1.0,0.0,0.0,17.0,99.0,5.8,27.3,Indianapolis Colts,indianapolis_colts,DST,2025,99.0,5.82,df6d40c6a311d99213ac27f88ddc87c8,2025-2026
17.0,Tampa Bay Buccaneers (TB),37.0,13.0,10.0,12.0,2.0,1.0,0.0,17.0,99.0,5.8,36.9,Tampa Bay Buccaneers,tampa_bay_buccaneers,DST,2025,99.0,5.82,165eb94a83829ef011e2505c58875b03,2025-2026
19.0,Baltimore Ravens (BAL),30.0,11.0,9.0,11.0,2.0,0.0,0.0,17.0,97.0,5.7,39.4,Baltimore Ravens,baltimore_ravens,DST,2025,97.0,5.71,546482590765b5b945a18f243c43cb40,2025-2026
20.0,Detroit Lions (DET),49.0,13.0,6.0,15.0,0.0,1.0,1.0,17.0,97.0,5.7,57.8,Detroit Lions,detroit_lions,DST,2025,97.0,5.71,cde94d9d0bbee255cb7bb769a8b08fed,2025-2026
21.0,Miami Dolphins (MIA),39.0,9.0,11.0,10.0,0.0,0.0,1.0,17.0,95.0,5.6,11.8,Miami Dolphins,miami_dolphins,DST,2025,95.0,5.59,ade77d1b7bafd6262f236ed59a2d997b,2025-2026
22.0,Kansas City Chiefs (KC),35.0,10.0,4.0,6.0,0.0,0.0,0.0,17.0,92.0,5.4,38.0,Kansas City Chiefs,kansas_city_chiefs,DST,2025,92.0,5.41,31dbf5eff5a8fa4cfebfba1a6e4a4017,2025-2026
23.0,Tennessee Titans (TEN),42.0,6.0,8.0,7.0,2.0,1.0,2.0,17.0,87.0,5.1,17.1,Tennessee Titans,tennessee_titans,DST,2025,87.0,5.12,b4f9759352f893941bc644d0ee4c6b72,2025-2026
24.0,Green Bay Packers (GB),36.0,7.0,7.0,7.0,0.0,0.0,0.0,17.0,79.0,4.6,42.1,Green Bay Packers,green_bay_packers,DST,2025,79.0,4.65,abd552788cb468bb35a0083efacca942,2025-2026
25.0,Cincinnati Bengals (CIN),35.0,13.0,7.0,11.0,1.0,0.0,1.0,17.0,79.0,4.6,8.7,Cincinnati Bengals,cincinnati_bengals,DST,2025,79.0,4.65,ba8d320581e53e4a8e7d72eb95cbe923,2025-2026
26.0,San Francisco 49ers (SF),20.0,6.0,10.0,10.0,1.0,0.0,0.0,17.0,78.0,4.6,34.5,San Francisco 49ers,san_francisco_49ers,DST,2025,78.0,4.59,4d636a30633ce46864ce3ce521345e14,2025-2026
27.0,Arizona Cardinals (ARI),30.0,10.0,9.0,11.0,2.0,1.0,0.0,17.0,77.0,4.5,5.6,Arizona Cardinals,arizona_cardinals,DST,2025,77.0,4.53,acb6bc2624504fa93b9d4416d9818a11,2025-2026
28.0,New York Giants (NYG),39.0,9.0,6.0,10.0,1.0,0.0,1.0,17.0,77.0,4.5,23.6,New York Giants,new_york_giants,DST,2025,77.0,4.53,fe44f1beffaf390b91b614131cffb8e4,2025-2026
29.0,Washington Commanders (WAS),42.0,8.0,2.0,9.0,0.0,1.0,2.0,17.0,76.0,4.5,22.3,Washington Commanders,washington_commanders,DST,2025,76.0,4.47,5607536a364bd6a76d1228dbc1f9f7cc,2025-2026
30.0,Las Vegas Raiders (LV),37.0,8.0,8.0,10.0,0.0,1.0,0.0,17.0,75.0,4.4,14.5,Las Vegas Raiders,las_vegas_raiders,DST,2025,75.0,4.41,84d10fc9ab00beaab090ab2ddf54b782,2025-2026
31.0,Dallas Cowboys (DAL),35.0,6.0,6.0,10.0,1.0,1.0,1.0,17.0,59.0,3.5,23.5,Dallas Cowboys,dallas_cowboys,DST,2025,59.0,3.47,e9d7b4c6e0c15dce052d9831f6fb0d92,2025-2026
32.0,New York Jets (NYJ),26.0,0.0,4.0,8.0,0.0,1.0,4.0,17.0,47.0,2.8,8.6,New York Jets,new_york_jets,DST,2025,47.0,2.76,36625a19100d319b782802299ceb1545,2025-2026
1.0,Denver Broncos (DEN),63.0,15.0,9.0,12.0,5.0,2.0,0.0,17.0,179.0,10.5,91.2,Denver Broncos,denver_broncos,DST,2024,179.0,10.53,0499751af48de6ddfad7499e80a63c7c,2024-2025
2.0,Minnesota Vikings (MIN),49.0,24.0,9.0,10.0,3.0,0.0,0.0,17.0,162.0,9.5,38.5,Minnesota Vikings,minnesota_vikings,DST,2024,162.0,9.53,2ebc2316ebcfcf3929a3871d857f3dc4,2024-2025
3.0,Green Bay Packers (GB),45.0,17.0,14.0,15.0,1.0,0.0,0.0,17.0,148.0,8.7,42.1,Green Bay Packers,green_bay_packers,DST,2024,148.0,8.71,abd552788cb468bb35a0083efacca942,2024-2025
4.0,Pittsburgh Steelers (PIT),40.0,17.0,16.0,18.0,1.0,0.0,1.0,17.0,146.0,8.6,66.8,Pittsburgh Steelers,pittsburgh_steelers,DST,2024,146.0,8.59,e5503c0c96df1547663b0fcc1cb146e1,2024-2025
5.0,Houston Texans (HOU),49.0,19.0,9.0,10.0,3.0,1.0,0.0,17.0,139.0,8.2,88.7,Houston Texans,houston_texans,DST,2024,139.0,8.18,2c3d40342b0dbea4f36933c62c80045f,2024-2025
6.0,Seattle Seahawks (SEA),45.0,13.0,5.0,14.0,4.0,1.0,1.0,17.0,136.0,8.0,87.9,Seattle Seahawks,seattle_seahawks,DST,2024,136.0,8.0,60ff619a89c2ef31208acc9f4cad44ab,2024-2025
7.0,Philadelphia Eagles (PHI),41.0,13.0,13.0,18.0,1.0,0.0,0.0,17.0,135.0,7.9,69.0,Philadelphia Eagles,philadelphia_eagles,DST,2024,135.0,7.94,5902babb5950641cc3f1f01ce4be54ad,2024-2025
8.0,Buffalo Bills (BUF),39.0,16.0,16.0,17.0,3.0,1.0,0.0,17.0,133.0,7.8,52.3,Buffalo Bills,buffalo_bills,DST,2024,133.0,7.82,548c2523fa9fb1c90893ca8a56d023d6,2024-2025
9.0,Los Angeles Chargers (LAC),46.0,15.0,6.0,8.0,1.0,0.0,0.0,17.0,128.0,7.5,35.4,Los Angeles Chargers,los_angeles_chargers,DST,2024,128.0,7.53,b4c46b0fdbb96fb552c27bb4980ff004,2024-2025
10.0,Detroit Lions (DET),37.0,16.0,8.0,11.0,1.0,0.0,1.0,17.0,123.0,7.2,57.8,Detroit Lions,detroit_lions,DST,2024,123.0,7.24,cde94d9d0bbee255cb7bb769a8b08fed,2024-2025
11.0,Chicago Bears (CHI),40.0,11.0,13.0,14.0,1.0,0.0,2.0,17.0,121.0,7.1,24.8,Chicago Bears,chicago_bears,DST,2024,121.0,7.12,61aa881865eac33d0656a134896c4a29,2024-2025
12.0,Baltimore Ravens (BAL),54.0,12.0,5.0,12.0,2.0,0.0,0.0,17.0,120.0,7.1,39.4,Baltimore Ravens,baltimore_ravens,DST,2024,120.0,7.06,546482590765b5b945a18f243c43cb40,2024-2025
13.0,Los Angeles Rams (LAR),38.0,13.0,7.0,10.0,3.0,1.0,1.0,17.0,118.0,6.9,54.2,Los Angeles Rams,los_angeles_rams,DST,2024,118.0,6.94,013f05e988ed8b195de670a33d5e7802,2024-2025
14.0,Dallas Cowboys (DAL),52.0,13.0,9.0,16.0,1.0,0.0,3.0,17.0,111.0,6.5,23.5,Dallas Cowboys,dallas_cowboys,DST,2024,111.0,6.53,e9d7b4c6e0c15dce052d9831f6fb0d92,2024-2025
15.0,Kansas City Chiefs (KC),39.0,13.0,7.0,12.0,1.0,0.0,0.0,17.0,106.0,6.2,38.0,Kansas City Chiefs,kansas_city_chiefs,DST,2024,106.0,6.24,31dbf5eff5a8fa4cfebfba1a6e4a4017,2024-2025
16.0,Tampa Bay Buccaneers (TB),46.0,7.0,11.0,15.0,1.0,1.0,1.0,17.0,104.0,6.1,36.9,Tampa Bay Buccaneers,tampa_bay_buccaneers,DST,2024,104.0,6.12,165eb94a83829ef011e2505c58875b03,2024-2025
17.0,Cincinnati Bengals (CIN),36.0,15.0,10.0,12.0,2.0,1.0,1.0,17.0,104.0,6.1,8.7,Cincinnati Bengals,cincinnati_bengals,DST,2024,104.0,6.12,ba8d320581e53e4a8e7d72eb95cbe923,2024-2025
18.0,Arizona Cardinals (ARI),41.0,9.0,8.0,16.0,0.0,2.0,1.0,17.0,101.0,5.9,5.6,Arizona Cardinals,arizona_cardinals,DST,2024,101.0,5.94,acb6bc2624504fa93b9d4416d9818a11,2024-2025
19.0,New Orleans Saints (NO),39.0,14.0,3.0,12.0,0.0,1.0,1.0,17.0,98.0,5.8,44.2,New Orleans Saints,new_orleans_saints,DST,2024,98.0,5.76,ce9ad040d50b09a96e1a02f00df062fd,2024-2025
20.0,Atlanta Falcons (ATL),31.0,12.0,6.0,12.0,4.0,1.0,0.0,17.0,97.0,5.7,20.5,Atlanta Falcons,atlanta_falcons,DST,2024,97.0,5.71,88dea9315e92b7a30ed88ea8ac35dfe5,2024-2025
21.0,New York Jets (NYJ),43.0,7.0,10.0,14.0,0.0,0.0,1.0,17.0,95.0,5.6,8.6,New York Jets,new_york_jets,DST,2024,95.0,5.59,36625a19100d319b782802299ceb1545,2024-2025
22.0,New York Giants (NYG),45.0,5.0,10.0,15.0,0.0,0.0,2.0,17.0,91.0,5.4,23.6,New York Giants,new_york_giants,DST,2024,91.0,5.35,fe44f1beffaf390b91b614131cffb8e4,2024-2025
23.0,Indianapolis Colts (IND),36.0,16.0,9.0,17.0,1.0,0.0,0.0,17.0,91.0,5.4,27.3,Indianapolis Colts,indianapolis_colts,DST,2024,91.0,5.35,df6d40c6a311d99213ac27f88ddc87c8,2024-2025
24.0,Washington Commanders (WAS),43.0,7.0,10.0,12.0,1.0,0.0,0.0,17.0,90.0,5.3,22.3,Washington Commanders,washington_commanders,DST,2024,90.0,5.29,5607536a364bd6a76d1228dbc1f9f7cc,2024-2025
25.0,San Francisco 49ers (SF),37.0,11.0,6.0,11.0,1.0,0.0,1.0,17.0,84.0,4.9,34.5,San Francisco 49ers,san_francisco_49ers,DST,2024,84.0,4.94,4d636a30633ce46864ce3ce521345e14,2024-2025
26.0,Miami Dolphins (MIA),35.0,10.0,6.0,7.0,0.0,0.0,0.0,17.0,84.0,4.9,11.8,Miami Dolphins,miami_dolphins,DST,2024,84.0,4.94,ade77d1b7bafd6262f236ed59a2d997b,2024-2025
27.0,Cleveland Browns (CLE),41.0,4.0,8.0,11.0,1.0,1.0,1.0,17.0,81.0,4.8,45.2,Cleveland Browns,cleveland_browns,DST,2024,81.0,4.76,3b45d5d19b2dc000c356a173becd7e88,2024-2025
28.0,Tennessee Titans (TEN),32.0,11.0,6.0,10.0,0.0,2.0,0.0,17.0,72.0,4.2,17.1,Tennessee Titans,tennessee_titans,DST,2024,72.0,4.24,b4f9759352f893941bc644d0ee4c6b72,2024-2025
29.0,Las Vegas Raiders (LV),38.0,10.0,3.0,6.0,1.0,0.0,0.0,17.0,71.0,4.2,14.5,Las Vegas Raiders,las_vegas_raiders,DST,2024,71.0,4.18,84d10fc9ab00beaab090ab2ddf54b782,2024-2025
30.0,Jacksonville Jaguars (JAC),34.0,6.0,3.0,5.0,1.0,0.0,1.0,17.0,71.0,4.2,51.6,Jacksonville Jaguars,jacksonville_jaguars,DST,2024,71.0,4.18,097f36052d6b851a0105d3a6fcb79abb,2024-2025
31.0,New England Patriots (NE),28.0,7.0,5.0,9.0,1.0,0.0,0.0,17.0,63.0,3.7,77.3,New England Patriots,new_england_patriots,DST,2024,63.0,3.71,b263234e5bb65163a514706b6345fadc,2024-2025
32.0,Carolina Panthers (CAR),32.0,9.0,8.0,8.0,0.0,0.0,0.0,17.0,41.0,2.4,10.5,Carolina Panthers,carolina_panthers,DST,2024,41.0,2.41,b9e367d75ca1cfc7a0a53d2db9fb2b6a,2024-2025
1.0,Dallas Cowboys (DAL),46.0,17.0,9.0,14.0,6.0,1.0,1.0,17.0,178.0,10.5,23.5,Dallas Cowboys,dallas_cowboys,DST,2023,178.0,10.47,e9d7b4c6e0c15dce052d9831f6fb0d92,2023-2024
2.0,Baltimore Ravens (BAL),60.0,18.0,13.0,16.0,1.0,1.0,1.0,17.0,174.0,10.2,39.4,Baltimore Ravens,baltimore_ravens,DST,2023,174.0,10.24,546482590765b5b945a18f243c43cb40,2023-2024
3.0,Buffalo Bills (BUF),54.0,18.0,12.0,12.0,2.0,0.0,1.0,17.0,159.0,9.4,52.3,Buffalo Bills,buffalo_bills,DST,2023,159.0,9.35,548c2523fa9fb1c90893ca8a56d023d6,2023-2024
4.0,Cleveland Browns (CLE),49.0,18.0,10.0,12.0,3.0,0.0,0.0,17.0,157.0,9.2,45.2,Cleveland Browns,cleveland_browns,DST,2023,157.0,9.24,3b45d5d19b2dc000c356a173becd7e88,2023-2024
5.0,New York Jets (NYJ),48.0,17.0,10.0,13.0,3.0,3.0,1.0,17.0,157.0,9.2,8.6,New York Jets,new_york_jets,DST,2023,157.0,9.24,36625a19100d319b782802299ceb1545,2023-2024
6.0,Miami Dolphins (MIA),56.0,15.0,12.0,15.0,4.0,0.0,0.0,17.0,152.0,8.9,11.8,Miami Dolphins,miami_dolphins,DST,2023,152.0,8.94,ade77d1b7bafd6262f236ed59a2d997b,2023-2024
7.0,Las Vegas Raiders (LV),46.0,13.0,9.0,13.0,5.0,1.0,0.0,17.0,146.0,8.6,14.5,Las Vegas Raiders,las_vegas_raiders,DST,2023,146.0,8.59,84d10fc9ab00beaab090ab2ddf54b782,2023-2024
8.0,Pittsburgh Steelers (PIT),47.0,16.0,11.0,18.0,2.0,1.0,0.0,17.0,143.0,8.4,66.8,Pittsburgh Steelers,pittsburgh_steelers,DST,2023,143.0,8.41,e5503c0c96df1547663b0fcc1cb146e1,2023-2024
9.0,New Orleans Saints (NO),34.0,18.0,11.0,8.0,2.0,0.0,1.0,17.0,143.0,8.4,44.2,New Orleans Saints,new_orleans_saints,DST,2023,143.0,8.41,ce9ad040d50b09a96e1a02f00df062fd,2023-2024
10.0,San Francisco 49ers (SF),48.0,22.0,6.0,10.0,1.0,1.0,0.0,17.0,141.0,8.3,34.5,San Francisco 49ers,san_francisco_49ers,DST,2023,141.0,8.29,4d636a30633ce46864ce3ce521345e14,2023-2024
11.0,Indianapolis Colts (IND),51.0,15.0,9.0,16.0,4.0,1.0,1.0,17.0,139.0,8.2,27.3,Indianapolis Colts,indianapolis_colts,DST,2023,139.0,8.18,df6d40c6a311d99213ac27f88ddc87c8,2023-2024
12.0,Kansas City Chiefs (KC),57.0,8.0,9.0,14.0,2.0,0.0,0.0,17.0,134.0,7.9,38.0,Kansas City Chiefs,kansas_city_chiefs,DST,2023,134.0,7.88,31dbf5eff5a8fa4cfebfba1a6e4a4017,2023-2024
13.0,Tampa Bay Buccaneers (TB),48.0,13.0,12.0,18.0,1.0,1.0,0.0,17.0,133.0,7.8,36.9,Tampa Bay Buccaneers,tampa_bay_buccaneers,DST,2023,133.0,7.82,165eb94a83829ef011e2505c58875b03,2023-2024
14.0,New York Giants (NYG),34.0,18.0,13.0,15.0,3.0,0.0,1.0,17.0,131.0,7.7,23.6,New York Giants,new_york_giants,DST,2023,131.0,7.71,fe44f1beffaf390b91b614131cffb8e4,2023-2024
15.0,Houston Texans (HOU),46.0,14.0,10.0,13.0,1.0,0.0,2.0,17.0,131.0,7.7,88.7,Houston Texans,houston_texans,DST,2023,131.0,7.71,2c3d40342b0dbea4f36933c62c80045f,2023-2024
16.0,Minnesota Vikings (MIN),43.0,11.0,11.0,21.0,2.0,0.0,0.0,17.0,125.0,7.4,38.5,Minnesota Vikings,minnesota_vikings,DST,2023,125.0,7.35,2ebc2316ebcfcf3929a3871d857f3dc4,2023-2024
17.0,Jacksonville Jaguars (JAC),40.0,16.0,11.0,11.0,2.0,0.0,0.0,17.0,120.0,7.1,51.6,Jacksonville Jaguars,jacksonville_jaguars,DST,2023,120.0,7.06,097f36052d6b851a0105d3a6fcb79abb,2023-2024
18.0,Chicago Bears (CHI),30.0,22.0,6.0,10.0,2.0,0.0,0.0,17.0,120.0,7.1,24.8,Chicago Bears,chicago_bears,DST,2023,120.0,7.06,61aa881865eac33d0656a134896c4a29,2023-2024
19.0,Cincinnati Bengals (CIN),44.0,17.0,9.0,11.0,1.0,0.0,1.0,17.0,118.0,6.9,8.7,Cincinnati Bengals,cincinnati_bengals,DST,2023,118.0,6.94,ba8d320581e53e4a8e7d72eb95cbe923,2023-2024
20.0,Denver Broncos (DEN),42.0,11.0,15.0,17.0,1.0,1.0,1.0,17.0,118.0,6.9,91.2,Denver Broncos,denver_broncos,DST,2023,118.0,6.94,0499751af48de6ddfad7499e80a63c7c,2023-2024
21.0,Green Bay Packers (GB),45.0,7.0,11.0,10.0,2.0,0.0,0.0,17.0,115.0,6.8,42.1,Green Bay Packers,green_bay_packers,DST,2023,115.0,6.76,abd552788cb468bb35a0083efacca942,2023-2024
22.0,Los Angeles Chargers (LAC),48.0,9.0,12.0,13.0,0.0,0.0,1.0,17.0,112.0,6.6,35.4,Los Angeles Chargers,los_angeles_chargers,DST,2023,112.0,6.59,b4c46b0fdbb96fb552c27bb4980ff004,2023-2024
23.0,New England Patriots (NE),36.0,10.0,8.0,13.0,1.0,1.0,1.0,17.0,110.0,6.5,77.3,New England Patriots,new_england_patriots,DST,2023,110.0,6.47,b263234e5bb65163a514706b6345fadc,2023-2024
24.0,Seattle Seahawks (SEA),47.0,11.0,8.0,12.0,3.0,0.0,0.0,17.0,109.0,6.4,87.9,Seattle Seahawks,seattle_seahawks,DST,2023,109.0,6.41,60ff619a89c2ef31208acc9f4cad44ab,2023-2024
25.0,Detroit Lions (DET),41.0,16.0,6.0,11.0,1.0,1.0,0.0,17.0,107.0,6.3,57.8,Detroit Lions,detroit_lions,DST,2023,107.0,6.29,cde94d9d0bbee255cb7bb769a8b08fed,2023-2024
26.0,Tennessee Titans (TEN),45.0,6.0,8.0,11.0,1.0,0.0,0.0,17.0,100.0,5.9,17.1,Tennessee Titans,tennessee_titans,DST,2023,100.0,5.88,b4f9759352f893941bc644d0ee4c6b72,2023-2024
27.0,Philadelphia Eagles (PHI),43.0,9.0,8.0,13.0,3.0,1.0,0.0,17.0,100.0,5.9,69.0,Philadelphia Eagles,philadelphia_eagles,DST,2023,100.0,5.88,5902babb5950641cc3f1f01ce4be54ad,2023-2024
28.0,Atlanta Falcons (ATL),42.0,8.0,8.0,18.0,1.0,1.0,0.0,17.0,99.0,5.8,20.5,Atlanta Falcons,atlanta_falcons,DST,2023,99.0,5.82,88dea9315e92b7a30ed88ea8ac35dfe5,2023-2024
29.0,Los Angeles Rams (LAR),41.0,10.0,5.0,7.0,0.0,2.0,0.0,17.0,83.0,4.9,54.2,Los Angeles Rams,los_angeles_rams,DST,2023,83.0,4.88,013f05e988ed8b195de670a33d5e7802,2023-2024
30.0,Carolina Panthers (CAR),27.0,8.0,3.0,5.0,2.0,0.0,1.0,17.0,71.0,4.2,10.5,Carolina Panthers,carolina_panthers,DST,2023,71.0,4.18,b9e367d75ca1cfc7a0a53d2db9fb2b6a,2023-2024
31.0,Arizona Cardinals (ARI),33.0,11.0,6.0,4.0,1.0,0.0,0.0,17.0,65.0,3.8,5.6,Arizona Cardinals,arizona_cardinals,DST,2023,65.0,3.82,acb6bc2624504fa93b9d4416d9818a11,2023-2024
32.0,Washington Commanders (WAS),39.0,8.0,10.0,10.0,0.0,0.0,0.0,17.0,58.0,3.4,22.3,Washington Commanders,washington_commanders,DST,2023,58.0,3.41,5607536a364bd6a76d1228dbc1f9f7cc,2023-2024
1.0,New England Patriots (NE),54.0,19.0,11.0,15.0,7.0,0.0,1.0,17.0,186.0,10.9,77.3,New England Patriots,new_england_patriots,DST,2022,186.0,10.94,b263234e5bb65163a514706b6345fadc,2022-2023
2.0,Dallas Cowboys (DAL),54.0,16.0,17.0,21.0,3.0,0.0,0.0,17.0,170.0,10.0,23.5,Dallas Cowboys,dallas_cowboys,DST,2022,170.0,10.0,e9d7b4c6e0c15dce052d9831f6fb0d92,2022-2023
3.0,San Francisco 49ers (SF),44.0,20.0,10.0,13.0,3.0,0.0,0.0,17.0,163.0,9.6,34.5,San Francisco 49ers,san_francisco_49ers,DST,2022,163.0,9.59,4d636a30633ce46864ce3ce521345e14,2022-2023
4.0,Philadelphia Eagles (PHI),70.0,17.0,10.0,15.0,2.0,0.0,0.0,17.0,154.0,9.1,69.0,Philadelphia Eagles,philadelphia_eagles,DST,2022,154.0,9.06,5902babb5950641cc3f1f01ce4be54ad,2022-2023
5.0,Buffalo Bills (BUF),40.0,17.0,10.0,10.0,1.0,2.0,2.0,17.0,152.0,8.9,52.3,Buffalo Bills,buffalo_bills,DST,2022,152.0,8.94,548c2523fa9fb1c90893ca8a56d023d6,2022-2023
6.0,Jacksonville Jaguars (JAC),35.0,14.0,13.0,16.0,4.0,0.0,0.0,17.0,139.0,8.2,51.6,Jacksonville Jaguars,jacksonville_jaguars,DST,2022,139.0,8.18,097f36052d6b851a0105d3a6fcb79abb,2022-2023
7.0,Baltimore Ravens (BAL),48.0,14.0,11.0,14.0,0.0,0.0,1.0,17.0,134.0,7.9,39.4,Baltimore Ravens,baltimore_ravens,DST,2022,134.0,7.88,546482590765b5b945a18f243c43cb40,2022-2023
8.0,Kansas City Chiefs (KC),55.0,11.0,9.0,11.0,2.0,1.0,0.0,17.0,121.0,7.1,38.0,Kansas City Chiefs,kansas_city_chiefs,DST,2022,121.0,7.12,31dbf5eff5a8fa4cfebfba1a6e4a4017,2022-2023
9.0,Washington Commanders (WAS),43.0,9.0,9.0,7.0,3.0,1.0,0.0,17.0,120.0,7.1,22.3,Washington Commanders,washington_commanders,DST,2022,120.0,7.06,5607536a364bd6a76d1228dbc1f9f7cc,2022-2023
10.0,Carolina Panthers (CAR),35.0,10.0,7.0,7.0,3.0,0.0,0.0,17.0,118.0,6.9,10.5,Carolina Panthers,carolina_panthers,DST,2022,118.0,6.94,b9e367d75ca1cfc7a0a53d2db9fb2b6a,2022-2023
11.0,New York Jets (NYJ),45.0,12.0,4.0,9.0,0.0,2.0,1.0,17.0,118.0,6.9,8.6,New York Jets,new_york_jets,DST,2022,118.0,6.94,36625a19100d319b782802299ceb1545,2022-2023
12.0,Seattle Seahawks (SEA),45.0,14.0,11.0,15.0,1.0,0.0,1.0,17.0,117.0,6.9,87.9,Seattle Seahawks,seattle_seahawks,DST,2022,117.0,6.88,60ff619a89c2ef31208acc9f4cad44ab,2022-2023
13.0,Green Bay Packers (GB),34.0,17.0,7.0,11.0,2.0,1.0,1.0,17.0,117.0,6.9,42.1,Green Bay Packers,green_bay_packers,DST,2022,117.0,6.88,abd552788cb468bb35a0083efacca942,2022-2023
14.0,Houston Texans (HOU),39.0,16.0,11.0,9.0,1.0,1.0,0.0,17.0,116.0,6.8,88.7,Houston Texans,houston_texans,DST,2022,116.0,6.82,2c3d40342b0dbea4f36933c62c80045f,2022-2023
15.0,Indianapolis Colts (IND),44.0,10.0,11.0,13.0,2.0,0.0,1.0,17.0,116.0,6.8,27.3,Indianapolis Colts,indianapolis_colts,DST,2022,116.0,6.82,df6d40c6a311d99213ac27f88ddc87c8,2022-2023
16.0,New Orleans Saints (NO),48.0,7.0,7.0,11.0,1.0,0.0,0.0,17.0,115.0,6.8,44.2,New Orleans Saints,new_orleans_saints,DST,2022,115.0,6.76,ce9ad040d50b09a96e1a02f00df062fd,2022-2023
17.0,Cincinnati Bengals (CIN),30.0,13.0,11.0,13.0,1.0,0.0,0.0,17.0,115.0,6.8,8.7,Cincinnati Bengals,cincinnati_bengals,DST,2022,115.0,6.76,ba8d320581e53e4a8e7d72eb95cbe923,2022-2023
18.0,New York Giants (NYG),41.0,6.0,13.0,18.0,2.0,0.0,0.0,17.0,108.0,6.4,23.6,New York Giants,new_york_giants,DST,2022,108.0,6.35,fe44f1beffaf390b91b614131cffb8e4,2022-2023
19.0,Pittsburgh Steelers (PIT),40.0,20.0,3.0,9.0,1.0,0.0,0.0,17.0,107.0,6.3,66.8,Pittsburgh Steelers,pittsburgh_steelers,DST,2022,107.0,6.29,e5503c0c96df1547663b0fcc1cb146e1,2022-2023
20.0,Miami Dolphins (MIA),40.0,8.0,6.0,14.0,2.0,1.0,1.0,17.0,107.0,6.3,11.8,Miami Dolphins,miami_dolphins,DST,2022,107.0,6.29,ade77d1b7bafd6262f236ed59a2d997b,2022-2023
21.0,Cleveland Browns (CLE),34.0,11.0,9.0,10.0,3.0,0.0,1.0,17.0,107.0,6.3,45.2,Cleveland Browns,cleveland_browns,DST,2022,107.0,6.29,3b45d5d19b2dc000c356a173becd7e88,2022-2023
22.0,Minnesota Vikings (MIN),38.0,15.0,10.0,10.0,1.0,0.0,1.0,17.0,106.0,6.2,38.5,Minnesota Vikings,minnesota_vikings,DST,2022,106.0,6.24,2ebc2316ebcfcf3929a3871d857f3dc4,2022-2023
23.0,Los Angeles Chargers (LAC),40.0,14.0,10.0,13.0,1.0,1.0,0.0,17.0,106.0,6.2,35.4,Los Angeles Chargers,los_angeles_chargers,DST,2022,106.0,6.24,b4c46b0fdbb96fb552c27bb4980ff004,2022-2023
24.0,Los Angeles Rams (LAR),38.0,16.0,6.0,9.0,1.0,0.0,0.0,17.0,105.0,6.2,54.2,Los Angeles Rams,los_angeles_rams,DST,2022,105.0,6.18,013f05e988ed8b195de670a33d5e7802,2022-2023
25.0,Tennessee Titans (TEN),39.0,14.0,6.0,11.0,1.0,0.0,0.0,17.0,104.0,6.1,17.1,Tennessee Titans,tennessee_titans,DST,2022,104.0,6.12,b4f9759352f893941bc644d0ee4c6b72,2022-2023
26.0,Tampa Bay Buccaneers (TB),44.0,10.0,10.0,14.0,1.0,0.0,0.0,17.0,103.0,6.1,36.9,Tampa Bay Buccaneers,tampa_bay_buccaneers,DST,2022,103.0,6.06,165eb94a83829ef011e2505c58875b03,2022-2023
27.0,Arizona Cardinals (ARI),36.0,11.0,9.0,11.0,5.0,0.0,0.0,17.0,103.0,6.1,5.6,Arizona Cardinals,arizona_cardinals,DST,2022,103.0,6.06,acb6bc2624504fa93b9d4416d9818a11,2022-2023
28.0,Denver Broncos (DEN),36.0,15.0,8.0,15.0,0.0,1.0,0.0,17.0,102.0,6.0,91.2,Denver Broncos,denver_broncos,DST,2022,102.0,6.0,0499751af48de6ddfad7499e80a63c7c,2022-2023
29.0,Detroit Lions (DET),39.0,12.0,10.0,12.0,1.0,1.0,1.0,17.0,98.0,5.8,57.8,Detroit Lions,detroit_lions,DST,2022,98.0,5.76,cde94d9d0bbee255cb7bb769a8b08fed,2022-2023
30.0,Atlanta Falcons (ATL),21.0,10.0,7.0,8.0,2.0,1.0,2.0,17.0,89.0,5.2,20.5,Atlanta Falcons,atlanta_falcons,DST,2022,89.0,5.24,88dea9315e92b7a30ed88ea8ac35dfe5,2022-2023
31.0,Las Vegas Raiders (LV),27.0,6.0,7.0,10.0,3.0,0.0,0.0,17.0,77.0,4.5,14.5,Las Vegas Raiders,las_vegas_raiders,DST,2022,77.0,4.53,84d10fc9ab00beaab090ab2ddf54b782,2022-2023
32.0,Chicago Bears (CHI),20.0,14.0,9.0,10.0,0.0,0.0,0.0,17.0,62.0,3.6,24.8,Chicago Bears,chicago_bears,DST,2022,62.0,3.65,61aa881865eac33d0656a134896c4a29,2022-2023
1.0,Dallas Cowboys (DAL),41.0,26.0,8.0,13.0,6.0,0.0,3.0,17.0,185.0,10.9,23.5,Dallas Cowboys,dallas_cowboys,DST,2021,185.0,10.88,e9d7b4c6e0c15dce052d9831f6fb0d92,2021-2022
2.0,New England Patriots (NE),36.0,23.0,7.0,11.0,3.0,0.0,0.0,17.0,158.0,9.3,77.3,New England Patriots,new_england_patriots,DST,2021,158.0,9.29,b263234e5bb65163a514706b6345fadc,2021-2022
3.0,Miami Dolphins (MIA),48.0,14.0,13.0,14.0,5.0,0.0,1.0,17.0,155.0,9.1,11.8,Miami Dolphins,miami_dolphins,DST,2021,155.0,9.12,ade77d1b7bafd6262f236ed59a2d997b,2021-2022
4.0,Buffalo Bills (BUF),42.0,19.0,11.0,10.0,1.0,0.0,0.0,17.0,151.0,8.9,52.3,Buffalo Bills,buffalo_bills,DST,2021,151.0,8.88,548c2523fa9fb1c90893ca8a56d023d6,2021-2022
5.0,New Orleans Saints (NO),46.0,18.0,7.0,12.0,2.0,0.0,0.0,17.0,145.0,8.5,44.2,New Orleans Saints,new_orleans_saints,DST,2021,145.0,8.53,ce9ad040d50b09a96e1a02f00df062fd,2021-2022
6.0,Tampa Bay Buccaneers (TB),47.0,17.0,12.0,15.0,2.0,0.0,0.0,17.0,141.0,8.3,36.9,Tampa Bay Buccaneers,tampa_bay_buccaneers,DST,2021,141.0,8.29,165eb94a83829ef011e2505c58875b03,2021-2022
7.0,Indianapolis Colts (IND),33.0,19.0,14.0,17.0,1.0,1.0,2.0,17.0,138.0,8.1,27.3,Indianapolis Colts,indianapolis_colts,DST,2021,138.0,8.12,df6d40c6a311d99213ac27f88ddc87c8,2021-2022
8.0,Kansas City Chiefs (KC),31.0,15.0,14.0,18.0,4.0,0.0,0.0,17.0,131.0,7.7,38.0,Kansas City Chiefs,kansas_city_chiefs,DST,2021,131.0,7.71,31dbf5eff5a8fa4cfebfba1a6e4a4017,2021-2022
9.0,Arizona Cardinals (ARI),41.0,13.0,14.0,20.0,2.0,0.0,0.0,17.0,126.0,7.4,5.6,Arizona Cardinals,arizona_cardinals,DST,2021,126.0,7.41,acb6bc2624504fa93b9d4416d9818a11,2021-2022
10.0,Minnesota Vikings (MIN),51.0,16.0,8.0,13.0,2.0,0.0,2.0,17.0,124.0,7.3,38.5,Minnesota Vikings,minnesota_vikings,DST,2021,124.0,7.29,2ebc2316ebcfcf3929a3871d857f3dc4,2021-2022
11.0,Tennessee Titans (TEN),43.0,16.0,6.0,10.0,4.0,0.0,0.0,17.0,123.0,7.2,17.1,Tennessee Titans,tennessee_titans,DST,2021,123.0,7.24,b4f9759352f893941bc644d0ee4c6b72,2021-2022
12.0,Los Angeles Rams (LAR),50.0,19.0,6.0,13.0,0.0,0.0,1.0,17.0,121.0,7.1,54.2,Los Angeles Rams,los_angeles_rams,DST,2021,121.0,7.12,013f05e988ed8b195de670a33d5e7802,2021-2022
13.0,Denver Broncos (DEN),36.0,13.0,6.0,6.0,1.0,0.0,0.0,17.0,119.0,7.0,91.2,Denver Broncos,denver_broncos,DST,2021,119.0,7.0,0499751af48de6ddfad7499e80a63c7c,2021-2022
14.0,San Francisco 49ers (SF),48.0,9.0,11.0,21.0,2.0,0.0,0.0,17.0,118.0,6.9,34.5,San Francisco 49ers,san_francisco_49ers,DST,2021,118.0,6.94,4d636a30633ce46864ce3ce521345e14,2021-2022
15.0,Green Bay Packers (GB),39.0,18.0,8.0,9.0,2.0,0.0,0.0,17.0,117.0,6.9,42.1,Green Bay Packers,green_bay_packers,DST,2021,117.0,6.88,abd552788cb468bb35a0083efacca942,2021-2022
17.0,Pittsburgh Steelers (PIT),55.0,13.0,9.0,16.0,0.0,0.0,1.0,17.0,111.0,6.5,66.8,Pittsburgh Steelers,pittsburgh_steelers,DST,2021,111.0,6.53,e5503c0c96df1547663b0fcc1cb146e1,2021-2022
16.0,Philadelphia Eagles (PHI),29.0,12.0,4.0,11.0,5.0,0.0,0.0,17.0,111.0,6.5,69.0,Philadelphia Eagles,philadelphia_eagles,DST,2021,111.0,6.53,5902babb5950641cc3f1f01ce4be54ad,2021-2022
18.0,Cincinnati Bengals (CIN),42.0,13.0,8.0,14.0,2.0,0.0,0.0,17.0,108.0,6.4,8.7,Cincinnati Bengals,cincinnati_bengals,DST,2021,108.0,6.35,ba8d320581e53e4a8e7d72eb95cbe923,2021-2022
19.0,Chicago Bears (CHI),49.0,8.0,8.0,12.0,2.0,1.0,1.0,17.0,105.0,6.2,24.8,Chicago Bears,chicago_bears,DST,2021,105.0,6.18,61aa881865eac33d0656a134896c4a29,2021-2022
20.0,Cleveland Browns (CLE),43.0,13.0,6.0,12.0,2.0,0.0,0.0,17.0,104.0,6.1,45.2,Cleveland Browns,cleveland_browns,DST,2021,104.0,6.12,3b45d5d19b2dc000c356a173becd7e88,2021-2022
21.0,Seattle Seahawks (SEA),34.0,11.0,7.0,8.0,0.0,1.0,1.0,17.0,95.0,5.6,87.9,Seattle Seahawks,seattle_seahawks,DST,2021,95.0,5.59,60ff619a89c2ef31208acc9f4cad44ab,2021-2022
22.0,Washington Commanders (WAS),38.0,11.0,7.0,9.0,2.0,0.0,1.0,17.0,92.0,5.4,22.3,Washington Commanders,washington_commanders,DST,2021,92.0,5.41,5607536a364bd6a76d1228dbc1f9f7cc,2021-2022
23.0,Carolina Panthers (CAR),39.0,9.0,7.0,11.0,0.0,1.0,1.0,17.0,89.0,5.2,10.5,Carolina Panthers,carolina_panthers,DST,2021,89.0,5.24,b9e367d75ca1cfc7a0a53d2db9fb2b6a,2021-2022
24.0,Houston Texans (HOU),32.0,17.0,8.0,15.0,1.0,1.0,1.0,17.0,87.0,5.1,88.7,Houston Texans,houston_texans,DST,2021,87.0,5.12,2c3d40342b0dbea4f36933c62c80045f,2021-2022
25.0,New York Giants (NYG),34.0,15.0,7.0,10.0,1.0,1.0,0.0,17.0,86.0,5.1,23.6,New York Giants,new_york_giants,DST,2021,86.0,5.06,fe44f1beffaf390b91b614131cffb8e4,2021-2022
26.0,Baltimore Ravens (BAL),34.0,9.0,6.0,8.0,2.0,0.0,0.0,17.0,85.0,5.0,39.4,Baltimore Ravens,baltimore_ravens,DST,2021,85.0,5.0,546482590765b5b945a18f243c43cb40,2021-2022
27.0,Los Angeles Chargers (LAC),35.0,11.0,10.0,18.0,1.0,0.0,1.0,17.0,78.0,4.6,35.4,Los Angeles Chargers,los_angeles_chargers,DST,2021,78.0,4.59,b4c46b0fdbb96fb552c27bb4980ff004,2021-2022
29.0,Atlanta Falcons (ATL),18.0,12.0,8.0,10.0,2.0,1.0,0.0,17.0,65.0,3.8,20.5,Atlanta Falcons,atlanta_falcons,DST,2021,65.0,3.82,88dea9315e92b7a30ed88ea8ac35dfe5,2021-2022
28.0,Las Vegas Raiders (LV),35.0,6.0,9.0,9.0,0.0,1.0,0.0,17.0,65.0,3.8,14.5,Las Vegas Raiders,las_vegas_raiders,DST,2021,65.0,3.82,84d10fc9ab00beaab090ab2ddf54b782,2021-2022
30.0,Jacksonville Jaguars (JAC),32.0,7.0,2.0,6.0,1.0,0.0,1.0,17.0,64.0,3.8,51.6,Jacksonville Jaguars,jacksonville_jaguars,DST,2021,64.0,3.76,097f36052d6b851a0105d3a6fcb79abb,2021-2022
32.0,Detroit Lions (DET),30.0,11.0,8.0,11.0,0.0,0.0,0.0,17.0,58.0,3.4,57.8,Detroit Lions,detroit_lions,DST,2021,58.0,3.41,cde94d9d0bbee255cb7bb769a8b08fed,2021-2022
31.0,New York Jets (NYJ),33.0,7.0,7.0,12.0,1.0,0.0,1.0,17.0,58.0,3.4,8.6,New York Jets,new_york_jets,DST,2021,58.0,3.41,36625a19100d319b782802299ceb1545,2021-2022
1.0,Los Angeles Rams (LAR),53.0,14.0,8.0,12.0,4.0,1.0,0.0,16.0,151.0,9.4,54.2,Los Angeles Rams,los_angeles_rams,DST,2020,151.0,9.44,013f05e988ed8b195de670a33d5e7802,2020-2021
2.0,Pittsburgh Steelers (PIT),56.0,18.0,9.0,12.0,3.0,1.0,0.0,17.0,148.0,8.7,66.8,Pittsburgh Steelers,pittsburgh_steelers,DST,2020,148.0,8.71,e5503c0c96df1547663b0fcc1cb146e1,2020-2021
3.0,Indianapolis Colts (IND),40.0,15.0,10.0,11.0,4.0,3.0,2.0,16.0,145.0,9.1,27.3,Indianapolis Colts,indianapolis_colts,DST,2020,145.0,9.06,df6d40c6a311d99213ac27f88ddc87c8,2020-2021
4.0,Miami Dolphins (MIA),41.0,18.0,10.0,14.0,2.0,0.0,1.0,16.0,141.0,8.8,11.8,Miami Dolphins,miami_dolphins,DST,2020,141.0,8.81,ade77d1b7bafd6262f236ed59a2d997b,2020-2021
5.0,Baltimore Ravens (BAL),39.0,10.0,12.0,22.0,3.0,2.0,1.0,16.0,141.0,8.8,39.4,Baltimore Ravens,baltimore_ravens,DST,2020,141.0,8.81,546482590765b5b945a18f243c43cb40,2020-2021
6.0,Washington Commanders (WAS),47.0,16.0,7.0,13.0,3.0,1.0,0.0,16.0,127.0,7.9,22.3,Washington Commanders,washington_commanders,DST,2020,127.0,7.94,5607536a364bd6a76d1228dbc1f9f7cc,2020-2021
7.0,New Orleans Saints (NO),45.0,18.0,8.0,6.0,1.0,1.0,0.0,16.0,126.0,7.9,44.2,New Orleans Saints,new_orleans_saints,DST,2020,126.0,7.88,ce9ad040d50b09a96e1a02f00df062fd,2020-2021
8.0,Tampa Bay Buccaneers (TB),48.0,15.0,10.0,15.0,1.0,1.0,0.0,16.0,119.0,7.4,36.9,Tampa Bay Buccaneers,tampa_bay_buccaneers,DST,2020,119.0,7.44,165eb94a83829ef011e2505c58875b03,2020-2021
9.0,Buffalo Bills (BUF),38.0,15.0,11.0,14.0,3.0,0.0,1.0,16.0,118.0,7.4,52.3,Buffalo Bills,buffalo_bills,DST,2020,118.0,7.38,548c2523fa9fb1c90893ca8a56d023d6,2020-2021
10.0,Arizona Cardinals (ARI),48.0,11.0,10.0,12.0,0.0,1.0,0.0,16.0,110.0,6.9,5.6,Arizona Cardinals,arizona_cardinals,DST,2020,110.0,6.88,acb6bc2624504fa93b9d4416d9818a11,2020-2021
11.0,New England Patriots (NE),24.0,18.0,4.0,5.0,2.0,0.0,2.0,16.0,108.0,6.8,77.3,New England Patriots,new_england_patriots,DST,2020,108.0,6.75,b263234e5bb65163a514706b6345fadc,2020-2021
12.0,Kansas City Chiefs (KC),32.0,16.0,6.0,11.0,2.0,1.0,2.0,16.0,108.0,6.8,38.0,Kansas City Chiefs,kansas_city_chiefs,DST,2020,108.0,6.75,31dbf5eff5a8fa4cfebfba1a6e4a4017,2020-2021
13.0,Seattle Seahawks (SEA),46.0,14.0,8.0,12.0,0.0,3.0,0.0,16.0,105.0,6.6,87.9,Seattle Seahawks,seattle_seahawks,DST,2020,105.0,6.56,60ff619a89c2ef31208acc9f4cad44ab,2020-2021
14.0,New York Giants (NYG),40.0,11.0,11.0,13.0,2.0,0.0,0.0,16.0,103.0,6.4,23.6,New York Giants,new_york_giants,DST,2020,103.0,6.44,fe44f1beffaf390b91b614131cffb8e4,2020-2021
15.0,Philadelphia Eagles (PHI),49.0,8.0,11.0,12.0,3.0,1.0,1.0,16.0,103.0,6.4,69.0,Philadelphia Eagles,philadelphia_eagles,DST,2020,103.0,6.44,5902babb5950641cc3f1f01ce4be54ad,2020-2021
16.0,Carolina Panthers (CAR),29.0,7.0,15.0,13.0,3.0,0.0,0.0,16.0,99.0,6.2,10.5,Carolina Panthers,carolina_panthers,DST,2020,99.0,6.19,b9e367d75ca1cfc7a0a53d2db9fb2b6a,2020-2021
17.0,Cleveland Browns (CLE),38.0,11.0,10.0,16.0,2.0,2.0,0.0,16.0,97.0,6.1,45.2,Cleveland Browns,cleveland_browns,DST,2020,97.0,6.06,3b45d5d19b2dc000c356a173becd7e88,2020-2021
18.0,Green Bay Packers (GB),41.0,11.0,7.0,11.0,2.0,1.0,0.0,16.0,94.0,5.9,42.1,Green Bay Packers,green_bay_packers,DST,2020,94.0,5.88,abd552788cb468bb35a0083efacca942,2020-2021
19.0,Chicago Bears (CHI),35.0,10.0,8.0,13.0,1.0,1.0,1.0,16.0,92.0,5.8,24.8,Chicago Bears,chicago_bears,DST,2020,92.0,5.75,61aa881865eac33d0656a134896c4a29,2020-2021
20.0,San Francisco 49ers (SF),30.0,12.0,8.0,11.0,1.0,0.0,0.0,16.0,90.0,5.6,34.5,San Francisco 49ers,san_francisco_49ers,DST,2020,90.0,5.62,4d636a30633ce46864ce3ce521345e14,2020-2021
21.0,Dallas Cowboys (DAL),31.0,10.0,12.0,13.0,2.0,0.0,1.0,16.0,78.0,4.9,23.5,Dallas Cowboys,dallas_cowboys,DST,2020,78.0,4.88,e9d7b4c6e0c15dce052d9831f6fb0d92,2020-2021
22.0,Denver Broncos (DEN),42.0,10.0,6.0,11.0,0.0,0.0,1.0,16.0,77.0,4.8,91.2,Denver Broncos,denver_broncos,DST,2020,77.0,4.81,0499751af48de6ddfad7499e80a63c7c,2020-2021
23.0,Los Angeles Chargers (LAC),27.0,12.0,7.0,5.0,2.0,1.0,0.0,16.0,76.0,4.8,35.4,Los Angeles Chargers,los_angeles_chargers,DST,2020,76.0,4.75,b4c46b0fdbb96fb552c27bb4980ff004,2020-2021
24.0,Atlanta Falcons (ATL),29.0,12.0,9.0,17.0,1.0,0.0,0.0,16.0,72.0,4.5,20.5,Atlanta Falcons,atlanta_falcons,DST,2020,72.0,4.5,88dea9315e92b7a30ed88ea8ac35dfe5,2020-2021
25.0,New York Jets (NYJ),31.0,10.0,9.0,17.0,1.0,1.0,0.0,16.0,67.0,4.2,8.6,New York Jets,new_york_jets,DST,2020,67.0,4.19,36625a19100d319b782802299ceb1545,2020-2021
26.0,Tennessee Titans (TEN),19.0,15.0,8.0,11.0,2.0,0.0,1.0,17.0,66.0,3.9,17.1,Tennessee Titans,tennessee_titans,DST,2020,66.0,3.88,b4f9759352f893941bc644d0ee4c6b72,2020-2021
27.0,Minnesota Vikings (MIN),23.0,15.0,7.0,8.0,0.0,1.0,0.0,16.0,60.0,3.8,38.5,Minnesota Vikings,minnesota_vikings,DST,2020,60.0,3.75,2ebc2316ebcfcf3929a3871d857f3dc4,2020-2021
28.0,Jacksonville Jaguars (JAC),18.0,12.0,5.0,8.0,1.0,0.0,2.0,16.0,54.0,3.4,51.6,Jacksonville Jaguars,jacksonville_jaguars,DST,2020,54.0,3.38,097f36052d6b851a0105d3a6fcb79abb,2020-2021
29.0,Cincinnati Bengals (CIN),17.0,11.0,6.0,10.0,0.0,0.0,1.0,16.0,45.0,2.8,8.7,Cincinnati Bengals,cincinnati_bengals,DST,2020,45.0,2.81,ba8d320581e53e4a8e7d72eb95cbe923,2020-2021
30.0,Houston Texans (HOU),34.0,3.0,6.0,9.0,1.0,0.0,0.0,16.0,45.0,2.8,88.7,Houston Texans,houston_texans,DST,2020,45.0,2.81,2c3d40342b0dbea4f36933c62c80045f,2020-2021
31.0,Las Vegas Raiders (LV),21.0,10.0,5.0,8.0,0.0,0.0,0.0,16.0,43.0,2.7,14.5,Las Vegas Raiders,las_vegas_raiders,DST,2020,43.0,2.69,84d10fc9ab00beaab090ab2ddf54b782,2020-2021
32.0,Detroit Lions (DET),24.0,7.0,5.0,15.0,0.0,1.0,1.0,16.0,35.0,2.2,57.8,Detroit Lions,detroit_lions,DST,2020,35.0,2.19,cde94d9d0bbee255cb7bb769a8b08fed,2020-2021
