Rank,Player,yds,td,PCT,LG,1-19,20-29,30-39,40-49,50+,XPT,XPA,games_played,fpts_ppr,fpts_ppr_per_game,ROST,player_name,team,position,year,fpts,fpts_per_game,player_id,season
1.0,Jason Myers (SEA),41.0,48.0,85.4,57.0,0.0,5.0,14.0,13.0,9.0,48.0,48.0,17.0,202.0,11.9,77.9,Jason Myers,seattle_seahawks,K,2026,202.0,11.88,5741016e52b58d0d13a65b5af0069534,2026-2027
2.0,Ka'imi Fairbairn (HOU),44.0,48.0,91.7,57.0,0.0,8.0,11.0,16.0,9.0,28.0,28.0,15.0,194.0,12.9,58.0,Ka'imi Fairbairn,houston_texans,K,2026,194.0,12.93,c256a8277a46add96f771cf9f37555bd,2026-2027
3.0,Brandon Aubrey (DAL),36.0,42.0,85.7,64.0,0.0,10.0,5.0,10.0,11.0,47.0,48.0,17.0,187.6,11.0,92.2,Brandon Aubrey,dallas_cowboys,K,2026,187.6,11.04,42a3a483966399465d0469fe841d7643,2026-2027
4.0,Cameron Dicker (LAC),38.0,41.0,92.7,59.0,0.0,7.0,14.0,12.0,5.0,34.0,35.0,17.0,170.0,10.0,83.4,Cameron Dicker,los_angeles_chargers,K,2026,170.0,10.0,346225ca4cd48790d17590f2ea4c2abc,2026-2027
5.0,Cam Little (JAC),30.0,34.0,88.2,68.0,0.0,5.0,9.0,8.0,8.0,50.0,51.0,17.0,164.0,9.6,60.4,Cam Little,jacksonville_jaguars,K,2026,164.0,9.65,e0581f3f6fba10a908b64f7b88ba443e,2026-2027
6.0,Will Reichard (MIN),33.0,35.0,94.3,62.0,0.0,6.0,9.0,7.0,11.0,31.0,31.0,17.0,159.0,9.4,25.7,Will Reichard,minnesota_vikings,K,2026,159.0,9.35,8ebb0a10af4063fc530c7d3a3a97845b,2026-2027
7.0,Chase McLaughlin (TB),32.0,38.0,84.2,65.0,0.0,6.0,9.0,6.0,11.0,32.0,33.0,17.0,156.0,9.2,62.4,Chase McLaughlin,tampa_bay_buccaneers,K,2026,156.0,9.18,a042dc9a59f9da813afec02ae40cfe6c,2026-2027
8.0,Jake Bates (DET),27.0,34.0,79.4,59.0,0.0,6.0,8.0,9.0,4.0,54.0,56.0,17.0,152.0,8.9,75.1,Jake Bates,detroit_lions,K,2026,152.0,8.94,2acc831acef51f2442ef00b37bbb7691,2026-2027
9.0,Chris Boswell (PIT),27.0,32.0,84.4,60.0,0.0,6.0,2.0,10.0,9.0,42.0,43.0,17.0,151.0,8.9,68.7,Chris Boswell,pittsburgh_steelers,K,2026,151.0,8.88,0977fec5de0efab112de0c2089ef7a30,2026-2027
10.0,Andy Borregales (NE),27.0,32.0,84.4,59.0,2.0,6.0,8.0,7.0,4.0,53.0,55.0,17.0,149.0,8.8,30.0,Andy Borregales,new_england_patriots,K,2026,149.0,8.76,101d6dbea571d1fbf6dbc7629640045c,2026-2027
11.0,Harrison Butker (KC),33.0,38.0,86.8,59.0,1.0,9.0,9.0,9.0,5.0,31.0,35.0,17.0,149.0,8.8,46.5,Harrison Butker,kansas_city_chiefs,K,2026,149.0,8.76,6e088e88caf9bc73a8f6a7ef195e8681,2026-2027
12.0,Tyler Loop (BAL),30.0,34.0,88.2,52.0,0.0,10.0,11.0,8.0,1.0,44.0,46.0,17.0,144.0,8.5,51.7,Tyler Loop,baltimore_ravens,K,2026,144.0,8.47,816fd1e9978c5d6b0183708a6a150aeb,2026-2027
13.0,Eddy Pineiro (SF),28.0,29.0,96.6,59.0,0.0,5.0,7.0,10.0,6.0,34.0,38.0,14.0,140.0,10.0,32.9,Eddy Pineiro,san_francisco_49ers,K,2026,140.0,10.0,e04adf7d0fd59ec6fd062fde3e8b6fad,2026-2027
14.0,Evan McPherson (CIN),25.0,28.0,89.3,63.0,0.0,4.0,6.0,10.0,5.0,41.0,44.0,17.0,136.0,8.0,41.8,Evan McPherson,cincinnati_bengals,K,2026,136.0,8.0,550ff4d6410ff64bf830fff6aa0d62c0,2026-2027
15.0,Joey Slye (TEN),28.0,35.0,80.0,58.0,0.0,6.0,6.0,7.0,9.0,26.0,27.0,16.0,135.0,8.4,5.2,Joey Slye,tennessee_titans,K,2026,135.0,8.44,f65cf51ab183237c52657984188fc47a,2026-2027
16.0,Wil Lutz (DEN),28.0,32.0,87.5,57.0,0.0,10.0,11.0,3.0,4.0,39.0,39.0,17.0,134.0,7.9,31.0,Wil Lutz,denver_broncos,K,2026,134.0,7.88,4e2d3c9822f5a67fcef8dd3fe1e1099d,2026-2027
17.0,Cairo Santos (CHI),25.0,30.0,83.3,54.0,0.0,3.0,8.0,10.0,4.0,39.0,39.0,15.0,132.0,8.8,26.0,Cairo Santos,chicago_bears,K,2026,132.0,8.8,b5fed1f066a2dcd03f16e11f6ceb6d57,2026-2027
18.0,Riley Patterson (MIA),27.0,29.0,93.1,54.0,0.0,5.0,8.0,11.0,3.0,34.0,35.0,17.0,132.0,7.8,8.6,Riley Patterson,miami_dolphins,K,2026,132.0,7.76,4ccecad039a7e6fe847d6679fea045ce,2026-2027
19.0,Chad Ryland (ARI),25.0,33.0,75.8,57.0,0.0,5.0,7.0,7.0,6.0,36.0,36.0,17.0,130.0,7.6,4.0,Chad Ryland,arizona_cardinals,K,2026,130.0,7.65,77516da5c0c8ecb8222b21323eb2808e,2026-2027
20.0,Blake Grupe (IND),29.0,37.0,78.4,60.0,0.0,9.0,10.0,3.0,7.0,25.0,25.0,16.0,129.0,8.1,2.9,Blake Grupe,indianapolis_colts,K,2026,129.0,8.06,c58fdc055d9fa7d10aa957e2cf17647d,2026-2027
21.0,Nick Folk (ATL),28.0,29.0,96.6,58.0,0.0,5.0,9.0,7.0,7.0,22.0,22.0,16.0,127.0,7.9,6.6,Nick Folk,atlanta_falcons,K,2026,127.0,7.94,322e5a1757e21d4c7d86be90d6b9c4af,2026-2027
22.0,Jake Elliott (PHI),20.0,27.0,74.1,58.0,0.0,3.0,6.0,7.0,4.0,41.0,42.0,17.0,116.0,6.8,44.7,Jake Elliott,philadelphia_eagles,K,2026,116.0,6.82,2989302d397b7a68e7fb36a3191fac80,2026-2027
23.0,Brandon McManus (GB),24.0,30.0,80.0,56.0,0.0,10.0,8.0,3.0,3.0,32.0,33.0,14.0,113.0,8.1,16.7,Brandon McManus,green_bay_packers,K,2026,113.0,8.07,46b7da0fc45129bc5d269c46c0451c7f,2026-2027
24.0,Andre Szmyt (CLE),24.0,27.0,88.9,55.0,0.0,4.0,10.0,5.0,5.0,25.0,26.0,17.0,112.0,6.6,3.7,Andre Szmyt,cleveland_browns,K,2026,112.0,6.59,d925a6276836f7478ba0d2d26ae68e9e,2026-2027
25.0,Ryan Fitzgerald (CAR),24.0,29.0,82.8,57.0,0.0,6.0,8.0,8.0,2.0,27.0,30.0,17.0,111.0,6.5,4.2,Ryan Fitzgerald,carolina_panthers,K,2026,111.0,6.53,4bf5fd1732330249aea9aa73be87d2e1,2026-2027
26.0,Matt Prater (FA),18.0,20.0,90.0,52.0,0.0,4.0,7.0,6.0,1.0,46.0,49.0,15.0,108.0,7.2,22.1,Matt Prater,free_agent,K,2026,108.0,7.2,547c9595674184ed1d7f629a013c98c3,2026-2027
27.0,Daniel Carlson (LV),22.0,27.0,81.5,60.0,0.0,5.0,6.0,6.0,5.0,21.0,22.0,17.0,103.0,6.1,6.9,Daniel Carlson,las_vegas_raiders,K,2026,103.0,6.06,85b7b13e233d71a71f771b284d83332c,2026-2027
28.0,Zane Gonzalez (MIA),19.0,22.0,86.4,56.0,0.0,1.0,3.0,8.0,7.0,17.0,18.0,9.0,96.0,10.7,3.1,Zane Gonzalez,miami_dolphins,K,2026,96.0,10.67,bdb4595b9992a2d91e764448286180fe,2026-2027
29.0,Matt Gay (LV),17.0,23.0,73.9,56.0,0.0,4.0,3.0,6.0,4.0,26.0,26.0,12.0,91.0,7.6,8.9,Matt Gay,las_vegas_raiders,K,2026,91.0,7.58,858c9654e8ddbd76e9cc965dc20c0c3a,2026-2027
30.0,Harrison Mevis (LAR),12.0,13.0,92.3,52.0,0.0,3.0,3.0,5.0,1.0,39.0,39.0,9.0,82.0,9.1,27.8,Harrison Mevis,los_angeles_rams,K,2026,82.0,9.11,3a56afa00457369c1c8768079c5a517d,2026-2027
31.0,Jake Moody (WAS),19.0,23.0,82.6,56.0,0.0,5.0,7.0,5.0,2.0,15.0,16.0,9.0,81.0,9.0,2.3,Jake Moody,washington_commanders,K,2026,81.0,9.0,f0a9b7b1ba8a04c09eccf19dc6ad04d6,2026-2027
32.0,Michael Badgley (FA),11.0,12.0,91.7,53.0,0.0,1.0,3.0,5.0,2.0,20.0,25.0,9.0,62.0,6.9,6.4,Michael Badgley,free_agent,K,2026,62.0,6.89,a2b3facb46c41621a0125388798d71bb,2026-2027
33.0,Charlie Smyth (NO),12.0,16.0,75.0,57.0,0.0,1.0,4.0,3.0,4.0,13.0,13.0,6.0,60.0,10.0,1.6,Charlie Smyth,new_orleans_saints,K,2026,60.0,10.0,e8aef17f22992baf20a4ed48ecd7e1c8,2026-2027
34.0,Joshua Karty (ARI),10.0,15.0,66.7,51.0,0.0,3.0,3.0,3.0,1.0,23.0,26.0,8.0,58.0,7.3,3.4,Joshua Karty,arizona_cardinals,K,2026,58.0,7.25,34d22431e7d2be29cece839d051229c3,2026-2027
35.0,Spencer Shrader (IND),13.0,14.0,92.9,52.0,0.0,5.0,5.0,2.0,1.0,14.0,14.0,5.0,57.0,11.4,1.5,Spencer Shrader,indianapolis_colts,K,2026,57.0,11.4,282d4b04bcda03fcff06eadcf45f7974,2026-2027
36.0,Parker Romo (FA),11.0,14.0,78.6,54.0,0.0,2.0,7.0,1.0,1.0,12.0,13.0,7.0,48.0,6.9,8.4,Parker Romo,free_agent,K,2026,48.0,6.86,a824f579548cc6c8754017f5646df3a6,2026-2027
37.0,Graham Gano (FA),9.0,10.0,90.0,55.0,0.0,3.0,4.0,1.0,1.0,9.0,9.0,5.0,39.0,7.8,1.0,Graham Gano,free_agent,K,2026,39.0,7.8,07cd09367f788258c41b718c587ff286,2026-2027
38.0,Younghoe Koo (FA),6.0,9.0,66.7,44.0,1.0,1.0,2.0,2.0,0.0,13.0,14.0,6.0,33.0,5.5,3.6,Younghoe Koo,free_agent,K,2026,33.0,5.5,431aadba792cdf98299bb1b88da6c172,2026-2027
39.0,Ben Sauls (NYG),8.0,8.0,100.0,45.0,0.0,3.0,4.0,1.0,0.0,7.0,7.0,3.0,32.0,10.7,4.5,Ben Sauls,new_york_giants,K,2026,32.0,10.67,2598c231824d279642399e72f6a4dfc3,2026-2027
41.0,Lucas Havrisik (GB),4.0,4.0,100.0,61.0,0.0,0.0,2.0,1.0,1.0,7.0,9.0,3.0,22.0,7.3,12.3,Lucas Havrisik,green_bay_packers,K,2026,22.0,7.33,65cd7d77a93343a5bbbc5bc256b05039,2026-2027
40.0,Matthew Wright (FA),5.0,5.0,100.0,46.0,0.0,1.0,1.0,3.0,0.0,4.0,4.0,4.0,22.0,5.5,0.9,Matthew Wright,free_agent,K,2026,22.0,5.5,bd28111992a581b48c01cd201ce51545,2026-2027
42.0,Jude McAtamney (FA),2.0,2.0,100.0,31.0,0.0,1.0,1.0,0.0,0.0,9.0,12.0,4.0,15.0,3.8,0.6,Jude McAtamney,free_agent,K,2026,15.0,3.75,0ae2acb1fb4c4f76d79f44cdfa57399e,2026-2027
51.0,Piotr Czech (PIT),0.0,0.0,0.0,0.0,0.0,0.0,0.0,0.0,0.0,0.0,0.0,0.0,0.0,0.0,0.0,Piotr Czech,pittsburgh_steelers,K,2026,0.0,NaN,d01cbd8c8bea6068781f040236756b44,2026-2027
62.0,Saverio Rocca (WAS),0.0,0.0,0.0,0.0,0.0,0.0,0.0,0.0,0.0,0.0,0.0,0.0,0.0,0.0,0.0,Saverio Rocca,washington_commanders,K,2026,0.0,NaN,f1c9d80b8e1ec30f54496ee011e580e0,2026-2027
43.0,Jason Sanders (NYG),0.0,0.0,0.0,0.0,0.0,0.0,0.0,0.0,0.0,0.0,0.0,0.0,0.0,0.0,6.6,Jason Sanders,new_york_giants,K,2026,0.0,NaN,ecb5c94370b1e964cc3359cdc95ab791,2026-2027
44.0,Tyler Bass (BUF),0.0,0.0,0.0,0.0,0.0,0.0,0.0,0.0,0.0,0.0,0.0,0.0,0.0,0.0,13.7,Tyler Bass,buffalo_bills,K,2026,0.0,NaN,88f1743321f6a6b606285539a73eade9,2026-2027
45.0,Maddux Trujillo (BUF),0.0,0.0,0.0,0.0,0.0,0.0,0.0,0.0,0.0,0.0,0.0,0.0,0.0,0.0,1.0,Maddux Trujillo,buffalo_bills,K,2026,0.0,NaN,7008065be8d6b4207ce1a741958b1208,2026-2027
46.0,Lenny Krieg (NYJ),0.0,0.0,0.0,0.0,0.0,0.0,0.0,0.0,0.0,0.0,0.0,0.0,0.0,0.0,1.0,Lenny Krieg,new_york_jets,K,2026,0.0,NaN,7dd3ba596af0f7815642e31307a23c4b,2026-2027
47.0,Cade York (NYJ),0.0,0.0,0.0,0.0,0.0,0.0,0.0,0.0,0.0,0.0,0.0,0.0,0.0,0.0,10.4,Cade York,new_york_jets,K,2026,0.0,NaN,58f214b6996ffa399a47855c9c9b7da5,2026-2027
48.0,Zac Derr (ATL),0.0,0.0,0.0,0.0,0.0,0.0,0.0,0.0,0.0,0.0,0.0,0.0,0.0,0.0,0.0,Zac Derr,atlanta_falcons,K,2026,0.0,NaN,c8e7d9d7c79d64214efe75ccd5d391ad,2026-2027
49.0,Steven Weatherford (NYJ),0.0,0.0,0.0,0.0,0.0,0.0,0.0,0.0,0.0,0.0,0.0,0.0,0.0,0.0,0.0,Steven Weatherford,new_york_jets,K,2026,0.0,NaN,1562e046b08ac6dcf71f23044b264eef,2026-2027
50.0,Ricky Schmit (SF),0.0,0.0,0.0,0.0,0.0,0.0,0.0,0.0,0.0,0.0,0.0,0.0,0.0,0.0,0.0,Ricky Schmit,san_francisco_49ers,K,2026,0.0,NaN,0f8f52bb839cfba7485e45019b990cab,2026-2027
52.0,Jason Reda (CLE),0.0,0.0,0.0,0.0,0.0,0.0,0.0,0.0,0.0,0.0,0.0,0.0,0.0,0.0,0.0,Jason Reda,cleveland_browns,K,2026,0.0,NaN,51f4c7c2f322a9e8e9aed8ad1d336e36,2026-2027
53.0,Garrett Rivas (TB),0.0,0.0,0.0,0.0,0.0,0.0,0.0,0.0,0.0,0.0,0.0,0.0,0.0,0.0,0.0,Garrett Rivas,tampa_bay_buccaneers,K,2026,0.0,NaN,1cf78f2b767ae610c486b459524004cb,2026-2027
54.0,Carlos Martinez (DAL),0.0,0.0,0.0,0.0,0.0,0.0,0.0,0.0,0.0,0.0,0.0,0.0,0.0,0.0,0.0,Carlos Martinez,dallas_cowboys,K,2026,0.0,NaN,b8817266f0ba1972f2c62b80b0a306d8,2026-2027
55.0,Andrew Wellock (CAR),0.0,0.0,0.0,0.0,0.0,0.0,0.0,0.0,0.0,0.0,0.0,0.0,0.0,0.0,0.0,Andrew Wellock,carolina_panthers,K,2026,0.0,NaN,5385fbc996c826d3ca353055a314a268,2026-2027
56.0,Parker Douglass (NYJ),0.0,0.0,0.0,0.0,0.0,0.0,0.0,0.0,0.0,0.0,0.0,0.0,0.0,0.0,0.0,Parker Douglass,new_york_jets,K,2026,0.0,NaN,eb03eaa71f2972c05bab66b4ac987b03,2026-2027
57.0,Mark Hickok (NYG),0.0,0.0,0.0,0.0,0.0,0.0,0.0,0.0,0.0,0.0,0.0,0.0,0.0,0.0,0.0,Mark Hickok,new_york_giants,K,2026,0.0,NaN,86d69e1242f8ba2e262635252328da8b,2026-2027
58.0,MacKenzie Hoambrecker (SF),0.0,0.0,0.0,0.0,0.0,0.0,0.0,0.0,0.0,0.0,0.0,0.0,0.0,0.0,0.0,MacKenzie Hoambrecker,san_francisco_49ers,K,2026,0.0,NaN,97e45d3a088c2678251ee6598b25acba,2026-2027
59.0,Andrew Jacas (SF),0.0,0.0,0.0,0.0,0.0,0.0,0.0,0.0,0.0,0.0,0.0,0.0,0.0,0.0,0.0,Andrew Jacas,san_francisco_49ers,K,2026,0.0,NaN,3ea039fe61c5da271af89e0e4017068d,2026-2027
60.0,Connor Hughes (DAL),0.0,0.0,0.0,0.0,0.0,0.0,0.0,0.0,0.0,0.0,0.0,0.0,0.0,0.0,0.0,Connor Hughes,dallas_cowboys,K,2026,0.0,NaN,6f6429dc4f7a826d559ec168b0d89de8,2026-2027
61.0,Garrett Lindholm (ATL),0.0,0.0,0.0,0.0,0.0,0.0,0.0,0.0,0.0,0.0,0.0,0.0,0.0,0.0,0.0,Garrett Lindholm,atlanta_falcons,K,2026,0.0,NaN,7878a4f77a82af362aac1f34add737d1,2026-2027
1.0,Jason Myers (SEA),41.0,48.0,85.4,57.0,0.0,5.0,14.0,13.0,9.0,48.0,48.0,17.0,202.0,11.9,77.9,Jason Myers,seattle_seahawks,K,2025,202.0,11.88,5741016e52b58d0d13a65b5af0069534,2025-2026
2.0,Ka'imi Fairbairn (HOU),44.0,48.0,91.7,57.0,0.0,8.0,11.0,16.0,9.0,28.0,28.0,15.0,194.0,12.9,58.0,Ka'imi Fairbairn,houston_texans,K,2025,194.0,12.93,c256a8277a46add96f771cf9f37555bd,2025-2026
3.0,Brandon Aubrey (DAL),36.0,42.0,85.7,64.0,0.0,10.0,5.0,10.0,11.0,47.0,48.0,17.0,187.6,11.0,92.2,Brandon Aubrey,dallas_cowboys,K,2025,187.6,11.04,42a3a483966399465d0469fe841d7643,2025-2026
4.0,Cameron Dicker (LAC),38.0,41.0,92.7,59.0,0.0,7.0,14.0,12.0,5.0,34.0,35.0,17.0,170.0,10.0,83.4,Cameron Dicker,los_angeles_chargers,K,2025,170.0,10.0,346225ca4cd48790d17590f2ea4c2abc,2025-2026
5.0,Cam Little (JAC),30.0,34.0,88.2,68.0,0.0,5.0,9.0,8.0,8.0,50.0,51.0,17.0,164.0,9.6,60.4,Cam Little,jacksonville_jaguars,K,2025,164.0,9.65,e0581f3f6fba10a908b64f7b88ba443e,2025-2026
6.0,Will Reichard (MIN),33.0,35.0,94.3,62.0,0.0,6.0,9.0,7.0,11.0,31.0,31.0,17.0,159.0,9.4,25.7,Will Reichard,minnesota_vikings,K,2025,159.0,9.35,8ebb0a10af4063fc530c7d3a3a97845b,2025-2026
7.0,Chase McLaughlin (TB),32.0,38.0,84.2,65.0,0.0,6.0,9.0,6.0,11.0,32.0,33.0,17.0,156.0,9.2,62.4,Chase McLaughlin,tampa_bay_buccaneers,K,2025,156.0,9.18,a042dc9a59f9da813afec02ae40cfe6c,2025-2026
8.0,Jake Bates (DET),27.0,34.0,79.4,59.0,0.0,6.0,8.0,9.0,4.0,54.0,56.0,17.0,152.0,8.9,75.1,Jake Bates,detroit_lions,K,2025,152.0,8.94,2acc831acef51f2442ef00b37bbb7691,2025-2026
9.0,Chris Boswell (PIT),27.0,32.0,84.4,60.0,0.0,6.0,2.0,10.0,9.0,42.0,43.0,17.0,151.0,8.9,68.7,Chris Boswell,pittsburgh_steelers,K,2025,151.0,8.88,0977fec5de0efab112de0c2089ef7a30,2025-2026
11.0,Harrison Butker (KC),33.0,38.0,86.8,59.0,1.0,9.0,9.0,9.0,5.0,31.0,35.0,17.0,149.0,8.8,46.5,Harrison Butker,kansas_city_chiefs,K,2025,149.0,8.76,6e088e88caf9bc73a8f6a7ef195e8681,2025-2026
10.0,Andy Borregales (NE),27.0,32.0,84.4,59.0,2.0,6.0,8.0,7.0,4.0,53.0,55.0,17.0,149.0,8.8,30.0,Andy Borregales,new_england_patriots,K,2025,149.0,8.76,101d6dbea571d1fbf6dbc7629640045c,2025-2026
12.0,Tyler Loop (BAL),30.0,34.0,88.2,52.0,0.0,10.0,11.0,8.0,1.0,44.0,46.0,17.0,144.0,8.5,51.7,Tyler Loop,baltimore_ravens,K,2025,144.0,8.47,816fd1e9978c5d6b0183708a6a150aeb,2025-2026
13.0,Eddy Pineiro (SF),28.0,29.0,96.6,59.0,0.0,5.0,7.0,10.0,6.0,34.0,38.0,14.0,140.0,10.0,32.9,Eddy Pineiro,san_francisco_49ers,K,2025,140.0,10.0,e04adf7d0fd59ec6fd062fde3e8b6fad,2025-2026
14.0,Evan McPherson (CIN),25.0,28.0,89.3,63.0,0.0,4.0,6.0,10.0,5.0,41.0,44.0,17.0,136.0,8.0,41.8,Evan McPherson,cincinnati_bengals,K,2025,136.0,8.0,550ff4d6410ff64bf830fff6aa0d62c0,2025-2026
15.0,Joey Slye (TEN),28.0,35.0,80.0,58.0,0.0,6.0,6.0,7.0,9.0,26.0,27.0,16.0,135.0,8.4,5.2,Joey Slye,tennessee_titans,K,2025,135.0,8.44,f65cf51ab183237c52657984188fc47a,2025-2026
16.0,Wil Lutz (DEN),28.0,32.0,87.5,57.0,0.0,10.0,11.0,3.0,4.0,39.0,39.0,17.0,134.0,7.9,31.0,Wil Lutz,denver_broncos,K,2025,134.0,7.88,4e2d3c9822f5a67fcef8dd3fe1e1099d,2025-2026
17.0,Cairo Santos (CHI),25.0,30.0,83.3,54.0,0.0,3.0,8.0,10.0,4.0,39.0,39.0,15.0,132.0,8.8,26.0,Cairo Santos,chicago_bears,K,2025,132.0,8.8,b5fed1f066a2dcd03f16e11f6ceb6d57,2025-2026
18.0,Riley Patterson (MIA),27.0,29.0,93.1,54.0,0.0,5.0,8.0,11.0,3.0,34.0,35.0,17.0,132.0,7.8,8.6,Riley Patterson,miami_dolphins,K,2025,132.0,7.76,4ccecad039a7e6fe847d6679fea045ce,2025-2026
19.0,Chad Ryland (ARI),25.0,33.0,75.8,57.0,0.0,5.0,7.0,7.0,6.0,36.0,36.0,17.0,130.0,7.6,4.0,Chad Ryland,arizona_cardinals,K,2025,130.0,7.65,77516da5c0c8ecb8222b21323eb2808e,2025-2026
20.0,Blake Grupe (IND),29.0,37.0,78.4,60.0,0.0,9.0,10.0,3.0,7.0,25.0,25.0,16.0,129.0,8.1,2.9,Blake Grupe,indianapolis_colts,K,2025,129.0,8.06,c58fdc055d9fa7d10aa957e2cf17647d,2025-2026
21.0,Nick Folk (ATL),28.0,29.0,96.6,58.0,0.0,5.0,9.0,7.0,7.0,22.0,22.0,16.0,127.0,7.9,6.6,Nick Folk,atlanta_falcons,K,2025,127.0,7.94,322e5a1757e21d4c7d86be90d6b9c4af,2025-2026
22.0,Jake Elliott (PHI),20.0,27.0,74.1,58.0,0.0,3.0,6.0,7.0,4.0,41.0,42.0,17.0,116.0,6.8,44.7,Jake Elliott,philadelphia_eagles,K,2025,116.0,6.82,2989302d397b7a68e7fb36a3191fac80,2025-2026
23.0,Brandon McManus (GB),24.0,30.0,80.0,56.0,0.0,10.0,8.0,3.0,3.0,32.0,33.0,14.0,113.0,8.1,16.7,Brandon McManus,green_bay_packers,K,2025,113.0,8.07,46b7da0fc45129bc5d269c46c0451c7f,2025-2026
24.0,Andre Szmyt (CLE),24.0,27.0,88.9,55.0,0.0,4.0,10.0,5.0,5.0,25.0,26.0,17.0,112.0,6.6,3.7,Andre Szmyt,cleveland_browns,K,2025,112.0,6.59,d925a6276836f7478ba0d2d26ae68e9e,2025-2026
25.0,Ryan Fitzgerald (CAR),24.0,29.0,82.8,57.0,0.0,6.0,8.0,8.0,2.0,27.0,30.0,17.0,111.0,6.5,4.2,Ryan Fitzgerald,carolina_panthers,K,2025,111.0,6.53,4bf5fd1732330249aea9aa73be87d2e1,2025-2026
26.0,Matt Prater (FA),18.0,20.0,90.0,52.0,0.0,4.0,7.0,6.0,1.0,46.0,49.0,15.0,108.0,7.2,22.1,Matt Prater,free_agent,K,2025,108.0,7.2,547c9595674184ed1d7f629a013c98c3,2025-2026
27.0,Daniel Carlson (LV),22.0,27.0,81.5,60.0,0.0,5.0,6.0,6.0,5.0,21.0,22.0,17.0,103.0,6.1,6.9,Daniel Carlson,las_vegas_raiders,K,2025,103.0,6.06,85b7b13e233d71a71f771b284d83332c,2025-2026
28.0,Zane Gonzalez (MIA),19.0,22.0,86.4,56.0,0.0,1.0,3.0,8.0,7.0,17.0,18.0,9.0,96.0,10.7,3.1,Zane Gonzalez,miami_dolphins,K,2025,96.0,10.67,bdb4595b9992a2d91e764448286180fe,2025-2026
29.0,Matt Gay (LV),17.0,23.0,73.9,56.0,0.0,4.0,3.0,6.0,4.0,26.0,26.0,12.0,91.0,7.6,8.9,Matt Gay,las_vegas_raiders,K,2025,91.0,7.58,858c9654e8ddbd76e9cc965dc20c0c3a,2025-2026
30.0,Harrison Mevis (LAR),12.0,13.0,92.3,52.0,0.0,3.0,3.0,5.0,1.0,39.0,39.0,9.0,82.0,9.1,27.8,Harrison Mevis,los_angeles_rams,K,2025,82.0,9.11,3a56afa00457369c1c8768079c5a517d,2025-2026
31.0,Jake Moody (WAS),19.0,23.0,82.6,56.0,0.0,5.0,7.0,5.0,2.0,15.0,16.0,9.0,81.0,9.0,2.3,Jake Moody,washington_commanders,K,2025,81.0,9.0,f0a9b7b1ba8a04c09eccf19dc6ad04d6,2025-2026
32.0,Michael Badgley (FA),11.0,12.0,91.7,53.0,0.0,1.0,3.0,5.0,2.0,20.0,25.0,9.0,62.0,6.9,6.4,Michael Badgley,free_agent,K,2025,62.0,6.89,a2b3facb46c41621a0125388798d71bb,2025-2026
33.0,Charlie Smyth (NO),12.0,16.0,75.0,57.0,0.0,1.0,4.0,3.0,4.0,13.0,13.0,6.0,60.0,10.0,1.6,Charlie Smyth,new_orleans_saints,K,2025,60.0,10.0,e8aef17f22992baf20a4ed48ecd7e1c8,2025-2026
34.0,Joshua Karty (ARI),10.0,15.0,66.7,51.0,0.0,3.0,3.0,3.0,1.0,23.0,26.0,8.0,58.0,7.3,3.4,Joshua Karty,arizona_cardinals,K,2025,58.0,7.25,34d22431e7d2be29cece839d051229c3,2025-2026
35.0,Spencer Shrader (IND),13.0,14.0,92.9,52.0,0.0,5.0,5.0,2.0,1.0,14.0,14.0,5.0,57.0,11.4,1.5,Spencer Shrader,indianapolis_colts,K,2025,57.0,11.4,282d4b04bcda03fcff06eadcf45f7974,2025-2026
36.0,Parker Romo (FA),11.0,14.0,78.6,54.0,0.0,2.0,7.0,1.0,1.0,12.0,13.0,7.0,48.0,6.9,8.4,Parker Romo,free_agent,K,2025,48.0,6.86,a824f579548cc6c8754017f5646df3a6,2025-2026
37.0,Graham Gano (FA),9.0,10.0,90.0,55.0,0.0,3.0,4.0,1.0,1.0,9.0,9.0,5.0,39.0,7.8,1.0,Graham Gano,free_agent,K,2025,39.0,7.8,07cd09367f788258c41b718c587ff286,2025-2026
38.0,Younghoe Koo (FA),6.0,9.0,66.7,44.0,1.0,1.0,2.0,2.0,0.0,13.0,14.0,6.0,33.0,5.5,3.6,Younghoe Koo,free_agent,K,2025,33.0,5.5,431aadba792cdf98299bb1b88da6c172,2025-2026
39.0,Ben Sauls (NYG),8.0,8.0,100.0,45.0,0.0,3.0,4.0,1.0,0.0,7.0,7.0,3.0,32.0,10.7,4.5,Ben Sauls,new_york_giants,K,2025,32.0,10.67,2598c231824d279642399e72f6a4dfc3,2025-2026
41.0,Lucas Havrisik (GB),4.0,4.0,100.0,61.0,0.0,0.0,2.0,1.0,1.0,7.0,9.0,3.0,22.0,7.3,12.3,Lucas Havrisik,green_bay_packers,K,2025,22.0,7.33,65cd7d77a93343a5bbbc5bc256b05039,2025-2026
40.0,Matthew Wright (FA),5.0,5.0,100.0,46.0,0.0,1.0,1.0,3.0,0.0,4.0,4.0,4.0,22.0,5.5,0.9,Matthew Wright,free_agent,K,2025,22.0,5.5,bd28111992a581b48c01cd201ce51545,2025-2026
42.0,Jude McAtamney (FA),2.0,2.0,100.0,31.0,0.0,1.0,1.0,0.0,0.0,9.0,12.0,4.0,15.0,3.8,0.6,Jude McAtamney,free_agent,K,2025,15.0,3.75,0ae2acb1fb4c4f76d79f44cdfa57399e,2025-2026
52.0,Jason Reda (CLE),0.0,0.0,0.0,0.0,0.0,0.0,0.0,0.0,0.0,0.0,0.0,0.0,0.0,0.0,0.0,Jason Reda,cleveland_browns,K,2025,0.0,NaN,51f4c7c2f322a9e8e9aed8ad1d336e36,2025-2026
56.0,Parker Douglass (NYJ),0.0,0.0,0.0,0.0,0.0,0.0,0.0,0.0,0.0,0.0,0.0,0.0,0.0,0.0,0.0,Parker Douglass,new_york_jets,K,2025,0.0,NaN,eb03eaa71f2972c05bab66b4ac987b03,2025-2026
43.0,Jason Sanders (NYG),0.0,0.0,0.0,0.0,0.0,0.0,0.0,0.0,0.0,0.0,0.0,0.0,0.0,0.0,6.6,Jason Sanders,new_york_giants,K,2025,0.0,NaN,ecb5c94370b1e964cc3359cdc95ab791,2025-2026
44.0,Tyler Bass (BUF),0.0,0.0,0.0,0.0,0.0,0.0,0.0,0.0,0.0,0.0,0.0,0.0,0.0,0.0,13.7,Tyler Bass,buffalo_bills,K,2025,0.0,NaN,88f1743321f6a6b606285539a73eade9,2025-2026
45.0,Maddux Trujillo (BUF),0.0,0.0,0.0,0.0,0.0,0.0,0.0,0.0,0.0,0.0,0.0,0.0,0.0,0.0,1.0,Maddux Trujillo,buffalo_bills,K,2025,0.0,NaN,7008065be8d6b4207ce1a741958b1208,2025-2026
46.0,Lenny Krieg (NYJ),0.0,0.0,0.0,0.0,0.0,0.0,0.0,0.0,0.0,0.0,0.0,0.0,0.0,0.0,1.0,Lenny Krieg,new_york_jets,K,2025,0.0,NaN,7dd3ba596af0f7815642e31307a23c4b,2025-2026
47.0,Cade York (NYJ),0.0,0.0,0.0,0.0,0.0,0.0,0.0,0.0,0.0,0.0,0.0,0.0,0.0,0.0,10.4,Cade York,new_york_jets,K,2025,0.0,NaN,58f214b6996ffa399a47855c9c9b7da5,2025-2026
48.0,Zac Derr (ATL),0.0,0.0,0.0,0.0,0.0,0.0,0.0,0.0,0.0,0.0,0.0,0.0,0.0,0.0,0.0,Zac Derr,atlanta_falcons,K,2025,0.0,NaN,c8e7d9d7c79d64214efe75ccd5d391ad,2025-2026
49.0,Steven Weatherford (NYJ),0.0,0.0,0.0,0.0,0.0,0.0,0.0,0.0,0.0,0.0,0.0,0.0,0.0,0.0,0.0,Steven Weatherford,new_york_jets,K,2025,0.0,NaN,1562e046b08ac6dcf71f23044b264eef,2025-2026
50.0,Ricky Schmit (SF),0.0,0.0,0.0,0.0,0.0,0.0,0.0,0.0,0.0,0.0,0.0,0.0,0.0,0.0,0.0,Ricky Schmit,san_francisco_49ers,K,2025,0.0,NaN,0f8f52bb839cfba7485e45019b990cab,2025-2026
51.0,Piotr Czech (PIT),0.0,0.0,0.0,0.0,0.0,0.0,0.0,0.0,0.0,0.0,0.0,0.0,0.0,0.0,0.0,Piotr Czech,pittsburgh_steelers,K,2025,0.0,NaN,d01cbd8c8bea6068781f040236756b44,2025-2026
62.0,Saverio Rocca (WAS),0.0,0.0,0.0,0.0,0.0,0.0,0.0,0.0,0.0,0.0,0.0,0.0,0.0,0.0,0.0,Saverio Rocca,washington_commanders,K,2025,0.0,NaN,f1c9d80b8e1ec30f54496ee011e580e0,2025-2026
53.0,Garrett Rivas (TB),0.0,0.0,0.0,0.0,0.0,0.0,0.0,0.0,0.0,0.0,0.0,0.0,0.0,0.0,0.0,Garrett Rivas,tampa_bay_buccaneers,K,2025,0.0,NaN,1cf78f2b767ae610c486b459524004cb,2025-2026
54.0,Carlos Martinez (DAL),0.0,0.0,0.0,0.0,0.0,0.0,0.0,0.0,0.0,0.0,0.0,0.0,0.0,0.0,0.0,Carlos Martinez,dallas_cowboys,K,2025,0.0,NaN,b8817266f0ba1972f2c62b80b0a306d8,2025-2026
55.0,Andrew Wellock (CAR),0.0,0.0,0.0,0.0,0.0,0.0,0.0,0.0,0.0,0.0,0.0,0.0,0.0,0.0,0.0,Andrew Wellock,carolina_panthers,K,2025,0.0,NaN,5385fbc996c826d3ca353055a314a268,2025-2026
61.0,Garrett Lindholm (ATL),0.0,0.0,0.0,0.0,0.0,0.0,0.0,0.0,0.0,0.0,0.0,0.0,0.0,0.0,0.0,Garrett Lindholm,atlanta_falcons,K,2025,0.0,NaN,7878a4f77a82af362aac1f34add737d1,2025-2026
57.0,Mark Hickok (NYG),0.0,0.0,0.0,0.0,0.0,0.0,0.0,0.0,0.0,0.0,0.0,0.0,0.0,0.0,0.0,Mark Hickok,new_york_giants,K,2025,0.0,NaN,86d69e1242f8ba2e262635252328da8b,2025-2026
58.0,MacKenzie Hoambrecker (SF),0.0,0.0,0.0,0.0,0.0,0.0,0.0,0.0,0.0,0.0,0.0,0.0,0.0,0.0,0.0,MacKenzie Hoambrecker,san_francisco_49ers,K,2025,0.0,NaN,97e45d3a088c2678251ee6598b25acba,2025-2026
59.0,Andrew Jacas (SF),0.0,0.0,0.0,0.0,0.0,0.0,0.0,0.0,0.0,0.0,0.0,0.0,0.0,0.0,0.0,Andrew Jacas,san_francisco_49ers,K,2025,0.0,NaN,3ea039fe61c5da271af89e0e4017068d,2025-2026
60.0,Connor Hughes (DAL),0.0,0.0,0.0,0.0,0.0,0.0,0.0,0.0,0.0,0.0,0.0,0.0,0.0,0.0,0.0,Connor Hughes,dallas_cowboys,K,2025,0.0,NaN,6f6429dc4f7a826d559ec168b0d89de8,2025-2026
1.0,Brandon Aubrey (DAL),40.0,47.0,85.1,65.0,0.0,4.0,8.0,14.0,14.0,30.0,30.0,17.0,192.0,11.3,92.2,Brandon Aubrey,dallas_cowboys,K,2024,192.0,11.29,42a3a483966399465d0469fe841d7643,2024-2025
2.0,Chris Boswell (PIT),41.0,44.0,93.2,57.0,0.0,9.0,12.0,7.0,13.0,35.0,35.0,17.0,191.0,11.2,68.7,Chris Boswell,pittsburgh_steelers,K,2024,191.0,11.24,0977fec5de0efab112de0c2089ef7a30,2024-2025
3.0,Cameron Dicker (LAC),39.0,42.0,92.9,59.0,1.0,9.0,9.0,11.0,9.0,33.0,36.0,17.0,179.0,10.5,83.4,Cameron Dicker,los_angeles_chargers,K,2024,179.0,10.53,346225ca4cd48790d17590f2ea4c2abc,2024-2025
4.0,Ka'imi Fairbairn (HOU),36.0,42.0,85.7,59.0,0.0,8.0,11.0,4.0,13.0,34.0,36.0,17.0,172.0,10.1,58.0,Ka'imi Fairbairn,houston_texans,K,2024,172.0,10.12,c256a8277a46add96f771cf9f37555bd,2024-2025
5.0,Jason Sanders (NYG),37.0,41.0,90.2,57.0,0.0,7.0,13.0,5.0,12.0,26.0,28.0,17.0,166.0,9.8,6.6,Jason Sanders,new_york_giants,K,2024,166.0,9.76,ecb5c94370b1e964cc3359cdc95ab791,2024-2025
6.0,Chase McLaughlin (TB),30.0,32.0,93.8,56.0,0.0,11.0,7.0,4.0,8.0,54.0,56.0,17.0,164.0,9.6,62.4,Chase McLaughlin,tampa_bay_buccaneers,K,2024,164.0,9.65,a042dc9a59f9da813afec02ae40cfe6c,2024-2025
7.0,Jake Bates (DET),26.0,29.0,89.7,58.0,0.0,3.0,10.0,7.0,6.0,64.0,67.0,17.0,161.0,9.5,75.1,Jake Bates,detroit_lions,K,2024,161.0,9.47,2acc831acef51f2442ef00b37bbb7691,2024-2025
8.0,Wil Lutz (DEN),31.0,34.0,91.2,55.0,0.0,2.0,13.0,11.0,5.0,46.0,46.0,17.0,160.0,9.4,31.0,Wil Lutz,denver_broncos,K,2024,160.0,9.41,4e2d3c9822f5a67fcef8dd3fe1e1099d,2024-2025
9.0,Tyler Bass (BUF),24.0,29.0,82.8,61.0,0.0,6.0,7.0,7.0,4.0,59.0,64.0,17.0,146.0,8.6,13.7,Tyler Bass,buffalo_bills,K,2024,146.0,8.59,88f1743321f6a6b606285539a73eade9,2024-2025
10.0,Daniel Carlson (LV),34.0,40.0,85.0,54.0,0.0,10.0,11.0,6.0,7.0,23.0,25.0,17.0,145.0,8.5,6.9,Daniel Carlson,las_vegas_raiders,K,2024,145.0,8.53,85b7b13e233d71a71f771b284d83332c,2024-2025
11.0,Justin Tucker (FA),22.0,30.0,73.3,56.0,0.0,4.0,7.0,5.0,6.0,60.0,62.0,17.0,143.0,8.4,0.8,Justin Tucker,free_agent,K,2024,143.0,8.41,94e84dfd12167285a496d27d858f98fb,2024-2025
12.0,Jake Elliott (PHI),28.0,36.0,77.8,50.0,0.0,9.0,10.0,8.0,1.0,47.0,48.0,17.0,141.0,8.3,44.7,Jake Elliott,philadelphia_eagles,K,2024,141.0,8.29,2989302d397b7a68e7fb36a3191fac80,2024-2025
13.0,Jason Myers (SEA),26.0,30.0,86.7,59.0,0.0,4.0,6.0,7.0,9.0,37.0,40.0,17.0,140.0,8.2,77.9,Jason Myers,seattle_seahawks,K,2024,140.0,8.24,5741016e52b58d0d13a65b5af0069534,2024-2025
14.0,Matt Gay (LV),31.0,37.0,83.8,56.0,0.0,9.0,12.0,7.0,3.0,33.0,33.0,16.0,139.0,8.7,8.9,Matt Gay,las_vegas_raiders,K,2024,139.0,8.69,858c9654e8ddbd76e9cc965dc20c0c3a,2024-2025
15.0,Joshua Karty (ARI),29.0,34.0,85.3,58.0,0.0,10.0,9.0,4.0,6.0,32.0,36.0,17.0,135.0,7.9,3.4,Joshua Karty,arizona_cardinals,K,2024,135.0,7.94,34d22431e7d2be29cece839d051229c3,2024-2025
17.0,Will Reichard (MIN),24.0,30.0,80.0,58.0,0.0,5.0,6.0,5.0,8.0,38.0,38.0,13.0,131.0,10.1,25.7,Will Reichard,minnesota_vikings,K,2024,131.0,10.08,8ebb0a10af4063fc530c7d3a3a97845b,2024-2025
16.0,Blake Grupe (IND),27.0,31.0,87.1,57.0,0.0,4.0,10.0,7.0,6.0,31.0,33.0,17.0,131.0,7.7,2.9,Blake Grupe,indianapolis_colts,K,2024,131.0,7.71,c58fdc055d9fa7d10aa957e2cf17647d,2024-2025
18.0,Cam Little (JAC),27.0,29.0,93.1,59.0,0.0,8.0,6.0,8.0,5.0,27.0,27.0,17.0,126.0,7.4,60.4,Cam Little,jacksonville_jaguars,K,2024,126.0,7.41,e0581f3f6fba10a908b64f7b88ba443e,2024-2025
19.0,Chad Ryland (ARI),28.0,32.0,87.5,58.0,0.0,6.0,11.0,7.0,4.0,26.0,27.0,13.0,125.0,9.6,4.0,Chad Ryland,arizona_cardinals,K,2024,125.0,9.62,77516da5c0c8ecb8222b21323eb2808e,2024-2025
21.0,Joey Slye (TEN),26.0,33.0,78.8,63.0,0.0,5.0,10.0,5.0,6.0,25.0,26.0,17.0,120.0,7.1,5.2,Joey Slye,tennessee_titans,K,2024,120.0,7.06,f65cf51ab183237c52657984188fc47a,2024-2025
20.0,Younghoe Koo (FA),25.0,34.0,73.5,58.0,0.0,7.0,5.0,7.0,6.0,26.0,26.0,14.0,120.0,8.6,3.6,Younghoe Koo,free_agent,K,2024,120.0,8.57,431aadba792cdf98299bb1b88da6c172,2024-2025
22.0,Jake Moody (WAS),24.0,34.0,70.6,53.0,0.0,9.0,5.0,6.0,4.0,32.0,33.0,14.0,118.0,8.4,2.3,Jake Moody,washington_commanders,K,2024,118.0,8.43,f0a9b7b1ba8a04c09eccf19dc6ad04d6,2024-2025
23.0,Austin Seibert (FA),27.0,30.0,90.0,55.0,0.0,10.0,7.0,8.0,2.0,22.0,24.0,9.0,115.0,12.8,1.1,Austin Seibert,free_agent,K,2024,115.0,12.78,1b66f1b107c7d717a270ed08d6c96614,2024-2025
24.0,Cairo Santos (CHI),21.0,25.0,84.0,54.0,0.0,4.0,4.0,5.0,8.0,25.0,26.0,17.0,109.0,6.4,26.0,Cairo Santos,chicago_bears,K,2024,109.0,6.41,b5fed1f066a2dcd03f16e11f6ceb6d57,2024-2025
25.0,Nick Folk (ATL),21.0,22.0,95.5,56.0,0.0,5.0,2.0,8.0,6.0,25.0,25.0,14.0,108.0,7.7,6.6,Nick Folk,atlanta_falcons,K,2024,108.0,7.71,322e5a1757e21d4c7d86be90d6b9c4af,2024-2025
26.0,Eddy Pineiro (SF),22.0,26.0,84.6,53.0,0.0,7.0,8.0,6.0,1.0,33.0,35.0,17.0,107.0,6.3,32.9,Eddy Pineiro,san_francisco_49ers,K,2024,107.0,6.29,e04adf7d0fd59ec6fd062fde3e8b6fad,2024-2025
27.0,Harrison Butker (KC),21.0,25.0,84.0,53.0,1.0,7.0,7.0,4.0,2.0,29.0,31.0,13.0,100.0,7.7,46.5,Harrison Butker,kansas_city_chiefs,K,2024,100.0,7.69,6e088e88caf9bc73a8f6a7ef195e8681,2024-2025
28.0,Brandon McManus (GB),20.0,21.0,95.2,55.0,0.0,5.0,9.0,3.0,3.0,30.0,30.0,11.0,99.0,9.0,16.7,Brandon McManus,green_bay_packers,K,2024,99.0,9.0,46b7da0fc45129bc5d269c46c0451c7f,2024-2025
29.0,Evan McPherson (CIN),16.0,22.0,72.7,56.0,0.0,6.0,4.0,3.0,3.0,37.0,38.0,12.0,94.0,7.8,41.8,Evan McPherson,cincinnati_bengals,K,2024,94.0,7.83,550ff4d6410ff64bf830fff6aa0d62c0,2024-2025
30.0,Dustin Hopkins (FA),18.0,27.0,66.7,56.0,0.0,3.0,6.0,5.0,4.0,17.0,20.0,16.0,84.0,5.3,0.7,Dustin Hopkins,free_agent,K,2024,84.0,5.25,9ec642328e5d80f8ac4953ef0bbf5354,2024-2025
31.0,Greg Joseph (FA),16.0,20.0,80.0,52.0,0.0,5.0,5.0,5.0,1.0,11.0,11.0,8.0,66.0,8.3,1.0,Greg Joseph,free_agent,K,2024,66.0,8.25,abc1c8c00831f079e4f60998d0ecef83,2024-2025
32.0,Anders Carlson (FA),13.0,15.0,86.7,58.0,0.0,3.0,2.0,5.0,3.0,12.0,15.0,7.0,62.0,8.9,1.0,Anders Carlson,free_agent,K,2024,62.0,8.86,be73092ce7b08643c151c0319492cae0,2024-2025
33.0,Brayden Narveson (FA),12.0,18.0,66.7,47.0,0.0,4.0,3.0,5.0,0.0,18.0,18.0,7.0,59.0,8.4,1.2,Brayden Narveson,free_agent,K,2024,59.0,8.43,06d9b75d4753a572fc57b19b07910711,2024-2025
34.0,Matthew Wright (FA),15.0,16.0,93.8,50.0,0.0,3.0,8.0,3.0,1.0,6.0,6.0,5.0,56.0,11.2,0.9,Matthew Wright,free_agent,K,2024,56.0,11.2,bd28111992a581b48c01cd201ce51545,2024-2025
35.0,Graham Gano (FA),9.0,11.0,81.8,53.0,0.0,2.0,1.0,4.0,2.0,15.0,15.0,11.0,50.0,4.5,1.0,Graham Gano,free_agent,K,2024,50.0,4.55,07cd09367f788258c41b718c587ff286,2024-2025
36.0,Parker Romo (FA),11.0,12.0,91.7,55.0,0.0,3.0,3.0,4.0,1.0,7.0,8.0,4.0,46.0,11.5,8.4,Parker Romo,free_agent,K,2024,46.0,11.5,a824f579548cc6c8754017f5646df3a6,2024-2025
37.0,Cade York (NYJ),9.0,13.0,69.2,59.0,0.0,5.0,2.0,1.0,1.0,16.0,17.0,6.0,46.0,7.7,10.4,Cade York,new_york_jets,K,2024,46.0,7.67,58f214b6996ffa399a47855c9c9b7da5,2024-2025
38.0,Greg Zuerlein (FA),9.0,15.0,60.0,40.0,0.0,4.0,4.0,1.0,0.0,13.0,14.0,8.0,41.0,5.1,1.4,Greg Zuerlein,free_agent,K,2024,41.0,5.12,1955e5386ec18ae60916ef7fa1485649,2024-2025
39.0,Zane Gonzalez (MIA),5.0,7.0,71.4,48.0,0.0,0.0,1.0,4.0,0.0,19.0,19.0,6.0,38.0,6.3,3.1,Zane Gonzalez,miami_dolphins,K,2024,38.0,6.33,bdb4595b9992a2d91e764448286180fe,2024-2025
40.0,Matt Prater (FA),6.0,6.0,100.0,57.0,0.0,1.0,1.0,3.0,1.0,10.0,10.0,4.0,33.0,8.3,22.1,Matt Prater,free_agent,K,2024,33.0,8.25,547c9595674184ed1d7f629a013c98c3,2024-2025
41.0,Riley Patterson (MIA),4.0,7.0,57.1,52.0,0.0,0.0,3.0,0.0,1.0,16.0,16.0,5.0,30.0,6.0,8.6,Riley Patterson,miami_dolphins,K,2024,30.0,6.0,4ccecad039a7e6fe847d6679fea045ce,2024-2025
42.0,Spencer Shrader (IND),5.0,5.0,100.0,45.0,0.0,2.0,1.0,2.0,0.0,9.0,9.0,4.0,26.0,6.5,1.5,Spencer Shrader,indianapolis_colts,K,2024,26.0,6.5,282d4b04bcda03fcff06eadcf45f7974,2024-2025
43.0,Jude McAtamney (FA),1.0,1.0,100.0,31.0,0.0,0.0,1.0,0.0,0.0,1.0,1.0,1.0,4.0,4.0,0.6,Jude McAtamney,free_agent,K,2024,4.0,4.0,0ae2acb1fb4c4f76d79f44cdfa57399e,2024-2025
44.0,Jack Browning (FA),0.0,0.0,0.0,0.0,0.0,0.0,0.0,0.0,0.0,0.0,0.0,5.0,0.0,0.0,0.2,Jack Browning,free_agent,K,2024,0.0,0.0,12eac863cc455912bd6f95d0ef4e6e40,2024-2025
1.0,Brandon Aubrey (DAL),36.0,38.0,94.7,60.0,0.0,9.0,13.0,4.0,10.0,49.0,52.0,17.0,181.0,10.6,92.2,Brandon Aubrey,dallas_cowboys,K,2023,181.0,10.65,42a3a483966399465d0469fe841d7643,2023-2024
2.0,Justin Tucker (FA),32.0,37.0,86.5,50.0,0.0,10.0,10.0,11.0,1.0,51.0,52.0,17.0,160.0,9.4,0.8,Justin Tucker,free_agent,K,2023,160.0,9.41,94e84dfd12167285a496d27d858f98fb,2023-2024
4.0,Jason Myers (SEA),35.0,42.0,83.3,55.0,0.0,8.0,11.0,12.0,4.0,33.0,33.0,17.0,158.0,9.3,77.9,Jason Myers,seattle_seahawks,K,2023,158.0,9.29,5741016e52b58d0d13a65b5af0069534,2023-2024
3.0,Cairo Santos (CHI),35.0,38.0,92.1,55.0,0.0,9.0,11.0,8.0,7.0,31.0,33.0,17.0,158.0,9.3,26.0,Cairo Santos,chicago_bears,K,2023,158.0,9.29,b5fed1f066a2dcd03f16e11f6ceb6d57,2023-2024
5.0,Matt Gay (LV),33.0,41.0,80.5,57.0,0.0,9.0,9.0,7.0,8.0,35.0,36.0,17.0,157.0,9.2,8.9,Matt Gay,las_vegas_raiders,K,2023,157.0,9.24,858c9654e8ddbd76e9cc965dc20c0c3a,2023-2024
6.0,Jake Elliott (PHI),30.0,32.0,93.8,61.0,0.0,9.0,7.0,7.0,7.0,45.0,46.0,17.0,156.0,9.2,44.7,Jake Elliott,philadelphia_eagles,K,2023,156.0,9.18,2989302d397b7a68e7fb36a3191fac80,2023-2024
7.0,Harrison Butker (KC),33.0,35.0,94.3,60.0,0.0,8.0,13.0,7.0,5.0,38.0,38.0,17.0,154.0,9.1,46.5,Harrison Butker,kansas_city_chiefs,K,2023,154.0,9.06,6e088e88caf9bc73a8f6a7ef195e8681,2023-2024
8.0,Cameron Dicker (LAC),31.0,33.0,93.9,55.0,0.0,7.0,8.0,9.0,7.0,35.0,35.0,17.0,151.0,8.9,83.4,Cameron Dicker,los_angeles_chargers,K,2023,151.0,8.88,346225ca4cd48790d17590f2ea4c2abc,2023-2024
9.0,Blake Grupe (IND),30.0,37.0,81.1,55.0,0.0,10.0,6.0,8.0,6.0,40.0,40.0,17.0,150.0,8.8,2.9,Blake Grupe,indianapolis_colts,K,2023,150.0,8.82,c58fdc055d9fa7d10aa957e2cf17647d,2023-2024
10.0,Dustin Hopkins (FA),33.0,36.0,91.7,58.0,0.0,8.0,7.0,10.0,8.0,24.0,26.0,15.0,149.0,9.9,0.7,Dustin Hopkins,free_agent,K,2023,149.0,9.93,9ec642328e5d80f8ac4953ef0bbf5354,2023-2024
11.0,Jason Sanders (NYG),24.0,28.0,85.7,57.0,0.0,6.0,7.0,6.0,5.0,58.0,59.0,17.0,146.0,8.6,6.6,Jason Sanders,new_york_giants,K,2023,146.0,8.59,ecb5c94370b1e964cc3359cdc95ab791,2023-2024
12.0,Brandon McManus (GB),30.0,37.0,81.1,56.0,0.0,4.0,10.0,11.0,5.0,35.0,35.0,17.0,146.0,8.6,16.7,Brandon McManus,green_bay_packers,K,2023,146.0,8.59,46b7da0fc45129bc5d269c46c0451c7f,2023-2024
13.0,Greg Zuerlein (FA),35.0,38.0,92.1,55.0,0.0,8.0,9.0,13.0,5.0,15.0,16.0,16.0,143.0,8.9,1.4,Greg Zuerlein,free_agent,K,2023,143.0,8.94,1955e5386ec18ae60916ef7fa1485649,2023-2024
14.0,Evan McPherson (CIN),26.0,31.0,83.9,56.0,0.0,5.0,6.0,8.0,7.0,40.0,40.0,17.0,140.0,8.2,41.8,Evan McPherson,cincinnati_bengals,K,2023,140.0,8.24,550ff4d6410ff64bf830fff6aa0d62c0,2023-2024
15.0,Younghoe Koo (FA),32.0,37.0,86.5,54.0,0.0,10.0,10.0,9.0,3.0,27.0,28.0,17.0,138.0,8.1,3.6,Younghoe Koo,free_agent,K,2023,138.0,8.12,431aadba792cdf98299bb1b88da6c172,2023-2024
16.0,Chase McLaughlin (TB),29.0,31.0,93.5,57.0,0.0,8.0,12.0,2.0,7.0,33.0,33.0,17.0,136.0,8.0,62.4,Chase McLaughlin,tampa_bay_buccaneers,K,2023,136.0,8.0,a042dc9a59f9da813afec02ae40cfe6c,2023-2024
17.0,Chris Boswell (PIT),29.0,31.0,93.5,57.0,0.0,9.0,7.0,7.0,6.0,27.0,28.0,17.0,133.0,7.8,68.7,Chris Boswell,pittsburgh_steelers,K,2023,133.0,7.82,0977fec5de0efab112de0c2089ef7a30,2023-2024
18.0,Tyler Bass (BUF),24.0,29.0,82.8,54.0,0.0,4.0,12.0,4.0,4.0,49.0,50.0,17.0,133.0,7.8,13.7,Tyler Bass,buffalo_bills,K,2023,133.0,7.82,88f1743321f6a6b606285539a73eade9,2023-2024
19.0,Nick Folk (ATL),29.0,30.0,96.7,53.0,0.0,9.0,9.0,6.0,5.0,28.0,30.0,17.0,131.0,7.7,6.6,Nick Folk,atlanta_falcons,K,2023,131.0,7.71,322e5a1757e21d4c7d86be90d6b9c4af,2023-2024
20.0,Jake Moody (WAS),21.0,25.0,84.0,57.0,0.0,7.0,8.0,4.0,2.0,60.0,61.0,17.0,131.0,7.7,2.3,Jake Moody,washington_commanders,K,2023,131.0,7.71,f0a9b7b1ba8a04c09eccf19dc6ad04d6,2023-2024
21.0,Matt Prater (FA),28.0,33.0,84.8,62.0,0.0,6.0,7.0,6.0,9.0,22.0,23.0,17.0,130.0,7.6,22.1,Matt Prater,free_agent,K,2023,130.0,7.65,547c9595674184ed1d7f629a013c98c3,2023-2024
22.0,Wil Lutz (DEN),30.0,34.0,88.2,52.0,0.0,11.0,12.0,4.0,3.0,29.0,31.0,17.0,129.0,7.6,31.0,Wil Lutz,denver_broncos,K,2023,129.0,7.59,4e2d3c9822f5a67fcef8dd3fe1e1099d,2023-2024
23.0,Anders Carlson (FA),27.0,33.0,81.8,53.0,0.0,6.0,14.0,4.0,3.0,34.0,39.0,17.0,125.0,7.4,1.0,Anders Carlson,free_agent,K,2023,125.0,7.35,be73092ce7b08643c151c0319492cae0,2023-2024
24.0,Daniel Carlson (LV),26.0,30.0,86.7,54.0,0.0,10.0,6.0,9.0,1.0,32.0,32.0,17.0,121.0,7.1,6.9,Daniel Carlson,las_vegas_raiders,K,2023,121.0,7.12,85b7b13e233d71a71f771b284d83332c,2023-2024
25.0,Greg Joseph (FA),24.0,30.0,80.0,54.0,1.0,7.0,9.0,3.0,4.0,36.0,38.0,17.0,119.0,7.0,1.0,Greg Joseph,free_agent,K,2023,119.0,7.0,abc1c8c00831f079e4f60998d0ecef83,2023-2024
26.0,Ka'imi Fairbairn (HOU),27.0,28.0,96.4,54.0,0.0,10.0,10.0,2.0,5.0,21.0,22.0,12.0,114.0,9.5,58.0,Ka'imi Fairbairn,houston_texans,K,2023,114.0,9.5,c256a8277a46add96f771cf9f37555bd,2023-2024
27.0,Eddy Pineiro (SF),25.0,29.0,86.2,56.0,0.0,6.0,7.0,7.0,5.0,17.0,20.0,15.0,109.0,7.3,32.9,Eddy Pineiro,san_francisco_49ers,K,2023,109.0,7.27,e04adf7d0fd59ec6fd062fde3e8b6fad,2023-2024
28.0,Joey Slye (TEN),19.0,24.0,79.2,61.0,0.0,2.0,7.0,7.0,3.0,32.0,35.0,17.0,102.0,6.0,5.2,Joey Slye,tennessee_titans,K,2023,102.0,6.0,f65cf51ab183237c52657984188fc47a,2023-2024
29.0,Riley Patterson (MIA),16.0,18.0,88.9,52.0,0.0,2.0,11.0,2.0,1.0,41.0,44.0,15.0,93.0,6.2,8.6,Riley Patterson,miami_dolphins,K,2023,93.0,6.2,4ccecad039a7e6fe847d6679fea045ce,2023-2024
30.0,Chad Ryland (ARI),16.0,25.0,64.0,56.0,0.0,4.0,5.0,5.0,2.0,24.0,25.0,17.0,81.0,4.8,4.0,Chad Ryland,arizona_cardinals,K,2023,81.0,4.76,77516da5c0c8ecb8222b21323eb2808e,2023-2024
31.0,Brett Maher (FA),17.0,23.0,73.9,54.0,0.0,3.0,4.0,7.0,3.0,13.0,15.0,8.0,77.0,9.6,1.4,Brett Maher,free_agent,K,2023,77.0,9.62,1e6d1c609c47698dc6b4bc138be7e70d,2023-2024
32.0,Lucas Havrisik (GB),15.0,20.0,75.0,52.0,0.0,8.0,3.0,2.0,2.0,19.0,22.0,9.0,70.0,7.8,12.3,Lucas Havrisik,green_bay_packers,K,2023,70.0,7.78,65cd7d77a93343a5bbbc5bc256b05039,2023-2024
33.0,Graham Gano (FA),11.0,17.0,64.7,57.0,0.0,2.0,3.0,3.0,3.0,8.0,8.0,8.0,50.0,6.3,1.0,Graham Gano,free_agent,K,2023,50.0,6.25,07cd09367f788258c41b718c587ff286,2023-2024
34.0,Randy Bullock (FA),5.0,6.0,83.3,56.0,0.0,0.0,2.0,2.0,1.0,10.0,10.0,6.0,29.0,4.8,1.0,Randy Bullock,free_agent,K,2023,29.0,4.83,ba86bd5d6668bcbec9fa885d1316bdd2,2023-2024
35.0,Matt Ammendola (FA),6.0,9.0,66.7,45.0,0.0,2.0,3.0,1.0,0.0,10.0,11.0,5.0,29.0,5.8,6.0,Matt Ammendola,free_agent,K,2023,29.0,5.8,f1ad476cc033118d66d3d1e470fb3cc6,2023-2024
36.0,Michael Badgley (FA),4.0,4.0,100.0,41.0,0.0,0.0,3.0,1.0,0.0,13.0,15.0,4.0,26.0,6.5,6.4,Michael Badgley,free_agent,K,2023,26.0,6.5,a2b3facb46c41621a0125388798d71bb,2023-2024
37.0,Mason Crosby (FA),5.0,7.0,71.4,52.0,0.0,2.0,2.0,0.0,1.0,6.0,7.0,3.0,23.0,7.7,0.9,Mason Crosby,free_agent,K,2023,23.0,7.67,43caf6ab630759d8dc3769f9622a4c9b,2023-2024
38.0,Austin Seibert (FA),1.0,1.0,100.0,34.0,0.0,0.0,1.0,0.0,0.0,1.0,1.0,1.0,4.0,4.0,1.1,Austin Seibert,free_agent,K,2023,4.0,4.0,1b66f1b107c7d717a270ed08d6c96614,2023-2024
39.0,Matthew Wright (FA),0.0,1.0,0.0,0.0,0.0,0.0,0.0,0.0,0.0,0.0,0.0,1.0,0.0,0.0,0.9,Matthew Wright,free_agent,K,2023,0.0,0.0,bd28111992a581b48c01cd201ce51545,2023-2024
1.0,Justin Tucker (FA),37.0,43.0,86.0,58.0,0.0,13.0,11.0,4.0,9.0,31.0,32.0,17.0,164.0,9.6,0.8,Justin Tucker,free_agent,K,2022,164.0,9.65,94e84dfd12167285a496d27d858f98fb,2022-2023
2.0,Daniel Carlson (LV),34.0,37.0,91.9,57.0,0.0,9.0,11.0,3.0,11.0,35.0,36.0,17.0,162.0,9.5,6.9,Daniel Carlson,las_vegas_raiders,K,2022,162.0,9.53,85b7b13e233d71a71f771b284d83332c,2022-2023
3.0,Brett Maher (FA),29.0,32.0,90.6,60.0,0.0,9.0,5.0,6.0,9.0,50.0,53.0,17.0,161.0,9.5,1.4,Brett Maher,free_agent,K,2022,161.0,9.47,1e6d1c609c47698dc6b4bc138be7e70d,2022-2023
4.0,Jason Myers (SEA),34.0,37.0,91.9,56.0,0.0,9.0,15.0,4.0,6.0,41.0,42.0,17.0,159.0,9.4,77.9,Jason Myers,seattle_seahawks,K,2022,159.0,9.35,5741016e52b58d0d13a65b5af0069534,2022-2023
5.0,Younghoe Koo (FA),32.0,37.0,86.5,54.0,0.0,9.0,7.0,9.0,7.0,33.0,35.0,17.0,152.0,8.9,3.6,Younghoe Koo,free_agent,K,2022,152.0,8.94,431aadba792cdf98299bb1b88da6c172,2022-2023
6.0,Eddy Pineiro (SF),33.0,35.0,94.3,54.0,0.0,2.0,16.0,13.0,2.0,30.0,32.0,17.0,146.0,8.6,32.9,Eddy Pineiro,san_francisco_49ers,K,2022,146.0,8.59,e04adf7d0fd59ec6fd062fde3e8b6fad,2022-2023
7.0,Tyler Bass (BUF),28.0,32.0,87.5,56.0,0.0,5.0,11.0,10.0,2.0,48.0,50.0,17.0,146.0,8.6,13.7,Tyler Bass,buffalo_bills,K,2022,146.0,8.59,88f1743321f6a6b606285539a73eade9,2022-2023
8.0,Nick Folk (ATL),32.0,37.0,86.5,54.0,1.0,9.0,8.0,10.0,4.0,32.0,35.0,17.0,146.0,8.6,6.6,Nick Folk,atlanta_falcons,K,2022,146.0,8.59,322e5a1757e21d4c7d86be90d6b9c4af,2022-2023
9.0,Graham Gano (FA),29.0,32.0,90.6,57.0,0.0,2.0,9.0,10.0,8.0,32.0,34.0,17.0,145.0,8.5,1.0,Graham Gano,free_agent,K,2022,145.0,8.53,07cd09367f788258c41b718c587ff286,2022-2023
10.0,Robbie Gould (FA),27.0,32.0,84.4,51.0,0.0,13.0,5.0,7.0,2.0,50.0,51.0,17.0,142.0,8.4,0.9,Robbie Gould,free_agent,K,2022,142.0,8.35,07e81ea254284e72dca86bb926982c8d,2022-2023
11.0,Riley Patterson (MIA),30.0,35.0,85.7,53.0,0.0,8.0,10.0,10.0,2.0,36.0,37.0,17.0,140.0,8.2,8.6,Riley Patterson,miami_dolphins,K,2022,140.0,8.24,4ccecad039a7e6fe847d6679fea045ce,2022-2023
12.0,Greg Zuerlein (FA),30.0,37.0,81.1,60.0,0.0,5.0,10.0,9.0,6.0,28.0,29.0,17.0,139.0,8.2,1.4,Greg Zuerlein,free_agent,K,2022,139.0,8.18,1955e5386ec18ae60916ef7fa1485649,2022-2023
13.0,Chase McLaughlin (TB),30.0,36.0,83.3,54.0,0.0,7.0,5.0,9.0,9.0,21.0,21.0,16.0,138.0,8.6,62.4,Chase McLaughlin,tampa_bay_buccaneers,K,2022,138.0,8.62,a042dc9a59f9da813afec02ae40cfe6c,2022-2023
14.0,Brandon McManus (GB),28.0,36.0,77.8,55.0,0.0,6.0,4.0,10.0,8.0,25.0,27.0,17.0,135.0,7.9,16.7,Brandon McManus,green_bay_packers,K,2022,135.0,7.94,46b7da0fc45129bc5d269c46c0451c7f,2022-2023
15.0,Jason Sanders (NYG),26.0,32.0,81.3,55.0,0.0,5.0,7.0,12.0,2.0,41.0,44.0,17.0,135.0,7.9,6.6,Jason Sanders,new_york_giants,K,2022,135.0,7.94,ecb5c94370b1e964cc3359cdc95ab791,2022-2023
16.0,Greg Joseph (FA),26.0,33.0,78.8,61.0,0.0,10.0,5.0,7.0,4.0,40.0,46.0,17.0,133.0,7.8,1.0,Greg Joseph,free_agent,K,2022,133.0,7.82,abc1c8c00831f079e4f60998d0ecef83,2022-2023
17.0,Matt Gay (LV),28.0,30.0,93.3,58.0,0.0,9.0,8.0,4.0,7.0,31.0,32.0,17.0,133.0,7.8,8.9,Matt Gay,las_vegas_raiders,K,2022,133.0,7.82,858c9654e8ddbd76e9cc965dc20c0c3a,2022-2023
18.0,Ryan Succop (FA),31.0,38.0,81.6,54.0,0.0,10.0,7.0,12.0,2.0,24.0,25.0,17.0,133.0,7.8,1.0,Ryan Succop,free_agent,K,2022,133.0,7.82,bb30f464f105ca9310726e9dbfa7713c,2022-2023
19.0,Ka'imi Fairbairn (HOU),29.0,31.0,93.5,56.0,0.0,7.0,7.0,9.0,6.0,24.0,24.0,17.0,132.0,7.8,58.0,Ka'imi Fairbairn,houston_texans,K,2022,132.0,7.76,c256a8277a46add96f771cf9f37555bd,2022-2023
20.0,Evan McPherson (CIN),24.0,29.0,82.8,59.0,1.0,5.0,4.0,9.0,5.0,41.0,45.0,17.0,132.0,7.8,41.8,Evan McPherson,cincinnati_bengals,K,2022,132.0,7.76,550ff4d6410ff64bf830fff6aa0d62c0,2022-2023
21.0,Jake Elliott (PHI),20.0,23.0,87.0,56.0,0.0,6.0,8.0,1.0,5.0,51.0,53.0,16.0,122.0,7.6,44.7,Jake Elliott,philadelphia_eagles,K,2022,122.0,7.62,2989302d397b7a68e7fb36a3191fac80,2022-2023
22.0,Cade York (NYJ),24.0,32.0,75.0,58.0,0.0,5.0,9.0,6.0,4.0,35.0,37.0,17.0,121.0,7.1,10.4,Cade York,new_york_jets,K,2022,121.0,7.12,58f214b6996ffa399a47855c9c9b7da5,2022-2023
23.0,Mason Crosby (FA),25.0,29.0,86.2,56.0,0.0,10.0,8.0,6.0,1.0,37.0,39.0,17.0,120.0,7.1,0.9,Mason Crosby,free_agent,K,2022,120.0,7.06,43caf6ab630759d8dc3769f9622a4c9b,2022-2023
24.0,Michael Badgley (FA),24.0,28.0,85.7,53.0,0.0,6.0,7.0,9.0,2.0,33.0,33.0,13.0,118.0,9.1,6.4,Michael Badgley,free_agent,K,2022,118.0,9.08,a2b3facb46c41621a0125388798d71bb,2022-2023
25.0,Joey Slye (TEN),25.0,30.0,83.3,58.0,1.0,8.0,4.0,8.0,4.0,24.0,28.0,17.0,115.0,6.8,5.2,Joey Slye,tennessee_titans,K,2022,115.0,6.76,f65cf51ab183237c52657984188fc47a,2022-2023
26.0,Wil Lutz (DEN),23.0,31.0,74.2,60.0,0.0,6.0,9.0,4.0,4.0,33.0,33.0,17.0,114.0,6.7,31.0,Wil Lutz,denver_broncos,K,2022,114.0,6.71,4e2d3c9822f5a67fcef8dd3fe1e1099d,2022-2023
27.0,Cairo Santos (CHI),21.0,23.0,91.3,51.0,0.0,4.0,7.0,6.0,4.0,27.0,32.0,16.0,104.0,6.5,26.0,Cairo Santos,chicago_bears,K,2022,104.0,6.5,b5fed1f066a2dcd03f16e11f6ceb6d57,2022-2023
28.0,Harrison Butker (KC),18.0,24.0,75.0,62.0,0.0,7.0,4.0,4.0,3.0,38.0,41.0,13.0,102.0,7.8,46.5,Harrison Butker,kansas_city_chiefs,K,2022,102.0,7.85,6e088e88caf9bc73a8f6a7ef195e8681,2022-2023
29.0,Matt Prater (FA),22.0,25.0,88.0,57.0,0.0,1.0,10.0,6.0,5.0,17.0,18.0,13.0,99.0,7.6,22.1,Matt Prater,free_agent,K,2022,99.0,7.62,547c9595674184ed1d7f629a013c98c3,2022-2023
30.0,Chris Boswell (PIT),20.0,28.0,71.4,59.0,0.0,4.0,4.0,5.0,7.0,18.0,18.0,12.0,97.0,8.1,68.7,Chris Boswell,pittsburgh_steelers,K,2022,97.0,8.08,0977fec5de0efab112de0c2089ef7a30,2022-2023
31.0,Cameron Dicker (LAC),21.0,22.0,95.5,48.0,0.0,7.0,7.0,7.0,0.0,24.0,24.0,11.0,94.0,8.5,83.4,Cameron Dicker,los_angeles_chargers,K,2022,94.0,8.55,346225ca4cd48790d17590f2ea4c2abc,2022-2023
32.0,Randy Bullock (FA),17.0,20.0,85.0,51.0,0.0,5.0,5.0,6.0,1.0,28.0,28.0,16.0,87.0,5.4,1.0,Randy Bullock,free_agent,K,2022,87.0,5.44,ba86bd5d6668bcbec9fa885d1316bdd2,2022-2023
33.0,Matthew Wright (FA),15.0,18.0,83.3,59.0,0.0,1.0,6.0,6.0,2.0,15.0,15.0,6.0,70.0,11.7,0.9,Matthew Wright,free_agent,K,2022,70.0,11.67,bd28111992a581b48c01cd201ce51545,2022-2023
34.0,Dustin Hopkins (FA),9.0,10.0,90.0,43.0,0.0,2.0,6.0,1.0,0.0,12.0,12.0,5.0,40.0,8.0,0.7,Dustin Hopkins,free_agent,K,2022,40.0,8.0,9ec642328e5d80f8ac4953ef0bbf5354,2022-2023
35.0,Austin Seibert (FA),3.0,5.0,60.0,48.0,0.0,0.0,1.0,2.0,0.0,12.0,12.0,3.0,23.0,7.7,1.1,Austin Seibert,free_agent,K,2022,23.0,7.67,1b66f1b107c7d717a270ed08d6c96614,2022-2023
36.0,Matt Ammendola (FA),5.0,7.0,71.4,31.0,1.0,3.0,1.0,0.0,0.0,5.0,7.0,4.0,20.0,5.0,6.0,Matt Ammendola,free_agent,K,2022,20.0,5.0,f1ad476cc033118d66d3d1e470fb3cc6,2022-2023
37.0,Rodrigo Blankenship (FA),4.0,5.0,80.0,50.0,0.0,2.0,0.0,1.0,1.0,4.0,5.0,3.0,19.0,6.3,1.9,Rodrigo Blankenship,free_agent,K,2022,19.0,6.33,b2b710b3e68b41276de10216abfc6dc8,2022-2023
38.0,Taylor Bertolet (FA),3.0,3.0,100.0,28.0,0.0,3.0,0.0,0.0,0.0,6.0,6.0,3.0,15.0,5.0,0.0,Taylor Bertolet,free_agent,K,2022,15.0,5.0,f2a200e35fabd6aeaff0b5271b717611,2022-2023
39.0,Caleb Shudak (FA),3.0,4.0,75.0,38.0,0.0,1.0,2.0,0.0,0.0,1.0,1.0,1.0,10.0,10.0,15.5,Caleb Shudak,free_agent,K,2022,10.0,10.0,9d41091617ef36f5e45e23074385c6a1,2022-2023
40.0,Tristan Vizcaino (FA),2.0,2.0,100.0,46.0,0.0,0.0,1.0,1.0,0.0,3.0,3.0,3.0,10.0,3.3,0.0,Tristan Vizcaino,free_agent,K,2022,10.0,3.33,b3e3daa3040e9d400aeb309915839bf9,2022-2023
41.0,Nick Sciba (FA),2.0,2.0,100.0,38.0,0.0,1.0,1.0,0.0,0.0,1.0,1.0,1.0,7.0,7.0,19.8,Nick Sciba,free_agent,K,2022,7.0,7.0,34514eab22d94cb19fba9a33909e118b,2022-2023
42.0,Dominik Eberle (FA),1.0,1.0,100.0,49.0,0.0,0.0,0.0,1.0,0.0,2.0,4.0,1.0,6.0,6.0,4.3,Dominik Eberle,free_agent,K,2022,6.0,6.0,d2be0d239e8ceca9b25cb54d2159b4a4,2022-2023
43.0,Josh Lambo (FA),0.0,0.0,0.0,0.0,0.0,0.0,0.0,0.0,0.0,3.0,4.0,1.0,3.0,3.0,0.6,Josh Lambo,free_agent,K,2022,3.0,3.0,c49bdb7402e92746698ed35eba156779,2022-2023
45.0,Quinn Nordin (FA),0.0,0.0,0.0,0.0,0.0,0.0,0.0,0.0,0.0,0.0,0.0,3.0,0.0,0.0,6.1,Quinn Nordin,free_agent,K,2022,0.0,0.0,0d91f199f6e10c8b54b3c83dff4c3396,2022-2023
44.0,Ramiz Ahmed (FA),0.0,0.0,0.0,0.0,0.0,0.0,0.0,0.0,0.0,0.0,0.0,1.0,0.0,0.0,0.9,Ramiz Ahmed,free_agent,K,2022,0.0,0.0,dc7314f36156395f70f38363591817d0,2022-2023
1.0,Daniel Carlson (LV),40.0,43.0,93.0,56.0,0.0,10.0,12.0,12.0,6.0,30.0,33.0,17.0,174.0,10.2,6.9,Daniel Carlson,las_vegas_raiders,K,2021,174.0,10.24,85b7b13e233d71a71f771b284d83332c,2021-2022
2.0,Nick Folk (ATL),36.0,39.0,92.3,53.0,0.0,9.0,11.0,11.0,5.0,42.0,47.0,17.0,171.0,10.1,6.6,Nick Folk,atlanta_falcons,K,2021,171.0,10.06,322e5a1757e21d4c7d86be90d6b9c4af,2021-2022
3.0,Justin Tucker (FA),35.0,37.0,94.6,66.0,0.0,7.0,9.0,13.0,6.0,32.0,32.0,17.0,162.0,9.5,0.8,Justin Tucker,free_agent,K,2021,162.0,9.53,94e84dfd12167285a496d27d858f98fb,2021-2022
4.0,Chris Boswell (PIT),36.0,40.0,90.0,56.0,0.0,9.0,8.0,11.0,8.0,27.0,29.0,17.0,162.0,9.5,68.7,Chris Boswell,pittsburgh_steelers,K,2021,162.0,9.53,0977fec5de0efab112de0c2089ef7a30,2021-2022
5.0,Matt Gay (LV),32.0,34.0,94.1,55.0,0.0,6.0,15.0,7.0,4.0,48.0,49.0,17.0,159.0,9.4,8.9,Matt Gay,las_vegas_raiders,K,2021,159.0,9.35,858c9654e8ddbd76e9cc965dc20c0c3a,2021-2022
6.0,Greg Joseph (FA),33.0,38.0,86.8,55.0,0.0,8.0,11.0,7.0,7.0,36.0,40.0,17.0,156.0,9.2,1.0,Greg Joseph,free_agent,K,2021,156.0,9.18,abc1c8c00831f079e4f60998d0ecef83,2021-2022
7.0,Evan McPherson (CIN),28.0,33.0,84.8,58.0,0.0,5.0,8.0,6.0,9.0,46.0,48.0,16.0,154.0,9.6,41.8,Evan McPherson,cincinnati_bengals,K,2021,154.0,9.62,550ff4d6410ff64bf830fff6aa0d62c0,2021-2022
8.0,Matt Prater (FA),30.0,37.0,81.1,62.0,0.0,11.0,9.0,3.0,7.0,47.0,49.0,17.0,154.0,9.1,22.1,Matt Prater,free_agent,K,2021,154.0,9.06,547c9595674184ed1d7f629a013c98c3,2021-2022
9.0,Jake Elliott (PHI),30.0,33.0,90.9,58.0,0.0,7.0,10.0,10.0,3.0,44.0,44.0,17.0,150.0,8.8,44.7,Jake Elliott,philadelphia_eagles,K,2021,150.0,8.82,2989302d397b7a68e7fb36a3191fac80,2021-2022
10.0,Dustin Hopkins (FA),30.0,34.0,88.2,50.0,1.0,8.0,6.0,13.0,2.0,40.0,44.0,17.0,147.0,8.6,0.7,Dustin Hopkins,free_agent,K,2021,147.0,8.65,9ec642328e5d80f8ac4953ef0bbf5354,2021-2022
11.0,Tyler Bass (BUF),28.0,32.0,87.5,57.0,0.0,15.0,7.0,4.0,2.0,51.0,51.0,17.0,143.0,8.4,13.7,Tyler Bass,buffalo_bills,K,2021,143.0,8.41,88f1743321f6a6b606285539a73eade9,2021-2022
12.0,Harrison Butker (KC),25.0,28.0,89.3,56.0,0.0,3.0,11.0,4.0,7.0,47.0,49.0,16.0,140.0,8.8,46.5,Harrison Butker,kansas_city_chiefs,K,2021,140.0,8.75,6e088e88caf9bc73a8f6a7ef195e8681,2021-2022
13.0,Greg Zuerlein (FA),29.0,35.0,82.9,56.0,0.0,5.0,15.0,7.0,2.0,42.0,48.0,16.0,140.0,8.8,1.4,Greg Zuerlein,free_agent,K,2021,140.0,8.75,1955e5386ec18ae60916ef7fa1485649,2021-2022
14.0,Ryan Succop (FA),25.0,30.0,83.3,48.0,0.0,11.0,7.0,7.0,0.0,56.0,59.0,17.0,138.0,8.1,1.0,Ryan Succop,free_agent,K,2021,138.0,8.12,bb30f464f105ca9310726e9dbfa7713c,2021-2022
15.0,Mason Crosby (FA),25.0,34.0,73.5,54.0,0.0,9.0,9.0,4.0,3.0,49.0,51.0,17.0,134.0,7.9,0.9,Mason Crosby,free_agent,K,2021,134.0,7.88,43caf6ab630759d8dc3769f9622a4c9b,2021-2022
16.0,Randy Bullock (FA),26.0,31.0,83.9,51.0,0.0,5.0,12.0,8.0,1.0,42.0,45.0,16.0,130.0,8.1,1.0,Randy Bullock,free_agent,K,2021,130.0,8.12,ba86bd5d6668bcbec9fa885d1316bdd2,2021-2022
17.0,Brandon McManus (GB),26.0,31.0,83.9,61.0,0.0,7.0,6.0,8.0,5.0,33.0,34.0,17.0,129.0,7.6,16.7,Brandon McManus,green_bay_packers,K,2021,129.0,7.59,46b7da0fc45129bc5d269c46c0451c7f,2021-2022
18.0,Younghoe Koo (FA),27.0,29.0,93.1,54.0,0.0,8.0,9.0,6.0,4.0,30.0,30.0,17.0,125.0,7.4,3.6,Younghoe Koo,free_agent,K,2021,125.0,7.35,431aadba792cdf98299bb1b88da6c172,2021-2022
19.0,Graham Gano (FA),29.0,33.0,87.9,55.0,0.0,5.0,12.0,5.0,7.0,17.0,17.0,17.0,123.0,7.2,1.0,Graham Gano,free_agent,K,2021,123.0,7.24,07cd09367f788258c41b718c587ff286,2021-2022
20.0,Cairo Santos (CHI),26.0,30.0,86.7,47.0,0.0,10.0,5.0,11.0,0.0,27.0,28.0,17.0,116.0,6.8,26.0,Cairo Santos,chicago_bears,K,2021,116.0,6.82,b5fed1f066a2dcd03f16e11f6ceb6d57,2021-2022
21.0,Jason Sanders (NYG),23.0,31.0,74.2,51.0,0.0,6.0,7.0,8.0,2.0,34.0,35.0,17.0,115.0,6.8,6.6,Jason Sanders,new_york_giants,K,2021,115.0,6.76,ecb5c94370b1e964cc3359cdc95ab791,2021-2022
22.0,Robbie Gould (FA),20.0,23.0,87.0,52.0,0.0,6.0,4.0,7.0,3.0,39.0,40.0,13.0,112.0,8.6,0.9,Robbie Gould,free_agent,K,2021,112.0,8.62,07e81ea254284e72dca86bb926982c8d,2021-2022
23.0,Jason Myers (SEA),17.0,23.0,73.9,53.0,0.0,2.0,9.0,3.0,3.0,44.0,47.0,17.0,104.0,6.1,77.9,Jason Myers,seattle_seahawks,K,2021,104.0,6.12,5741016e52b58d0d13a65b5af0069534,2021-2022
24.0,Michael Badgley (FA),18.0,22.0,81.8,46.0,0.0,4.0,6.0,8.0,0.0,40.0,41.0,13.0,102.0,7.8,6.4,Michael Badgley,free_agent,K,2021,102.0,7.85,a2b3facb46c41621a0125388798d71bb,2021-2022
25.0,Joey Slye (TEN),23.0,25.0,92.0,56.0,0.0,9.0,5.0,5.0,4.0,18.0,22.0,12.0,100.0,8.3,5.2,Joey Slye,tennessee_titans,K,2021,100.0,8.33,f65cf51ab183237c52657984188fc47a,2021-2022
26.0,Zane Gonzalez (MIA),20.0,22.0,90.9,57.0,0.0,6.0,1.0,10.0,3.0,22.0,23.0,12.0,98.0,8.2,3.1,Zane Gonzalez,miami_dolphins,K,2021,98.0,8.17,bdb4595b9992a2d91e764448286180fe,2021-2022
27.0,Chase McLaughlin (TB),15.0,21.0,71.4,57.0,0.0,3.0,4.0,4.0,4.0,36.0,37.0,16.0,93.0,5.8,62.4,Chase McLaughlin,tampa_bay_buccaneers,K,2021,93.0,5.81,a042dc9a59f9da813afec02ae40cfe6c,2021-2022
28.0,Matthew Wright (FA),21.0,24.0,87.5,56.0,0.0,7.0,7.0,3.0,4.0,13.0,15.0,14.0,87.0,6.2,0.9,Matthew Wright,free_agent,K,2021,87.0,6.21,bd28111992a581b48c01cd201ce51545,2021-2022
29.0,Ka'imi Fairbairn (HOU),15.0,19.0,78.9,61.0,0.0,4.0,5.0,2.0,4.0,13.0,16.0,13.0,68.0,5.2,58.0,Ka'imi Fairbairn,houston_texans,K,2021,68.0,5.23,c256a8277a46add96f771cf9f37555bd,2021-2022
30.0,Brett Maher (FA),16.0,18.0,88.9,42.0,0.0,4.0,8.0,4.0,0.0,10.0,12.0,8.0,62.0,7.8,1.4,Brett Maher,free_agent,K,2021,62.0,7.75,1e6d1c609c47698dc6b4bc138be7e70d,2021-2022
31.0,Riley Patterson (MIA),13.0,14.0,92.9,49.0,0.0,3.0,6.0,4.0,0.0,16.0,16.0,7.0,59.0,8.4,8.6,Riley Patterson,miami_dolphins,K,2021,59.0,8.43,4ccecad039a7e6fe847d6679fea045ce,2021-2022
32.0,Matt Ammendola (FA),13.0,19.0,68.4,49.0,0.0,5.0,6.0,2.0,0.0,14.0,15.0,11.0,55.0,5.0,6.0,Matt Ammendola,free_agent,K,2021,55.0,5.0,f1ad476cc033118d66d3d1e470fb3cc6,2021-2022
33.0,Rodrigo Blankenship (FA),11.0,14.0,78.6,48.0,0.0,3.0,3.0,5.0,0.0,7.0,8.0,5.0,45.0,9.0,1.9,Rodrigo Blankenship,free_agent,K,2021,45.0,9.0,b2b710b3e68b41276de10216abfc6dc8,2021-2022
35.0,Brian Johnson (FA),10.0,10.0,100.0,52.0,0.0,5.0,3.0,1.0,1.0,9.0,13.0,8.0,42.0,5.3,7.0,Brian Johnson,free_agent,K,2021,42.0,5.25,0343a83e95f8b5cf3fcedd3d1f2f028c,2021-2022
34.0,Austin Seibert (FA),10.0,12.0,83.3,52.0,0.0,0.0,4.0,5.0,1.0,5.0,5.0,6.0,42.0,7.0,1.1,Austin Seibert,free_agent,K,2021,42.0,7.0,1b66f1b107c7d717a270ed08d6c96614,2021-2022
36.0,Eddy Pineiro (SF),8.0,8.0,100.0,51.0,0.0,2.0,2.0,3.0,1.0,9.0,10.0,5.0,38.0,7.6,32.9,Eddy Pineiro,san_francisco_49ers,K,2021,38.0,7.6,e04adf7d0fd59ec6fd062fde3e8b6fad,2021-2022
37.0,Tristan Vizcaino (FA),6.0,7.0,85.7,46.0,0.0,3.0,2.0,1.0,0.0,10.0,15.0,6.0,29.0,4.8,0.0,Tristan Vizcaino,free_agent,K,2021,29.0,4.83,b3e3daa3040e9d400aeb309915839bf9,2021-2022
38.0,Aldrick Rosas (FA),2.0,5.0,40.0,44.0,0.0,0.0,0.0,2.0,0.0,14.0,14.0,5.0,22.0,4.4,0.0,Aldrick Rosas,free_agent,K,2021,22.0,4.4,91946accefb519bb5e3b941734aa9c09,2021-2022
39.0,Lirim Hajrullahu (FA),4.0,5.0,80.0,35.0,0.0,2.0,2.0,0.0,0.0,8.0,8.0,4.0,20.0,5.0,1.3,Lirim Hajrullahu,free_agent,K,2021,20.0,5.0,018831e6aec7f3fbb88946c757d2f864,2021-2022
40.0,Ryan Santoso (FA),4.0,5.0,80.0,35.0,0.0,3.0,1.0,0.0,0.0,6.0,8.0,4.0,18.0,4.5,0.0,Ryan Santoso,free_agent,K,2021,18.0,4.5,f6ee2be98e175d047f74ff542e01ec90,2021-2022
41.0,Elliott Fry (FA),4.0,5.0,80.0,44.0,0.0,0.0,3.0,1.0,0.0,4.0,5.0,3.0,17.0,5.7,1.5,Elliott Fry,free_agent,K,2021,17.0,5.67,9572ee99271392b377dd0483edf8610e,2021-2022
42.0,Dominik Eberle (FA),2.0,3.0,66.7,51.0,0.0,1.0,0.0,0.0,1.0,5.0,5.0,1.0,13.0,13.0,4.3,Dominik Eberle,free_agent,K,2021,13.0,13.0,d2be0d239e8ceca9b25cb54d2159b4a4,2021-2022
43.0,Chris Blewitt (FA),2.0,5.0,40.0,52.0,0.0,0.0,0.0,1.0,1.0,2.0,2.0,2.0,11.0,5.5,3.5,Chris Blewitt,free_agent,K,2021,11.0,5.5,b5d66fee460d6d08632292d338c982ab,2021-2022
44.0,Josh Lambo (FA),0.0,3.0,0.0,0.0,0.0,0.0,0.0,0.0,0.0,5.0,7.0,3.0,5.0,1.7,0.6,Josh Lambo,free_agent,K,2021,5.0,1.67,c49bdb7402e92746698ed35eba156779,2021-2022
45.0,Chris Naggar (FA),1.0,1.0,100.0,37.0,0.0,0.0,1.0,0.0,0.0,1.0,2.0,1.0,4.0,4.0,5.8,Chris Naggar,free_agent,K,2021,4.0,4.0,78d438256885ccf6edd8ef41c5b25617,2021-2022
46.0,Cody Parkey (FA),0.0,0.0,0.0,0.0,0.0,0.0,0.0,0.0,0.0,3.0,5.0,1.0,3.0,3.0,1.4,Cody Parkey,free_agent,K,2021,3.0,3.0,87a9b41db38ba9ddd31986f6d14fbf2a,2021-2022
47.0,JJ Molson (FA),0.0,0.0,0.0,0.0,0.0,0.0,0.0,0.0,0.0,0.0,0.0,1.0,0.0,0.0,1.7,JJ Molson,free_agent,K,2021,0.0,0.0,189543609336162021c6de1d1191b502,2021-2022
48.0,Cameron Nizialek (FA),0.0,0.0,0.0,0.0,0.0,0.0,0.0,0.0,0.0,0.0,0.0,4.0,0.0,0.0,0.0,Cameron Nizialek,free_agent,K,2021,0.0,0.0,b5603399804eb1c80c275aee4fcc0a83,2021-2022
49.0,Alex Kessman (FA),0.0,0.0,0.0,0.0,0.0,0.0,0.0,0.0,0.0,0.0,2.0,1.0,0.0,0.0,16.4,Alex Kessman,free_agent,K,2021,0.0,0.0,9d0f1fa75b784a85af828bc983ac39ce,2021-2022
50.0,Ty Long (FA),0.0,0.0,0.0,0.0,0.0,0.0,0.0,0.0,0.0,0.0,0.0,15.0,0.0,0.0,1.1,Ty Long,free_agent,K,2021,0.0,0.0,978a0e98a293aa86c4a186dc4f643751,2021-2022
1.0,Jason Sanders (NYG),36.0,39.0,92.3,56.0,1.0,8.0,7.0,12.0,8.0,36.0,36.0,16.0,172.0,10.8,6.6,Jason Sanders,new_york_giants,K,2020,172.0,10.75,ecb5c94370b1e964cc3359cdc95ab791,2020-2021
2.0,Younghoe Koo (FA),37.0,39.0,94.9,54.0,0.0,10.0,11.0,8.0,8.0,33.0,36.0,15.0,168.0,11.2,3.6,Younghoe Koo,free_agent,K,2020,168.0,11.2,431aadba792cdf98299bb1b88da6c172,2020-2021
3.0,Tyler Bass (BUF),28.0,34.0,82.4,58.0,1.0,9.0,6.0,8.0,4.0,57.0,59.0,16.0,157.0,9.8,13.7,Tyler Bass,buffalo_bills,K,2020,157.0,9.81,88f1743321f6a6b606285539a73eade9,2020-2021
4.0,Daniel Carlson (LV),33.0,35.0,94.3,54.0,0.0,18.0,8.0,3.0,4.0,45.0,47.0,16.0,155.0,9.7,6.9,Daniel Carlson,las_vegas_raiders,K,2020,155.0,9.69,85b7b13e233d71a71f771b284d83332c,2020-2021
5.0,Greg Zuerlein (FA),34.0,41.0,82.9,59.0,1.0,5.0,13.0,12.0,3.0,33.0,36.0,16.0,153.0,9.6,1.4,Greg Zuerlein,free_agent,K,2020,153.0,9.56,1955e5386ec18ae60916ef7fa1485649,2020-2021
6.0,Rodrigo Blankenship (FA),32.0,37.0,86.5,53.0,0.0,10.0,12.0,9.0,1.0,43.0,45.0,16.0,150.0,9.4,1.9,Rodrigo Blankenship,free_agent,K,2020,150.0,9.38,b2b710b3e68b41276de10216abfc6dc8,2020-2021
7.0,Justin Tucker (FA),26.0,29.0,89.7,55.0,0.0,8.0,6.0,9.0,3.0,52.0,53.0,16.0,145.0,9.1,0.8,Justin Tucker,free_agent,K,2020,145.0,9.06,94e84dfd12167285a496d27d858f98fb,2020-2021
8.0,Ryan Succop (FA),28.0,31.0,90.3,50.0,1.0,10.0,9.0,7.0,1.0,52.0,57.0,16.0,145.0,9.1,1.0,Ryan Succop,free_agent,K,2020,145.0,9.06,bb30f464f105ca9310726e9dbfa7713c,2020-2021
9.0,Cairo Santos (CHI),30.0,32.0,93.8,55.0,0.0,9.0,10.0,9.0,2.0,36.0,37.0,16.0,139.0,8.7,26.0,Cairo Santos,chicago_bears,K,2020,139.0,8.69,b5fed1f066a2dcd03f16e11f6ceb6d57,2020-2021
10.0,Jason Myers (SEA),24.0,24.0,100.0,61.0,0.0,2.0,7.0,13.0,2.0,49.0,53.0,16.0,138.0,8.6,77.9,Jason Myers,seattle_seahawks,K,2020,138.0,8.62,5741016e52b58d0d13a65b5af0069534,2020-2021
11.0,Brandon McManus (GB),28.0,34.0,82.4,58.0,0.0,6.0,4.0,8.0,10.0,24.0,27.0,15.0,136.0,9.1,16.7,Brandon McManus,green_bay_packers,K,2020,136.0,9.07,46b7da0fc45129bc5d269c46c0451c7f,2020-2021
12.0,Wil Lutz (DEN),23.0,28.0,82.1,53.0,0.0,5.0,10.0,7.0,1.0,57.0,58.0,16.0,135.0,8.4,31.0,Wil Lutz,denver_broncos,K,2020,135.0,8.44,4e2d3c9822f5a67fcef8dd3fe1e1099d,2020-2021
13.0,Harrison Butker (KC),25.0,27.0,92.6,58.0,2.0,7.0,9.0,3.0,4.0,48.0,54.0,16.0,134.0,8.4,46.5,Harrison Butker,kansas_city_chiefs,K,2020,134.0,8.38,6e088e88caf9bc73a8f6a7ef195e8681,2020-2021
14.0,Graham Gano (FA),31.0,32.0,96.9,55.0,0.0,4.0,13.0,9.0,5.0,21.0,23.0,16.0,133.0,8.3,1.0,Graham Gano,free_agent,K,2020,133.0,8.31,07cd09367f788258c41b718c587ff286,2020-2021
15.0,Ka'imi Fairbairn (HOU),27.0,31.0,87.1,54.0,0.0,8.0,9.0,6.0,4.0,37.0,40.0,16.0,132.0,8.3,58.0,Ka'imi Fairbairn,houston_texans,K,2020,132.0,8.25,c256a8277a46add96f771cf9f37555bd,2020-2021
16.0,Joey Slye (TEN),29.0,36.0,80.6,56.0,0.0,11.0,10.0,7.0,1.0,33.0,36.0,16.0,129.0,8.1,5.2,Joey Slye,tennessee_titans,K,2020,129.0,8.06,f65cf51ab183237c52657984188fc47a,2020-2021
17.0,Dustin Hopkins (FA),27.0,34.0,79.4,51.0,0.0,5.0,7.0,13.0,2.0,30.0,32.0,16.0,128.0,8.0,0.7,Dustin Hopkins,free_agent,K,2020,128.0,8.0,9ec642328e5d80f8ac4953ef0bbf5354,2020-2021
18.0,Nick Folk (ATL),26.0,28.0,92.9,51.0,0.0,6.0,7.0,11.0,2.0,30.0,33.0,16.0,123.0,7.7,6.6,Nick Folk,atlanta_falcons,K,2020,123.0,7.69,322e5a1757e21d4c7d86be90d6b9c4af,2020-2021
20.0,Mason Crosby (FA),16.0,16.0,100.0,57.0,1.0,1.0,5.0,5.0,4.0,59.0,63.0,16.0,120.0,7.5,0.9,Mason Crosby,free_agent,K,2020,120.0,7.5,43caf6ab630759d8dc3769f9622a4c9b,2020-2021
19.0,Michael Badgley (FA),24.0,33.0,72.7,53.0,0.0,8.0,6.0,8.0,2.0,36.0,39.0,16.0,120.0,7.5,6.4,Michael Badgley,free_agent,K,2020,120.0,7.5,a2b3facb46c41621a0125388798d71bb,2020-2021
21.0,Stephen Gostkowski (FA),18.0,26.0,69.2,55.0,0.0,2.0,4.0,5.0,7.0,46.0,48.0,15.0,119.0,7.9,1.4,Stephen Gostkowski,free_agent,K,2020,119.0,7.93,7e98fed89b5acdc21e92498a3b50c85f,2020-2021
22.0,Matt Prater (FA),21.0,28.0,75.0,59.0,0.0,4.0,7.0,4.0,6.0,38.0,41.0,16.0,117.0,7.3,22.1,Matt Prater,free_agent,K,2020,117.0,7.31,547c9595674184ed1d7f629a013c98c3,2020-2021
23.0,Cody Parkey (FA),19.0,22.0,86.4,46.0,0.0,5.0,4.0,10.0,0.0,43.0,47.0,15.0,110.0,7.3,1.4,Cody Parkey,free_agent,K,2020,110.0,7.33,87a9b41db38ba9ddd31986f6d14fbf2a,2020-2021
24.0,Robbie Gould (FA),19.0,23.0,82.6,52.0,0.0,3.0,5.0,9.0,2.0,36.0,38.0,15.0,106.0,7.1,0.9,Robbie Gould,free_agent,K,2020,106.0,7.07,07e81ea254284e72dca86bb926982c8d,2020-2021
26.0,Chris Boswell (PIT),19.0,20.0,95.0,59.0,0.0,5.0,6.0,7.0,1.0,34.0,38.0,13.0,100.0,7.7,68.7,Chris Boswell,pittsburgh_steelers,K,2020,100.0,7.69,0977fec5de0efab112de0c2089ef7a30,2020-2021
25.0,Randy Bullock (FA),21.0,26.0,80.8,55.0,0.0,3.0,8.0,7.0,3.0,24.0,25.0,12.0,100.0,8.3,1.0,Randy Bullock,free_agent,K,2020,100.0,8.33,ba86bd5d6668bcbec9fa885d1316bdd2,2020-2021
27.0,Zane Gonzalez (MIA),16.0,22.0,72.7,56.0,0.0,4.0,2.0,8.0,2.0,38.0,39.0,12.0,98.0,8.2,3.1,Zane Gonzalez,miami_dolphins,K,2020,98.0,8.17,bdb4595b9992a2d91e764448286180fe,2020-2021
28.0,Dan Bailey (FA),15.0,22.0,68.2,53.0,0.0,6.0,3.0,4.0,2.0,37.0,43.0,16.0,90.0,5.6,24.1,Dan Bailey,free_agent,K,2020,90.0,5.62,9342043f8589d9fa4a9368242d2e9a96,2020-2021
29.0,Jake Elliott (PHI),14.0,19.0,73.7,54.0,0.0,1.0,6.0,5.0,2.0,24.0,26.0,16.0,75.0,4.7,44.7,Jake Elliott,philadelphia_eagles,K,2020,75.0,4.69,2989302d397b7a68e7fb36a3191fac80,2020-2021
30.0,Matt Gay (LV),14.0,16.0,87.5,51.0,0.0,2.0,5.0,6.0,1.0,16.0,16.0,7.0,66.0,9.4,8.9,Matt Gay,las_vegas_raiders,K,2020,66.0,9.43,858c9654e8ddbd76e9cc965dc20c0c3a,2020-2021
31.0,Sam Sloman (FA),10.0,13.0,76.9,47.0,0.0,2.0,6.0,2.0,0.0,23.0,26.0,8.0,55.0,6.9,3.5,Sam Sloman,free_agent,K,2020,55.0,6.88,dbed0271c2729ad0d0a177983b27817c,2020-2021
32.0,Sam Ficken (FA),13.0,15.0,86.7,54.0,0.0,5.0,6.0,1.0,1.0,12.0,15.0,9.0,54.0,6.0,1.0,Sam Ficken,free_agent,K,2020,54.0,6.0,91fe5f4edc816bfaf840d56af56bdb05,2020-2021
33.0,Aldrick Rosas (FA),8.0,11.0,72.7,54.0,0.0,3.0,2.0,0.0,3.0,9.0,9.0,6.0,39.0,6.5,0.0,Aldrick Rosas,free_agent,K,2020,39.0,6.5,91946accefb519bb5e3b941734aa9c09,2020-2021
34.0,Sergio Castillo (FA),8.0,13.0,61.5,55.0,0.0,1.0,3.0,2.0,2.0,6.0,7.0,6.0,36.0,6.0,6.0,Sergio Castillo,free_agent,K,2020,36.0,6.0,3cd4c530f77b5a17fb101b263587c976,2020-2021
35.0,Mike Nugent (FA),7.0,8.0,87.5,43.0,0.0,1.0,4.0,2.0,0.0,7.0,7.0,4.0,30.0,7.5,1.4,Mike Nugent,free_agent,K,2020,30.0,7.5,b84e172f2bc73be4cbe5b31d485868ac,2020-2021
36.0,Josh Lambo (FA),5.0,5.0,100.0,59.0,0.0,0.0,2.0,1.0,2.0,8.0,10.0,4.0,28.0,7.0,0.6,Josh Lambo,free_agent,K,2020,28.0,7.0,c49bdb7402e92746698ed35eba156779,2020-2021
37.0,Austin Seibert (FA),6.0,9.0,66.7,48.0,0.0,0.0,5.0,1.0,0.0,8.0,9.0,5.0,27.0,5.4,1.1,Austin Seibert,free_agent,K,2020,27.0,5.4,1b66f1b107c7d717a270ed08d6c96614,2020-2021
38.0,Matthew Wright (FA),4.0,4.0,100.0,46.0,0.0,1.0,1.0,2.0,0.0,7.0,7.0,3.0,21.0,7.0,0.9,Matthew Wright,free_agent,K,2020,21.0,7.0,bd28111992a581b48c01cd201ce51545,2020-2021
39.0,Chase McLaughlin (TB),4.0,5.0,80.0,52.0,0.0,1.0,1.0,1.0,1.0,5.0,6.0,4.0,20.0,5.0,62.4,Chase McLaughlin,tampa_bay_buccaneers,K,2020,20.0,5.0,a042dc9a59f9da813afec02ae40cfe6c,2020-2021
40.0,Tristan Vizcaino (FA),3.0,3.0,100.0,47.0,0.0,0.0,2.0,1.0,0.0,2.0,2.0,1.0,12.0,12.0,0.0,Tristan Vizcaino,free_agent,K,2020,12.0,12.0,b3e3daa3040e9d400aeb309915839bf9,2020-2021
41.0,Kai Forbath (FA),2.0,3.0,66.7,23.0,0.0,2.0,0.0,0.0,0.0,4.0,5.0,2.0,10.0,5.0,2.0,Kai Forbath,free_agent,K,2020,10.0,5.0,87fa868d10329243bb6e3604ce39b019,2020-2021
42.0,Elliott Fry (FA),1.0,1.0,100.0,23.0,0.0,1.0,0.0,0.0,0.0,1.0,2.0,1.0,4.0,4.0,1.5,Elliott Fry,free_agent,K,2020,4.0,4.0,9572ee99271392b377dd0483edf8610e,2020-2021
43.0,Jonathan Brown (FA),1.0,2.0,50.0,31.0,0.0,0.0,1.0,0.0,0.0,1.0,1.0,1.0,4.0,4.0,0.0,Jonathan Brown,free_agent,K,2020,4.0,4.0,bd4243a0a6c20a380db4e70d95003eb3,2020-2021
44.0,Stephen Hauschka (FA),0.0,2.0,0.0,0.0,0.0,0.0,0.0,0.0,0.0,2.0,2.0,1.0,2.0,2.0,7.8,Stephen Hauschka,free_agent,K,2020,2.0,2.0,a761ca1a47084026f8f2cef9a52c217d,2020-2021
45.0,Brandon Wright (FA),0.0,0.0,0.0,0.0,0.0,0.0,0.0,0.0,0.0,1.0,2.0,1.0,1.0,1.0,0.0,Brandon Wright,free_agent,K,2020,1.0,1.0,f753a463672e9e8880717fcd1f8c3e57,2020-2021
46.0,Taylor Russolino (FA),0.0,1.0,0.0,0.0,0.0,0.0,0.0,0.0,0.0,1.0,3.0,1.0,1.0,1.0,7.8,Taylor Russolino,free_agent,K,2020,1.0,1.0,ccfcd95754674223725afc5487996b28,2020-2021
47.0,Ty Long (FA),0.0,0.0,0.0,0.0,0.0,0.0,0.0,0.0,0.0,0.0,0.0,16.0,-2.8,-0.2,1.1,Ty Long,free_agent,K,2020,-2.8,-0.18,978a0e98a293aa86c4a186dc4f643751,2020-2021
